block_name,observation_seed,condition,geometry_skew_bin,gate_feature,gate_value,gate_threshold,gate_open,chooser_prediction,chooser_confidence,chosen_candidate,chosen_alpha_error,best_single_candidate,best_single_alpha_error,oracle4_alpha_error,baseline_support_alpha_error,baseline_joint_alpha_error,dense_support_alpha_error,dense_joint_alpha_error,baseline_support_score,baseline_joint_score,dense_support_score,dense_joint_score,baseline_support_entropy,baseline_joint_entropy,dense_support_entropy,dense_joint_entropy
calibration_block_1,20260410,sparse_full_noisy,high_skew,d_joint_entropy,0.5924916924959666,0.3655148794219478,1,baseline_support,0.8933511608663115,baseline_support,0.27690627975286153,baseline_support,0.27690627975286153,0.27690627975286153,0.27690627975286153,0.27690627975286153,0.27690627975286153,0.27690627975286153,0.00104521978382121,0.0010427620262731655,0.00104521978382121,0.0010427620262731655,0.5941292311228168,0.5924916924959666,0.5941292311228168,0.5924916924959666
calibration_block_1,20260410,sparse_full_noisy,low_skew,d_joint_entropy,0.42816640567931347,0.3655148794219478,1,dense_support,0.7372488496786463,dense_support,0.049633774218595494,dense_support,0.049633774218595494,0.049633774218595494,0.05622538398881738,0.05622538398881738,0.049633774218595494,0.05622538398881738,0.0013893439720615108,0.0013847044378524772,0.0013887588176494385,0.0013847044378524772,0.4317266354829334,0.42816640567931347,0.4239416617646858,0.42816640567931347
calibration_block_1,20260410,sparse_full_noisy,mid_skew,d_joint_entropy,0.5443844058264175,0.3655148794219478,1,dense_support,0.8515643332462264,dense_support,0.028725471693911375,dense_support,0.028725471693911375,0.028725471693911375,0.3813729332325503,0.051211358813851415,0.028725471693911375,0.028725471693911375,0.0012889229645328512,0.0013011768198963407,0.0012702499957611755,0.0012669301624900714,0.5173822353807245,0.5499721980965095,0.5396052545803852,0.5443844058264175
calibration_block_1,20260410,sparse_partial_high_noise,high_skew,d_joint_entropy,0.6708243041283203,0.3655148794219478,1,dense_support,0.8693383016566504,dense_support,0.06985799786448665,dense_support,0.06985799786448665,0.06985799786448665,0.07723421370448635,0.3710724499409226,0.06985799786448665,0.37084998722199536,0.0020773879759779517,0.002097297754166235,0.0020752837117418202,0.0021225721104805675,0.7124877938424018,0.6812410568998768,0.7017217231854593,0.6708243041283203
calibration_block_1,20260410,sparse_partial_high_noise,low_skew,d_joint_entropy,0.6605326544996403,0.3655148794219478,1,baseline_joint,0.9178121014716848,baseline_joint,0.12495044851870452,baseline_joint,0.12495044851870452,0.12495044851870452,0.20453265873312065,0.12495044851870452,0.30262149901030144,0.29526569140511716,0.0032417933562216765,0.003105069475836833,0.003069454327521772,0.0029981466351928763,0.5418036348984495,0.6096643537094937,0.6303045083428335,0.6605326544996403
calibration_block_1,20260410,sparse_partial_high_noise,mid_skew,d_joint_entropy,0.6604743881825822,0.3655148794219478,1,baseline_support,0.83264563337779,baseline_support,0.04241115023977127,baseline_support,0.04241115023977127,0.04241115023977127,0.04241115023977127,0.05470941923789163,0.04241115023977127,0.045152617033844766,0.0022823386092488975,0.0022852953124401078,0.0022823386092488975,0.0022812188892663136,0.6586006480561019,0.6532321372587001,0.6586006480561019,0.6604743881825822
calibration_block_1,20260411,sparse_full_noisy,high_skew,d_joint_entropy,0.4855327092631537,0.3655148794219478,1,dense_joint,0.8385785821230155,dense_joint,0.001644577335497166,dense_joint,0.001644577335497166,0.001644577335497166,0.01007926665110026,0.004053517231514592,0.01007926665110026,0.001644577335497166,0.0012017597494282698,0.0012074299262706248,0.0012017597494282698,0.0012055163101619569,0.48841061092643095,0.48947176732858505,0.48841061092643095,0.4855327092631537
calibration_block_1,20260411,sparse_full_noisy,low_skew,d_joint_entropy,0.4812164723715822,0.3655148794219478,1,dense_support,0.9104194111785752,dense_support,0.04197393780195058,dense_support,0.04197393780195058,0.04197393780195058,0.24456948056532868,0.2452345423855815,0.04197393780195058,0.25328689067188914,0.0014775521106648007,0.0014683436801128805,0.0014753954580929895,0.0014849032309682429,0.4908827087193141,0.4942145893790624,0.49317663798565203,0.4812164723715822
calibration_block_1,20260411,sparse_full_noisy,mid_skew,d_joint_entropy,0.36107283726560335,0.3655148794219478,0,baseline_support,0.8755023852380299,dense_support,0.008408824258408387,baseline_support,0.008408824258408387,0.008408824258408387,0.008408824258408387,0.008408824258408387,0.008408824258408387,0.008408824258408387,0.0015448517123294037,0.0015426583274018484,0.0015448517123294037,0.0015426583274018484,0.3599190645607079,0.36107283726560335,0.3599190645607079,0.36107283726560335
calibration_block_1,20260411,sparse_partial_high_noise,high_skew,d_joint_entropy,0.5411513292180866,0.3655148794219478,1,dense_joint,0.927082893810262,dense_joint,0.025292954622323727,dense_joint,0.025292954622323727,0.025292954622323727,0.4991380713624394,0.4991380713624394,0.4991380713624394,0.025292954622323727,0.003042886321285675,0.0030408581118135376,0.003042886321285675,0.0030325219897140033,0.5461193840951627,0.5461418397631822,0.5461193840951627,0.5411513292180866
calibration_block_1,20260411,sparse_partial_high_noise,low_skew,d_joint_entropy,0.9059667507300115,0.3655148794219478,1,dense_support,0.9527293721894173,dense_support,0.13998011426834123,dense_support,0.13998011426834123,0.13998011426834123,0.19169325281327798,0.19845531204933475,0.13998011426834123,0.22122084797544883,0.001198573671097527,0.0012088798238905376,0.001202006637129409,0.0012536108814554083,0.955830186191619,0.9509908849022626,0.984096473432135,0.9059667507300115
calibration_block_1,20260411,sparse_partial_high_noise,mid_skew,d_joint_entropy,0.6058201302601229,0.3655148794219478,1,dense_support,0.9249569141435816,dense_support,0.0006896307899693088,dense_support,0.0006896307899693088,0.0006896307899693088,0.41589311144431806,0.41589311144431806,0.0006896307899693088,0.41589311144431806,0.0029564522439069862,0.002946345111499668,0.002947709809042351,0.002946345111499668,0.6053262423628742,0.6058201302601229,0.61136372616582,0.6058201302601229
calibration_block_1,20260412,sparse_full_noisy,high_skew,d_joint_entropy,0.46961216495412555,0.3655148794219478,1,dense_joint,0.8865976397717727,dense_joint,0.236264744028443,dense_joint,0.236264744028443,0.236264744028443,0.24658897492302412,0.25068211945811814,0.24658897492302412,0.236264744028443,0.0014892077203367137,0.0015061613520967849,0.0014892077203367137,0.0015008953355545526,0.46044414584465226,0.4573746045073748,0.46044414584465226,0.46961216495412555
calibration_block_1,20260412,sparse_full_noisy,low_skew,d_joint_entropy,0.7303818199442289,0.3655148794219478,1,baseline_joint,0.8870514045280098,baseline_joint,0.01869414667889835,baseline_joint,0.01869414667889835,0.01869414667889835,0.19913030969533774,0.01869414667889835,0.022353726874714486,0.023850432895514695,0.0010947563624496082,0.001087421387066993,0.0010916315427437172,0.001092355889462319,0.7140710213725758,0.7228594609242436,0.7278320525967813,0.7303818199442289
calibration_block_1,20260412,sparse_full_noisy,mid_skew,d_joint_entropy,0.3914560642246293,0.3655148794219478,1,baseline_support,0.9323288299962993,baseline_support,0.0054216697521662915,baseline_support,0.0054216697521662915,0.0054216697521662915,0.0054216697521662915,0.367564760643622,0.0054216697521662915,0.367564760643622,0.0013215689509239483,0.0013215818194776527,0.0013215689509239483,0.0013215818194776527,0.393955301605507,0.3914560642246293,0.393955301605507,0.3914560642246293
calibration_block_1,20260412,sparse_partial_high_noise,high_skew,d_joint_entropy,0.5375235494426863,0.3655148794219478,1,baseline_joint,0.9587122830637997,baseline_joint,0.031025485336128034,baseline_joint,0.031025485336128034,0.031025485336128034,0.5142862590264772,0.031025485336128034,0.5142862590264772,0.031025485336128034,0.003262216416391704,0.003254799991229099,0.003262216416391704,0.003254799991229099,0.5393643317857496,0.5375235494426863,0.5393643317857496,0.5375235494426863
calibration_block_1,20260412,sparse_partial_high_noise,low_skew,d_joint_entropy,0.8505747076680524,0.3655148794219478,1,dense_support,0.9174891566676573,dense_support,0.07473268152880874,dense_support,0.07473268152880874,0.07473268152880874,0.07854908015969819,0.09899484881282428,0.07473268152880874,0.09899484881282428,0.0018531862614304152,0.0017960392846488361,0.0018405753230194574,0.0017960392846488361,0.8097168372797782,0.8505747076680524,0.7966328387666676,0.8505747076680524
calibration_block_1,20260412,sparse_partial_high_noise,mid_skew,d_joint_entropy,0.764078703700147,0.3655148794219478,1,baseline_support,0.9811985390600876,baseline_support,0.11963106130610512,baseline_support,0.11963106130610512,0.11963106130610512,0.11963106130610512,0.15277382978390674,0.1698142507512821,0.15277382978390674,0.0019846180541631805,0.0017161843481984544,0.0017749195731080756,0.0017161843481984544,0.7299036301857025,0.764078703700147,0.7759948892751144,0.764078703700147
calibration_block_2,20260416,sparse_full_noisy,high_skew,d_joint_entropy,0.47570852485647663,0.3655148794219478,1,dense_joint,0.8841424045128856,dense_joint,0.45099049538620584,dense_joint,0.45099049538620584,0.45099049538620584,0.45889185946788213,0.4801703652888918,0.4520492314399043,0.45099049538620584,0.001816514758326764,0.0018286248170411756,0.0018061793877380311,0.001807113386815239,0.45394379438262533,0.4581179148273589,0.4758502066509949,0.47570852485647663
calibration_block_2,20260416,sparse_full_noisy,low_skew,d_joint_entropy,0.4117797759935478,0.3655148794219478,1,baseline_support,0.8929622641701274,baseline_support,0.0014457648493662045,baseline_support,0.0014457648493662045,0.0014457648493662045,0.0014457648493662045,0.0014457648493662045,0.0014457648493662045,0.3305689847348686,0.001521317322858666,0.0015314801160338696,0.001521317322858666,0.0015248416572920915,0.41068895223867924,0.405563874469213,0.41068895223867924,0.4117797759935478
calibration_block_2,20260416,sparse_full_noisy,mid_skew,d_joint_entropy,0.5275613026476992,0.3655148794219478,1,baseline_joint,0.8878986181917758,baseline_joint,0.000866427138536352,baseline_joint,0.000866427138536352,0.000866427138536352,0.005730067660626559,0.000866427138536352,0.005730067660626559,0.000866427138536352,0.0012214156798226296,0.0012244524875956284,0.0012214156798226296,0.0012244524875956284,0.5377545787607925,0.5275613026476992,0.5377545787607925,0.5275613026476992
calibration_block_2,20260416,sparse_partial_high_noise,high_skew,d_joint_entropy,0.5637828691578514,0.3655148794219478,1,baseline_support,0.9903956110018008,baseline_support,0.13314803091775618,baseline_support,0.13314803091775618,0.13314803091775618,0.13314803091775618,0.13314803091775618,0.13314803091775618,0.13314803091775618,0.003047425893099807,0.0029474720408327712,0.003047425893099807,0.0029474720408327712,0.5535839110475959,0.5637828691578514,0.5535839110475959,0.5637828691578514
calibration_block_2,20260416,sparse_partial_high_noise,low_skew,d_joint_entropy,0.5931362585267542,0.3655148794219478,1,baseline_support,0.9900834937618247,baseline_support,0.46757657140341735,baseline_support,0.46757657140341735,0.46757657140341735,0.46757657140341735,0.46757657140341735,0.46757657140341735,0.46757657140341735,0.0028623831832457662,0.0028543965491883436,0.0028623831832457662,0.0028543965491883436,0.5944443544234972,0.5931362585267542,0.5944443544234972,0.5931362585267542
calibration_block_2,20260416,sparse_partial_high_noise,mid_skew,d_joint_entropy,0.532784075199638,0.3655148794219478,1,baseline_support,0.9578284959812604,baseline_support,0.4700975996319998,baseline_support,0.4700975996319998,0.4700975996319998,0.4700975996319998,0.4700975996319998,0.4700975996319998,0.4700975996319998,0.003559372571808891,0.0035314192767173735,0.003559372571808891,0.0035314192767173735,0.5241415273351828,0.532784075199638,0.5241415273351828,0.532784075199638
calibration_block_2,20260417,sparse_full_noisy,high_skew,d_joint_entropy,0.41610180911922107,0.3655148794219478,1,baseline_joint,0.9043041820873702,baseline_joint,0.0012470573020227915,baseline_joint,0.0012470573020227915,0.0012470573020227915,0.37255403175939406,0.0012470573020227915,0.37255403175939406,0.01143646874848947,0.0013440753317309397,0.0013489468515542687,0.0013440753317309397,0.0013380155747616158,0.4126631561526528,0.4116823490239791,0.4126631561526528,0.41610180911922107
calibration_block_2,20260417,sparse_full_noisy,low_skew,d_joint_entropy,0.565274920912164,0.3655148794219478,1,baseline_joint,0.8583331610139765,baseline_joint,0.020192951581445406,baseline_joint,0.020192951581445406,0.020192951581445406,0.263605063360591,0.020192951581445406,0.024832774862713958,0.04568937644424986,0.0010408562282393375,0.0010572997075598994,0.0010391264561339893,0.001037190025794201,0.5748437724286849,0.5805191141324211,0.5748932185911214,0.565274920912164
calibration_block_2,20260417,sparse_full_noisy,mid_skew,d_joint_entropy,0.473723566474131,0.3655148794219478,1,dense_support,0.8099334300723164,dense_support,0.4837887839875704,dense_support,0.4837887839875704,0.4837887839875704,0.4902520631899553,0.4902520631899553,0.4837887839875704,0.4837887839875704,0.0016880883026253995,0.0016830507301797237,0.0016836757852432623,0.001681337486434865,0.4748841421523521,0.4747991126065434,0.47401103049558924,0.473723566474131
calibration_block_2,20260417,sparse_partial_high_noise,high_skew,d_joint_entropy,0.6406342803702219,0.3655148794219478,1,baseline_support,0.8816973347903676,baseline_support,0.03005806103110642,baseline_support,0.03005806103110642,0.03005806103110642,0.03005806103110642,0.03005806103110642,0.03005806103110642,0.03031699924792708,0.0030787777890604173,0.0030763466148051553,0.0030787777890604173,0.0030761967089498765,0.6409285456769943,0.6408577247395963,0.6409285456769943,0.6406342803702219
calibration_block_2,20260417,sparse_partial_high_noise,low_skew,d_joint_entropy,0.6434889561809553,0.3655148794219478,1,baseline_support,0.9610784113633782,baseline_support,0.03655415650082772,baseline_support,0.03655415650082772,0.03655415650082772,0.03655415650082772,0.03655415650082772,0.36080292184451435,0.36080292184451435,0.003246802883898459,0.0032459559774834384,0.0032443855732405087,0.003242175618901875,0.6508554069409076,0.651017073381198,0.6413262195116621,0.6434889561809553
calibration_block_2,20260417,sparse_partial_high_noise,mid_skew,d_joint_entropy,0.6012073760783276,0.3655148794219478,1,dense_support,0.9110536507014654,dense_support,0.004076418661018044,dense_support,0.004076418661018044,0.004076418661018044,0.010188471111460373,0.010188471111460373,0.004076418661018044,0.010188471111460373,0.0031359651514445636,0.003126541813705191,0.0031323118588542694,0.003126541813705191,0.6011833072689069,0.6012073760783276,0.6012001667298185,0.6012073760783276
calibration_block_2,20260418,sparse_full_noisy,high_skew,d_joint_entropy,0.3669955601407293,0.3655148794219478,1,dense_joint,0.910058654241235,dense_joint,0.0038364765578349225,dense_joint,0.0038364765578349225,0.0038364765578349225,0.006386564537602113,0.006386564537602113,0.4143603186740259,0.0038364765578349225,0.0016462003909126952,0.0016491849018868726,0.0016413296897253116,0.00164232976168727,0.36637450431196283,0.358019959455734,0.37073304816450314,0.3669955601407293
calibration_block_2,20260418,sparse_full_noisy,low_skew,d_joint_entropy,0.5315140576916825,0.3655148794219478,1,baseline_support,0.9204958605446776,baseline_support,0.004930678878205197,baseline_support,0.004930678878205197,0.004930678878205197,0.004930678878205197,0.004930678878205197,0.004930678878205197,0.0067062019886080515,0.0012934585430620263,0.001293488337707626,0.0012934585430620263,0.0012914858488563292,0.534098331766538,0.5339673175133945,0.534098331766538,0.5315140576916825
calibration_block_2,20260418,sparse_full_noisy,mid_skew,d_joint_entropy,0.3288745378818806,0.3655148794219478,0,baseline_support,0.9483797882742699,dense_support,0.02305565049700742,baseline_support,0.02305565049700742,0.02305565049700742,0.02305565049700742,0.029122012115189166,0.02305565049700742,0.029122012115189166,0.0016336430320544458,0.0016313997961186957,0.0016336430320544458,0.0016313997961186957,0.3233431635420281,0.3288745378818806,0.3233431635420281,0.3288745378818806
calibration_block_2,20260418,sparse_partial_high_noise,high_skew,d_joint_entropy,0.6358450956212597,0.3655148794219478,1,dense_support,0.9790810367979842,dense_support,0.003350359281602655,dense_support,0.003350359281602655,0.003350359281602655,0.006282753131888086,0.013559044826213063,0.003350359281602655,0.013559044826213063,0.002311089909096884,0.002231416896116099,0.002236288938740208,0.002231416896116099,0.6375822583818251,0.6358450956212597,0.6422791929846446,0.6358450956212597
calibration_block_2,20260418,sparse_partial_high_noise,low_skew,d_joint_entropy,0.9684323900271348,0.3655148794219478,1,dense_joint,0.8715366072474425,dense_joint,0.13124819957315959,dense_joint,0.13124819957315959,0.13124819957315959,0.16558134843130023,0.13919322461180483,0.16558134843130023,0.13124819957315959,0.001461022291039101,0.00152521911302908,0.001461022291039101,0.0015069338066087926,0.9980977244298793,0.9591157747348679,0.9980977244298793,0.9684323900271348
calibration_block_2,20260418,sparse_partial_high_noise,mid_skew,d_joint_entropy,0.8443742909202657,0.3655148794219478,1,baseline_support,0.9182584444476561,baseline_support,0.18355634481240124,baseline_support,0.18355634481240124,0.18355634481240124,0.18355634481240124,0.18355634481240124,0.18355634481240124,0.18355634481240124,0.0015278581488173452,0.001488387734772716,0.0015278581488173452,0.001488387734772716,0.845716940161537,0.8443742909202657,0.845716940161537,0.8443742909202657
holdout_block_1,20260422,sparse_full_noisy,high_skew,d_joint_entropy,0.5050995415805009,0.3655148794219478,1,baseline_support,0.6471379477408217,baseline_support,0.003879222121462522,baseline_support,0.003879222121462522,0.003879222121462522,0.003879222121462522,0.012925390578602314,0.2451866304095952,0.019629112511428515,0.0017196105302720996,0.0016602045337733554,0.0016239973627648295,0.0016439694522157947,0.5116547897934027,0.4937829917290289,0.5046240973136198,0.5050995415805009
holdout_block_1,20260422,sparse_full_noisy,low_skew,d_joint_entropy,0.5111912998855218,0.3655148794219478,1,baseline_support,0.9677980155403672,baseline_support,0.0055815478265739404,baseline_support,0.0055815478265739404,0.0055815478265739404,0.0055815478265739404,0.005645394857233588,0.2969273609989276,0.2969273609989276,0.0013933826057144622,0.0014058182221699483,0.0013865722209036556,0.0014000399831343442,0.45713009637654933,0.447448470699764,0.47959497344638335,0.5111912998855218
holdout_block_1,20260422,sparse_full_noisy,mid_skew,d_joint_entropy,0.4479983412031249,0.3655148794219478,1,dense_joint,0.7269322127351424,dense_joint,0.0021327990626951454,baseline_support,0.0021327990626951454,0.0021327990626951454,0.0021327990626951454,0.0021327990626951454,0.0021327990626951454,0.0021327990626951454,0.001485584401908902,0.0014874111323425138,0.001485584401908902,0.0014874111323425138,0.4481957627129301,0.4479983412031249,0.4481957627129301,0.4479983412031249
holdout_block_1,20260422,sparse_partial_high_noise,high_skew,d_joint_entropy,0.7128249160309569,0.3655148794219478,1,baseline_support,0.9711488330792217,baseline_support,0.05974827917879466,baseline_joint,0.05974827917879455,0.05974827917879455,0.05974827917879466,0.05974827917879455,0.05974827917879466,0.05974827917879455,0.0031468220979139344,0.003141731706535876,0.0031468220979139344,0.003141731706535876,0.7187909921869565,0.7128249160309569,0.7187909921869565,0.7128249160309569
holdout_block_1,20260422,sparse_partial_high_noise,low_skew,d_joint_entropy,0.9984714056615489,0.3655148794219478,1,dense_support,0.6703146574886568,dense_support,0.11842952887913716,dense_support,0.11842952887913716,0.11842952887913716,0.12751937128983892,0.12751937128983892,0.11842952887913716,0.12751937128983892,0.0019081200295171334,0.001837777903551939,0.0018389475570995937,0.001837777903551939,0.9938165046199868,0.9984714056615489,0.9994115342709093,0.9984714056615489
holdout_block_1,20260422,sparse_partial_high_noise,mid_skew,d_joint_entropy,0.8829757820170738,0.3655148794219478,1,baseline_joint,0.6653540967012528,baseline_joint,0.2584718393514386,dense_joint,0.12627916594604538,0.12627916594604538,0.1517071478888521,0.2584718393514386,0.1496124992793788,0.12627916594604538,0.0019606785123795134,0.0019771770271227087,0.0019474084469523415,0.0019642074178298228,0.913958150243313,0.9051449714709447,0.9075525588773561,0.8829757820170738
holdout_block_1,20260423,sparse_full_noisy,high_skew,d_joint_entropy,0.4104124284573656,0.3655148794219478,1,baseline_support,0.7505249519957409,baseline_support,0.014007575657413174,baseline_support,0.014007575657413174,0.014007575657413174,0.014007575657413174,0.014007575657413174,0.014007575657413174,0.014007575657413174,0.0012591670945586318,0.0012596044791303154,0.0012591670945586318,0.0012596044791303154,0.41060005391342597,0.4104124284573656,0.41060005391342597,0.4104124284573656
holdout_block_1,20260423,sparse_full_noisy,low_skew,d_joint_entropy,0.4004149842617003,0.3655148794219478,1,baseline_support,0.9527682120888139,baseline_support,0.2968823426728463,baseline_support,0.2968823426728463,0.2968823426728463,0.2968823426728463,0.2968823426728463,0.2968823426728463,0.2968823426728463,0.001546874956536344,0.0015474178825247607,0.001546874956536344,0.0015474178825247607,0.4002038428259799,0.4004149842617003,0.4002038428259799,0.4004149842617003
holdout_block_1,20260423,sparse_full_noisy,mid_skew,d_joint_entropy,0.28947121493053335,0.3655148794219478,0,baseline_joint,0.5263819076847726,dense_support,0.009805876273998537,dense_support,0.009805876273998537,0.009805876273998537,0.49577814680764976,0.01090549457810408,0.009805876273998537,0.009805876273998537,0.001879586800063962,0.001869239542250017,0.001866553700114808,0.0018655381466933809,0.24175988798714607,0.2946366659294218,0.28955222202768593,0.28947121493053335
holdout_block_1,20260423,sparse_partial_high_noise,high_skew,d_joint_entropy,0.8480613345430943,0.3655148794219478,1,baseline_joint,0.5326460386888132,baseline_joint,0.2603970856305743,baseline_support,0.23706375229724097,0.23706375229724097,0.23706375229724097,0.2603970856305743,0.2622917679339082,0.2603970856305743,0.0016704510397709026,0.0015892268821290655,0.0016523645149939684,0.0015892268821290655,0.853576582947823,0.8480613345430943,0.8552164908579104,0.8480613345430943
holdout_block_1,20260423,sparse_partial_high_noise,low_skew,d_joint_entropy,0.6071540797193008,0.3655148794219478,1,dense_support,0.8768097049154715,dense_support,0.025612991192175194,dense_support,0.025612991192175194,0.025612991192175194,0.04651278127371605,0.03674677646962077,0.025612991192175194,0.04029618294097803,0.0023103069069127886,0.002293775833464537,0.0022987967022795705,0.0022918473114509645,0.6127508830047975,0.6060901628758711,0.6017184110803847,0.6071540797193008
holdout_block_1,20260423,sparse_partial_high_noise,mid_skew,d_joint_entropy,0.7787056345855923,0.3655148794219478,1,baseline_support,0.6847586251019506,baseline_support,0.13977185618987997,baseline_joint,0.10256360004383591,0.10256360004383591,0.13977185618987997,0.10256360004383591,0.13769041286537376,0.1475499821432522,0.002022194209989553,0.0021030604786681497,0.0020204543069492252,0.0020244543170006898,0.7604336724492722,0.7024984594225354,0.7570409792136655,0.7787056345855923
holdout_block_1,20260424,sparse_full_noisy,high_skew,d_joint_entropy,0.7309564867220854,0.3655148794219478,1,dense_support,0.3659076121457171,dense_support,0.18340117145496804,baseline_joint,0.057434484169583966,0.057434484169583966,0.06827013742092092,0.057434484169583966,0.18340117145496804,0.18340117145496804,0.0010624983609216834,0.0010725505622324223,0.0010550590904793134,0.0010780929924516893,0.7790873844585889,0.7832215123498731,0.7968952847440468,0.7309564867220854
holdout_block_1,20260424,sparse_full_noisy,low_skew,d_joint_entropy,0.3609570417438606,0.3655148794219478,0,baseline_joint,0.48862227927554436,dense_support,0.031170033110546225,baseline_support,0.031170033110546225,0.031170033110546225,0.031170033110546225,0.40440143162796793,0.031170033110546225,0.3913846887475224,0.001540810763333391,0.001530025634650801,0.001540810763333391,0.0015230004981398476,0.3651956269848376,0.3512265025684872,0.3651956269848376,0.3609570417438606
holdout_block_1,20260424,sparse_full_noisy,mid_skew,d_joint_entropy,0.4782387054483369,0.3655148794219478,1,dense_support,0.842727136409866,dense_support,0.015476940232292513,dense_joint,0.006626018323995675,0.006626018323995675,0.010175424795352939,0.01715149729249199,0.015476940232292513,0.006626018323995675,0.0012255092249825671,0.0012140069707417855,0.0012135942562724372,0.0012185321686257685,0.47846899508096813,0.47514324240727995,0.4739861278019173,0.4782387054483369
holdout_block_1,20260424,sparse_partial_high_noise,high_skew,d_joint_entropy,0.5065256447537151,0.3655148794219478,1,dense_support,0.984230224667153,dense_support,0.042461250841424825,baseline_joint,0.04130531860446385,0.04130531860446385,0.5296437287332176,0.04130531860446385,0.042461250841424825,0.04130531860446385,0.002759641848055194,0.002751431022113636,0.0027547604636892075,0.002751431022113636,0.5089343208953893,0.5065256447537151,0.506640266107278,0.5065256447537151
holdout_block_1,20260424,sparse_partial_high_noise,low_skew,d_joint_entropy,0.6588504653847196,0.3655148794219478,1,baseline_joint,0.5747050821490987,baseline_joint,0.40321971498579456,baseline_support,0.05211200527404014,0.05211200527404014,0.05211200527404014,0.40321971498579456,0.05211200527404014,0.40321971498579456,0.0024574413500937746,0.002474974355807142,0.0024574413500937746,0.002474974355807142,0.6703836395472448,0.6588504653847196,0.6703836395472448,0.6588504653847196
holdout_block_1,20260424,sparse_partial_high_noise,mid_skew,d_joint_entropy,0.7237939748150091,0.3655148794219478,1,dense_support,0.7475142980791771,dense_support,0.02019841399829614,baseline_joint,0.013347002754902304,0.013347002754902304,0.02019841399829614,0.013347002754902304,0.02019841399829614,0.013347002754902304,0.002374571924641595,0.0023612395574492146,0.002374571924641595,0.0023612395574492146,0.7274018644867698,0.7237939748150091,0.7274018644867698,0.7237939748150091
confirmation_block,20260425,sparse_full_noisy,high_skew,d_joint_entropy,0.46008242028768653,0.3655148794219478,1,baseline_support,0.7473196641351687,baseline_support,0.30926329103643624,baseline_support,0.30926329103643624,0.30926329103643624,0.30926329103643624,0.31696225001168943,0.30926329103643624,0.31696225001168943,0.0016825178885288697,0.0016630986037360236,0.0016825178885288697,0.0016630986037360236,0.47113628391515383,0.46008242028768653,0.47113628391515383,0.46008242028768653
confirmation_block,20260425,sparse_full_noisy,low_skew,d_joint_entropy,0.30926788594770177,0.3655148794219478,0,baseline_support,0.7331843100534743,dense_support,0.028553793794828364,baseline_joint,0.027528084175165946,0.027528084175165946,0.028553793794828364,0.027528084175165946,0.028553793794828364,0.027528084175165946,0.0014597709088392352,0.00144466617758163,0.0014597709088392352,0.00144466617758163,0.30998991376470564,0.30926788594770177,0.30998991376470564,0.30926788594770177
confirmation_block,20260425,sparse_full_noisy,mid_skew,d_joint_entropy,0.6564902847653379,0.3655148794219478,1,baseline_joint,0.6500657172816288,baseline_joint,0.22411498387824758,baseline_support,0.012784691092743161,0.012784691092743161,0.012784691092743161,0.22411498387824758,0.23402114883554426,0.23402114883554426,0.0010960539357913416,0.0011007266267751754,0.0010920934619796422,0.0010898895396634057,0.6545261050520941,0.6657943318198049,0.6564317420835367,0.6564902847653379
confirmation_block,20260425,sparse_partial_high_noise,high_skew,d_joint_entropy,0.555359920278916,0.3655148794219478,1,baseline_support,0.9429071895289722,baseline_support,0.08329905389862491,baseline_joint,0.05568975569077472,0.05568975569077472,0.08329905389862491,0.05568975569077472,0.08329905389862491,0.06262644263924577,0.0034122890176255328,0.003365665823066399,0.0034122890176255328,0.0033359746867011736,0.5378471755824867,0.5550025876734093,0.5378471755824867,0.555359920278916
confirmation_block,20260425,sparse_partial_high_noise,low_skew,d_joint_entropy,0.8326921313168034,0.3655148794219478,1,baseline_support,0.9175232960299506,baseline_support,0.24225143682648265,dense_joint,0.06279459109743724,0.06279459109743724,0.24225143682648265,0.2651732723832545,0.24225143682648265,0.06279459109743724,0.0019464684888339718,0.0019685497142206154,0.0019464684888339718,0.0019550955107310113,0.8352252246599096,0.8038197444533525,0.8352252246599096,0.8326921313168034
confirmation_block,20260425,sparse_partial_high_noise,mid_skew,d_joint_entropy,0.7805644281305325,0.3655148794219478,1,baseline_support,0.7386498354095304,baseline_support,0.009125958955246372,baseline_support,0.009125958955246372,0.009125958955246372,0.009125958955246372,0.01297239636359615,0.009125958955246372,0.01297239636359615,0.0020205770716529656,0.00198362791031569,0.0020205770716529656,0.00198362791031569,0.8109013315969149,0.7805644281305325,0.8109013315969149,0.7805644281305325
confirmation_block,20260426,sparse_full_noisy,high_skew,d_joint_entropy,0.7380496053620262,0.3655148794219478,1,baseline_support,0.5651112822397817,baseline_support,0.18506219044305028,baseline_support,0.18506219044305028,0.18506219044305028,0.18506219044305028,0.18506219044305028,0.19325427484870827,0.18506219044305028,0.0010712940459617153,0.0010712761709956587,0.0010712619097651087,0.0010712761709956587,0.7388681347226241,0.7380496053620262,0.7296311156293851,0.7380496053620262
confirmation_block,20260426,sparse_full_noisy,low_skew,d_joint_entropy,0.35553590409530683,0.3655148794219478,0,baseline_support,0.85261413465155,dense_support,0.02943308989289961,baseline_joint,0.01085104729086006,0.01085104729086006,0.02943308989289961,0.01085104729086006,0.02943308989289961,0.01085104729086006,0.0017682087350244134,0.0017617570646426702,0.0017682087350244134,0.0017617570646426702,0.3593214481345269,0.35553590409530683,0.3593214481345269,0.35553590409530683
confirmation_block,20260426,sparse_full_noisy,mid_skew,d_joint_entropy,0.6017682169523411,0.3655148794219478,1,dense_joint,0.35412182610694193,dense_joint,0.24285113935996472,baseline_support,0.24285113935996472,0.24285113935996472,0.24285113935996472,0.24285113935996472,0.24285113935996472,0.24285113935996472,0.0011660408773707352,0.0011662830681462668,0.0011660408773707352,0.0011662830681462668,0.5884089208598335,0.6017682169523411,0.5884089208598335,0.6017682169523411
confirmation_block,20260426,sparse_partial_high_noise,high_skew,d_joint_entropy,0.662453879366924,0.3655148794219478,1,baseline_support,0.7159404606833532,baseline_support,0.04450595719205097,baseline_support,0.04450595719205097,0.04450595719205097,0.04450595719205097,0.04450595719205097,0.35752324848558237,0.056438371925236264,0.003331037699888407,0.0033028498575257224,0.0033049908160081294,0.003298787312162703,0.6756809671979,0.651581642872818,0.6642473490769554,0.662453879366924
confirmation_block,20260426,sparse_partial_high_noise,low_skew,d_joint_entropy,0.7635411452903526,0.3655148794219478,1,baseline_support,0.884069857039769,baseline_support,0.04811983146457677,baseline_joint,0.026504216988255003,0.026504216988255003,0.04811983146457677,0.026504216988255003,0.0543080381859975,0.03097470485266418,0.0021982426490793306,0.002201363183544705,0.002143662707429179,0.002195470491645061,0.7914712646271038,0.7635716090631725,0.8033789675012216,0.7635411452903526
confirmation_block,20260426,sparse_partial_high_noise,mid_skew,d_joint_entropy,0.5448091264833794,0.3655148794219478,1,dense_joint,0.5577417731789379,dense_joint,0.03407280428783199,dense_joint,0.03407280428783199,0.03407280428783199,0.42550424287744626,0.42550424287744626,0.42550424287744626,0.03407280428783199,0.0032269801526356584,0.003227030374848076,0.0032269801526356584,0.0032248793860648025,0.5438431182171317,0.5439174477231751,0.5438431182171317,0.5448091264833794
confirmation_block,20260427,sparse_full_noisy,high_skew,d_joint_entropy,0.39959731008823934,0.3655148794219478,1,dense_support,0.9637490117512593,dense_support,0.00906264130316492,baseline_joint,0.0006180183843635945,0.0006180183843635945,0.00906264130316492,0.0006180183843635945,0.00906264130316492,0.0006180183843635945,0.001437405233772246,0.0014329584715341724,0.001437405233772246,0.0014329584715341724,0.389850442311926,0.39959731008823934,0.389850442311926,0.39959731008823934
confirmation_block,20260427,sparse_full_noisy,low_skew,d_joint_entropy,0.4883557995927283,0.3655148794219478,1,dense_support,0.9473253478352186,dense_support,0.011612394690090788,baseline_support,0.00425845196871788,0.00425845196871788,0.00425845196871788,0.4406275175566017,0.011612394690090788,0.00925970202686055,0.0013128367427326635,0.0013037940321582696,0.0013025856641825568,0.0013023810622316149,0.48629644329894844,0.48914174402299154,0.4886499572749444,0.4883557995927283
confirmation_block,20260427,sparse_full_noisy,mid_skew,d_joint_entropy,0.6213445611467432,0.3655148794219478,1,baseline_support,0.4301133937570918,baseline_support,0.2694316449887283,baseline_support,0.2694316449887283,0.2694316449887283,0.2694316449887283,0.2694316449887283,0.2694316449887283,0.2694316449887283,0.0009934995208977252,0.0009938529706679982,0.0009934995208977252,0.0009938529706679982,0.6213475386390036,0.6213445611467432,0.6213475386390036,0.6213445611467432
confirmation_block,20260427,sparse_partial_high_noise,high_skew,d_joint_entropy,0.6360579706302265,0.3655148794219478,1,dense_support,0.7778294160263104,dense_support,0.03875235956565526,dense_support,0.03875235956565526,0.03875235956565526,0.32530973979030275,0.3197775070285859,0.03875235956565526,0.3197775070285859,0.002597742570861989,0.0025922314606663392,0.0025971161757795728,0.0025922314606663392,0.6409482849418726,0.6360579706302265,0.636881942268577,0.6360579706302265
confirmation_block,20260427,sparse_partial_high_noise,low_skew,d_joint_entropy,0.58881787650039,0.3655148794219478,1,baseline_support,0.6114860022253079,baseline_support,0.06981235865266622,baseline_joint,0.04647902531933279,0.04647902531933279,0.06981235865266622,0.04647902531933279,0.06981235865266622,0.07390343256070042,0.00294258054291659,0.0029500968468964255,0.00294258054291659,0.0029159460140213613,0.5892774619913546,0.5928385599408058,0.5892774619913546,0.58881787650039
confirmation_block,20260427,sparse_partial_high_noise,mid_skew,d_joint_entropy,0.7407335080398308,0.3655148794219478,1,baseline_support,0.570007444012593,baseline_support,0.0359845649956122,baseline_support,0.0359845649956122,0.0359845649956122,0.0359845649956122,0.27659800930967804,0.047676314852866386,0.036770260653346654,0.002367415358194354,0.0023918784021751565,0.002359273552644655,0.0023656535210749606,0.7404871424681664,0.7563107314622362,0.7475626172617255,0.7407335080398308
