condition,trial,true_rho,true_t,true_h,true_w1,true_w2,true_w3,true_alpha,true_rotation_shift,softmin_temperature,baseline_geometry_mae,baseline_weight_mae,baseline_alpha_error,baseline_fit_rmse,baseline_alpha_span_topk,baseline_geometry_dispersion_topk,baseline_weight_dispersion_topk,baseline_near_tie_diverse,marginalized_geometry_mae,marginalized_weight_mae,marginalized_alpha_error,marginalized_fit_rmse,marginalized_alpha_span_topk,marginalized_geometry_dispersion_topk,marginalized_weight_dispersion_topk,marginalized_near_tie_diverse,alpha_error_improvement_factor,alpha_span_reduction_factor,geometry_ratio_marginalized_over_baseline,weight_ratio_marginalized_over_baseline
full_clean,0,0.07473191925289527,-0.6130944629488481,1.2949298417854564,0.2090737071421406,0.49563704001624603,0.2952892528416134,1.2477239253421017,42,0.0001,0.11004030335617628,0.25521873133065265,0.4430400534471586,0.0107950028099497,0.502193603208597,0.06944550602814523,0.10569803159244388,0,0.11004030335617628,0.25521873133065265,0.4430400534471586,0.0107950028099497,0.502193603208597,0.06944550602814523,0.10569803159244388,0,1.0,1.0,1.0,1.0
full_clean,1,0.20448013198469242,0.43737503466125816,1.0237455766254115,0.39658471880436763,0.24310123551015828,0.3603140456854741,0.7730751084888957,8,0.0001,0.14286884681077658,0.08514377411360992,0.4936209171296203,0.004480264655915158,0.5510409935767877,0.06658738771673008,0.1349117390058464,0,0.14286884681077658,0.08514377411360992,0.4936209171296203,0.004480264655915158,0.5510409935767877,0.06658738771673008,0.1349117390058464,0,1.0,1.0,1.0,1.0
full_clean,2,0.1065035517043827,0.5813949587750752,0.7750701220130153,0.35281467108031045,0.12079794770876699,0.5263873812109227,1.7726642686154566,11,0.0001,0.1318320467740959,0.10354751788038967,0.020054707853800702,0.005880328356312136,0.10890530310417601,0.06497724330671072,0.18070574366053874,0,0.1318320467740959,0.10354751788038967,0.020054707853800702,0.005880328356312136,0.10890530310417601,0.06497724330671072,0.18070574366053874,0,1.0,1.0,1.0,1.0
full_clean,3,0.20275724404518214,0.3689715303154221,0.6942363444285558,0.27882078703744095,0.23877242673018675,0.4824067862323723,0.7169181648748002,18,0.0001,0.06980020853662702,0.199329574253763,0.6573815351288594,0.007781806453867245,0.7063468154547046,0.06227662379825277,0.19504038656422318,0,0.06980020853662702,0.199329574253763,0.6573815351288594,0.007781806453867245,0.7063468154547046,0.06227662379825277,0.19504038656422318,0,1.0,1.0,1.0,1.0
full_clean,4,0.2158442860710749,0.004964491459897191,0.5544650690711633,0.24340371262696658,0.16456508585579135,0.5920312015172421,0.6994028901366508,42,0.0001,0.06593014799456491,0.3960545400379598,0.7128517013659078,0.0029910769755668474,0.7366673066596121,0.059074316879418526,0.19779583367691664,0,0.06593014799456491,0.3960545400379598,0.7128517013659078,0.0029910769755668474,0.7366673066596121,0.059074316879418526,0.19779583367691664,0,1.0,1.0,1.0,1.0
full_clean,5,0.07350404919310304,-0.23547189487821316,0.8713244313311856,0.46517690126887073,0.404313388123303,0.13050971060782635,1.2617675118423866,51,0.0001,0.125848625691263,0.07307919957739066,0.008008390858617931,0.009012756696421044,0.502193603208597,0.05176271266780563,0.14086310984991612,0,0.125848625691263,0.07307919957739066,0.008008390858617931,0.009012756696421044,0.502193603208597,0.055360948631174405,0.12759828423625497,0,1.0,1.0,1.0,1.0
full_clean,6,0.08261212179665925,-0.2513503823178184,0.9578512187076841,0.16338132913967884,0.32932100834867756,0.5072976625116437,1.1791778336131382,53,0.0001,0.033017654078757515,0.033697241519156346,0.3320691544385047,0.00402900016622415,0.38343523501910515,0.07798019548234385,0.20934319122129263,0,0.033017654078757515,0.033697241519156346,0.3320691544385047,0.00402900016622415,0.38343523501910515,0.07798019548234385,0.20934319122129263,0,1.0,1.0,1.0,1.0
full_clean,7,0.16455951064272945,0.2291366229163157,1.2148844009058848,0.11161797621742157,0.8010700809416367,0.08731194284094179,0.7170407893261964,17,0.0001,0.07100060688767883,0.40334371656809836,0.6814580104567548,0.002746518284200867,0.6972692499751323,0.058736405594161746,0.1338175959093638,0,0.07100060688767883,0.40334371656809836,0.6814580104567548,0.002746518284200867,0.6972692499751323,0.058736405594161746,0.1338175959093638,0,1.0,1.0,1.0,1.0
full_clean,8,0.2078505466510599,-0.03968767188126356,0.9403185986104475,0.2549379252413817,0.3324831581463153,0.412578916612303,1.5441595780221826,24,0.0001,0.11579972788752585,0.030204614190048162,0.00169861400095761,0.00391606362662921,0.9662034069766171,0.07887649032983579,0.14850307805159338,0,0.11579972788752585,0.030204614190048162,0.00169861400095761,0.00391606362662921,0.9662034069766171,0.07887649032983579,0.14850307805159338,0,1.0,1.0,1.0,1.0
full_clean,9,0.16555181409374342,0.6459067816561908,1.3656578996964146,0.23164603277024454,0.2774942983663342,0.49085966886342125,1.7229911870788344,15,0.0001,0.06328314565849825,0.21969796550180387,1.1128884436405984,0.025159591402673043,1.1472791140788587,0.04820779099539505,0.132958052699974,0,0.06328314565849825,0.21969796550180387,1.1128884436405984,0.025159591402673043,1.1472791140788587,0.04820779099539505,0.132958052699974,0,1.0,1.0,1.0,1.0
full_clean,10,0.12324466927856427,0.017798300301169356,1.4216990824072344,0.46619321409883385,0.27336221717963305,0.2604445687215331,0.8594985190077352,4,0.0001,0.05464403900983972,0.05274286314401485,0.013510582514314806,0.0068877647997118395,0.34474543108679623,0.08949177556917738,0.20635239185495938,0,0.05464403900983972,0.05274286314401485,0.013510582514314806,0.0068877647997118395,0.34474543108679623,0.08949177556917738,0.20635239185495938,0,1.0,1.0,1.0,1.0
full_clean,11,0.12919852692205086,-0.41938363660758354,0.9559223693042118,0.2540597132937755,0.27964450169795324,0.46629578500827124,1.238096157509297,31,0.0001,0.0290353872732667,0.18822055579236716,0.4314008796745674,0.007773140937018967,0.5277175393457392,0.06163422612315451,0.19674430635055992,0,0.0290353872732667,0.18822055579236716,0.4314008796745674,0.007773140937018967,0.5277175393457392,0.06163422612315451,0.19674430635055992,0,1.0,1.0,1.0,1.0
full_clean,12,0.16337978491479585,-0.5055141005678832,0.5789180465155999,0.41421628335866373,0.06375575999952572,0.5220279566418105,1.624161167974143,45,0.0001,0.08665305107131271,0.11362469044403802,0.025420362734670743,0.008948808174644413,1.0691525554528325,0.0635642964997714,0.1840900147524586,0,0.08665305107131271,0.11362469044403802,0.025420362734670743,0.008948808174644413,1.0691525554528325,0.0635642964997714,0.1840900147524586,0,1.0,1.0,1.0,1.0
full_clean,13,0.12879007488504268,-0.26263153495854386,1.3502830393400687,0.7107583581604513,0.1378183389850846,0.1514233028544641,1.23049937917952,16,0.0001,0.02120076384921994,0.26599912666233333,0.4203388698163645,0.005153471148158159,0.468040081139633,0.06287285677852923,0.15323968361512605,0,0.02120076384921994,0.26599912666233333,0.4203388698163645,0.005153471148158159,0.468040081139633,0.06287285677852923,0.15323968361512605,0,1.0,1.0,1.0,1.0
full_clean,14,0.16338060895259127,0.4555456046289344,0.7576321061003166,0.06234102928157801,0.6212893406584458,0.3163696300599762,1.2185130100591959,10,0.0001,0.05462542145356658,0.264441143082151,0.4138291381642527,0.010457487488513753,0.4816079494293668,0.05467530032518638,0.1761568669116079,0,0.05462542145356658,0.264441143082151,0.4138291381642527,0.010457487488513753,0.4816079494293668,0.05467530032518638,0.1761568669116079,0,1.0,1.0,1.0,1.0
full_clean,15,0.19544768576118035,-0.0657231287574163,0.9102418532782709,0.19445307872537074,0.46839060813929273,0.3371563131353365,1.5164862789224471,19,0.0001,0.07601212161050562,0.01927152434872434,0.006819036801474665,0.01727067298805225,0.896216306869912,0.0792588559120818,0.15723627211631216,0,0.07601212161050562,0.01927152434872434,0.006819036801474665,0.01727067298805225,0.896216306869912,0.0792588559120818,0.15723627211631216,0,1.0,1.0,1.0,1.0
full_clean,16,0.10066120598728029,-0.5037153140899697,0.6558163624826093,0.35908256330677346,0.36907722939886595,0.2718402072943606,1.452073210235066,34,0.0001,0.033416738738177194,0.32955184064683696,0.00949812752759982,0.004759925132774724,0.7864135692883366,0.06041006201332331,0.2490473598875728,0,0.033416738738177194,0.32955184064683696,0.00949812752759982,0.004759925132774724,0.7864135692883366,0.06041006201332331,0.24904735988757273,0,1.0,1.0,1.0,1.0
full_clean,17,0.15240360396954858,-0.14264834469776655,0.7362205813174498,0.6451033584332235,0.1143424075592009,0.24055423400757558,1.702087208952618,63,0.0001,0.047788058620080114,0.051203741328637975,0.012985594510315446,0.004481342459674189,1.1754234890661814,0.05668530700270676,0.17740252449454352,0,0.047788058620080114,0.051203741328637975,0.012985594510315446,0.004481342459674189,1.1754234890661814,0.05668530700270676,0.17740252449454352,0,1.0,1.0,1.0,1.0
full_clean,18,0.09049629006849828,-0.07054638207932037,1.4023183631941285,0.10675833281678213,0.4960283643563524,0.39721330282686546,0.6180956868722719,18,0.0001,0.06651389484173816,0.03196938058220134,0.007012651875439868,0.005330437464026506,1.0684135863075395,0.051939535343165116,0.17438989552411166,0,0.06651389484173816,0.03196938058220134,0.007012651875439868,0.005330437464026506,1.0684135863075395,0.051939535343165116,0.17438989552411166,0,1.0,1.0,1.0,1.0
full_clean,19,0.13685395222736896,-0.3886999108611995,1.4017496829233251,0.3984959471790758,0.3932514830989025,0.2082525697220216,0.8530985172426216,63,0.0001,0.0701879908053471,0.02510703231173787,0.2957572256655757,0.008383367289361213,0.33723961374228384,0.08500846936464133,0.1710890762957312,0,0.0701879908053471,0.02510703231173787,0.2957572256655757,0.008383367289361213,0.33723961374228384,0.08500846936464133,0.1710890762957312,0,1.0,1.0,1.0,1.0
full_clean,20,0.15025804681807897,0.6561457551500105,0.7063490534682405,0.33614091580432426,0.22808310230443854,0.43577598189123723,1.3436962710628844,29,0.0001,0.054336091235725276,0.12106822242598114,0.028158589636065434,0.008187334570204827,0.6751459612372979,0.0755702683651458,0.16761311039616697,0,0.054336091235725276,0.12106822242598114,0.028158589636065434,0.008187334570204827,0.6751459612372979,0.0755702683651458,0.16761311039616697,0,1.0,1.0,1.0,1.0
full_clean,21,0.08729548515624172,-0.4501330618751784,1.3764012126968341,0.1735230359321272,0.5862614809525659,0.24021548311530694,1.261634335388472,11,0.0001,0.018575076188832283,0.14097263519965111,0.4847383207072806,0.010273757705793491,0.5510409935767877,0.06701114246420271,0.15536469658603244,0,0.018575076188832283,0.14097263519965111,0.4847383207072806,0.010273757705793491,0.5510409935767877,0.06701114246420271,0.15536469658603244,0,1.0,1.0,1.0,1.0
full_clean,22,0.13788729196399693,-0.31197794139669777,1.2065853431799338,0.25612045262049604,0.38418293668418313,0.3596966106953208,0.6084989003345783,55,0.0001,0.01651076983072115,0.0809465186893663,0.002584134662253712,0.006097202243995615,1.0837711677595054,0.06144017673528513,0.16392187306739456,0,0.01651076983072115,0.0809465186893663,0.002584134662253712,0.006097202243995615,1.0837711677595054,0.06144017673528513,0.16392187306739456,0,1.0,1.0,1.0,1.0
full_clean,23,0.06928506771991536,-0.5424586510266041,1.3303290411301736,0.5499587207829318,0.2769483357847517,0.17309294343231646,0.9804243388995888,7,0.0001,0.2046085537738893,0.38335974892156743,0.03531235049571957,0.003866385686639188,0.06144645051098396,0.09051087150178312,0.1798809412990469,0,0.2046085537738893,0.38335974892156743,0.03531235049571957,0.003866385686639188,0.05750640670738005,0.08742801719368466,0.17183167475241953,0,1.0,1.0685148669373958,1.0,1.0
full_clean,24,0.18843304584428613,0.3157771020379724,0.676760559363356,0.7576781427393935,0.040714787245556175,0.20160707001505035,0.891913370584971,32,0.0001,0.08787151023001416,0.14324629391687713,0.01696531661477585,0.008854154967693624,0.24349179165850043,0.09190294951623497,0.15433123298490745,0,0.15512742897171408,0.15476467897442717,0.01524117447365414,0.008890925861161402,0.24349179165850043,0.09190294951623497,0.15433123298490745,0,1.113123968504006,1.0,1.7653893573201318,1.080409654885968
full_clean,25,0.135448357436722,-0.5438962636532897,1.387541489520474,0.4591380258629907,0.02466148597103858,0.5162004881659708,1.6282238984293116,32,0.0001,0.11956322200008962,0.23659184503683686,1.0181211549910756,0.00865357560349261,1.1143086949507761,0.054996915590642764,0.12293402542767758,0,0.11956322200008962,0.23659184503683686,1.0181211549910756,0.00865357560349261,1.1143086949507761,0.054996915590642764,0.12293402542767758,0,1.0,1.0,1.0,1.0
full_clean,26,0.0677707264426177,0.6887390585062766,1.3880067239135645,0.6154185664309146,0.05590093980614199,0.3286804937629434,0.9171864892072734,42,0.0001,0.03294721447343162,0.059924961435441265,0.010031944148648275,0.004776955174343561,0.19312045384289744,0.09302743113545826,0.15023318311669323,0,0.03294721447343162,0.059924961435441265,0.010031944148648275,0.004776955174343561,0.19312045384289744,0.09302743113545826,0.1502331831166932,0,1.0,1.0,1.0,1.0
full_clean,27,0.1779840325918987,-0.6693849482000156,1.359667423082762,0.12221565730000039,0.36614192447916777,0.5116424182208319,0.9052242871850623,24,0.0001,0.053146687552449605,0.09056380667795794,0.012032070197959377,0.01881713586523797,0.2855687895215391,0.06515975964779797,0.158397868118794,0,0.053146687552449605,0.09056380667795794,0.012032070197959377,0.01881713586523797,0.26348678651556856,0.06585806047322607,0.1566907947284177,0,1.0,1.0838068705379493,1.0,1.0
full_clean,28,0.2022092293278522,-0.1490216669426565,1.0786919876260934,0.22711331488635916,0.24575857561675768,0.5271281094968832,1.040742843280923,1,0.0001,0.08182221335903257,0.05831370949025732,0.014861110560798085,0.008553956455036881,0.16761699505889893,0.06792841856318317,0.15701099074751865,0,0.08182221335903257,0.05831370949025732,0.014861110560798085,0.008553956455036881,0.16761699505889893,0.06792841856318317,0.15701099074751865,0,1.0,1.0,1.0,1.0
full_clean,29,0.14402850099111414,-0.24279260770102065,1.2240789189594459,0.5522760146128017,0.3559080264527067,0.09181595893449157,1.671029332606176,1,0.0001,0.04900777876306408,0.020294042415174147,0.03250821886591915,0.00814264110456498,0.14223282200872167,0.05972025423167743,0.13914929128679973,0,0.04900777876306408,0.020294042415174147,0.03250821886591915,0.00814264110456498,0.14223282200872167,0.05972025423167743,0.13914929128679973,0,1.0,1.0,1.0,1.0
full_clean,30,0.1473184394529592,-0.5508339071134362,0.6394795030834826,0.3506767468520036,0.49455977367621545,0.15476347947178098,0.856615625936242,12,0.0001,0.080207665549917,0.061024538732397604,0.007040062075848286,0.007492899047759069,0.3053548205153892,0.07571118660698611,0.1477528617637891,0,0.13369715368032087,0.06484220399710938,0.007485936175816277,0.007895495727302342,0.27138445702936653,0.07329915957768614,0.15897194582391336,0,0.9404384315473578,1.1251743149105504,1.6668874821835433,1.0625595103873353
full_clean,31,0.21955866645405347,0.01916405663718026,1.0508256354962873,0.07473504639326885,0.4580888097902958,0.4671761438164353,1.19282869180806,55,0.0001,0.021543273699260807,0.13965847480738194,0.011005511492962139,0.007650788787473983,0.41586337116571115,0.06636014360944836,0.18262096144199033,0,0.021543273699260807,0.13965847480738194,0.011005511492962139,0.007650788787473983,0.41586337116571115,0.06636014360944836,0.18262096144199033,0,1.0,1.0,1.0,1.0
full_clean,32,0.1122012439625332,0.550929394906843,1.0007859560419456,0.5525579632834009,0.34428332338576534,0.10315871333083376,1.6326010291651873,62,0.0001,0.05876427277234555,0.02355655551628825,0.00592008457506954,0.011211072377590973,0.1433325129540517,0.07115046368473409,0.14144342159755013,0,0.05876427277234555,0.02355655551628825,0.00592008457506954,0.011211072377590973,0.1433325129540517,0.07115046368473409,0.14144342159755013,0,1.0,1.0,1.0,1.0
full_clean,33,0.077731269826642,0.22218387207964332,0.6243274844233986,0.6008979757371605,0.05397272487872933,0.34512929938411013,1.3083296808608524,40,0.0001,0.2749787947760204,0.15529083975715077,0.018674445450599153,0.008997873350844156,0.600601938358502,0.0800174893475443,0.14561331864496238,0,0.2749787947760204,0.15529083975715077,0.018674445450599153,0.008997873350844156,0.600601938358502,0.0800174893475443,0.14561331864496238,0,1.0,1.0,1.0,1.0
full_clean,34,0.10538134674533901,0.4579799491178211,1.026455272307528,0.2438066163708908,0.7155883236330295,0.04060505999607977,0.9166912097301213,28,0.0001,0.08084084075144314,0.29958699378009807,0.15418371066678527,0.0039785088962647095,0.21354522853868285,0.07961716860555945,0.13280200311678794,0,0.08084084075144314,0.29958699378009807,0.15418371066678527,0.0039785088962647095,0.18303503739366855,0.08009930256061222,0.1407398157799739,0,1.0,1.1666904412371797,1.0,1.0
full_clean,35,0.18019096979703056,0.5511563122670055,1.391130617799616,0.40279747733199145,0.22199284527603555,0.375209677391973,1.2416247769157154,44,0.0001,0.22692305637099497,0.09508970499971053,0.43833823524616133,0.00735681076476104,0.4943713778956327,0.049093890308238346,0.1899604252705954,0,0.22692305637099497,0.09508970499971053,0.43833823524616133,0.00735681076476104,0.4943713778956327,0.049093890308238346,0.1899604252705954,0,1.0,1.0,1.0,1.0
full_clean,36,0.21616059448557232,-0.4377364256246508,0.5758317725757097,0.2326692438931592,0.48262820651397853,0.28470254959286223,1.4010775922719942,50,0.0001,0.11686546643907815,0.19730996358795153,0.6964007052617693,0.004309787011412335,0.7546590091683845,0.05541239638810012,0.21436007904498822,0,0.11686546643907815,0.19730996358795153,0.6964007052617693,0.004309787011412335,0.7546590091683845,0.05541239638810012,0.21436007904498822,0,1.0,1.0,1.0,1.0
full_clean,37,0.06051562871208183,-0.41500123968314245,0.9620897912975411,0.20180988447924028,0.5122932921419739,0.28589682337878575,1.5297264679747817,63,0.0001,0.06879064331068228,0.07382667428016822,0.004508603136747391,0.002811816722702726,0.9227821132705393,0.06888883366455555,0.19682525179944407,0,0.06879064331068228,0.07382667428016822,0.004508603136747391,0.002811816722702726,0.9227821132705393,0.06888883366455555,0.19682525179944407,0,1.0,1.0,1.0,1.0
full_clean,38,0.1603744177867111,0.6593265226482014,0.8854624369911224,0.2927390188669068,0.5867695125110531,0.12049146862204008,0.6442355093428238,11,0.0001,0.06467551349277079,0.2116996423765866,0.8982254546784012,0.007425525777047893,0.910965933137323,0.06802699536508172,0.12296292238629931,0,0.06467551349277079,0.2116996423765866,0.8982254546784012,0.007425525777047893,0.910965933137323,0.06802699536508172,0.12296292238629931,0,1.0,1.0,1.0,1.0
full_clean,39,0.17422665747180074,-0.41701371845456214,0.8607968898130771,0.4774010293032867,0.13649703394801585,0.3861019367486975,0.6444890184526214,31,0.0001,0.1328992824213333,0.1659189291460787,0.010575713235443485,0.005470303193087261,0.953751954199939,0.07774220846497118,0.15067299358306943,0,0.1328992824213333,0.1659189291460787,0.010575713235443485,0.005470303193087261,0.953751954199939,0.07774220846497118,0.15067299358306943,0,1.0,1.0,1.0,1.0
full_noisy,0,0.19945025064041902,0.32501465423932263,0.5854482348544482,0.270134129806992,0.38631789105420145,0.34354797913880664,1.5149339234602597,26,0.0001,0.09249861779394251,0.19218227477774286,0.031944207954474946,0.007599613861479555,0.9231900448737714,0.06947005844484132,0.15319335903027897,0,0.09249861779394251,0.19218227477774286,0.031944207954474946,0.007599613861479555,0.9231900448737714,0.06947005844484132,0.15319335903027897,0,1.0,1.0,1.0,1.0
full_noisy,1,0.19390542906847394,-0.6632415933236321,0.870378629881376,0.5057764208071854,0.3427239157193333,0.15149966347348126,0.7623353422663554,57,0.0001,0.1428564904204629,0.04080762609116906,0.005730861194343295,0.01762775501267627,0.6456967815992662,0.07441148282775459,0.16293950599667167,0,0.1428564904204629,0.04080762609116906,0.005730861194343295,0.01762775501267627,0.6456967815992662,0.07441148282775459,0.16293950599667167,0,1.0,1.0,1.0,1.0
full_noisy,2,0.17371352153789762,-0.5025297262223898,0.6517782903391754,0.3339722416057626,0.3200125339345033,0.34601522445973404,1.1918648673769872,25,0.0001,0.04993934752890259,0.1346930019203754,0.3550006977748087,0.008197835929360742,0.41561553272634044,0.05874151217729548,0.20579724413479997,0,0.12337579852907539,0.11499617561794058,0.0015075255136443033,0.008464559341593054,0.41561553272634044,0.05874151217729548,0.20579724413479997,0,235.48569796117573,1.0,2.4705128247354686,0.8537650358845019
full_noisy,3,0.12552046833738234,-0.2648381938885409,0.7045354024455942,0.24538557195330635,0.3942755607429986,0.3603388673036951,0.9274448326781738,31,0.0001,0.05164237658826631,0.10625530246594446,0.14631428769891197,0.00726011728173903,0.20017193703915837,0.09090763477951012,0.159504187192703,0,0.028549985628128854,0.11903914160103927,0.12188987630359527,0.010164796420280689,0.1785847660000346,0.09029447327495428,0.15752956914495073,0,1.2003809679360244,1.120879129405246,0.5528402740979917,1.1203124817153678
full_noisy,4,0.21247046478587342,-0.32201445003018525,0.6675659243162552,0.565534408782663,0.19597153355051466,0.2384940576668223,0.9815049288902424,16,0.0001,0.13600347617964603,0.051389322938041514,0.007313703214396394,0.009326549310461292,0.08973046884309044,0.06990529158717575,0.17086575245863014,0,0.13600347617964603,0.051389322938041514,0.007313703214396394,0.009326549310461292,0.08973046884309044,0.06990529158717575,0.17086575245863014,0,1.0,1.0,1.0,1.0
full_noisy,5,0.20448604620157446,0.3456052363896697,0.8820897455030291,0.4894770624864041,0.3043146964232285,0.2062082410903674,1.5925758221175856,41,0.0001,0.014103127792892708,0.07475854501107222,0.06645426112658415,0.019833253729152095,0.2688261419366291,0.03349795338761571,0.12992669949544824,0,0.014103127792892708,0.07475854501107222,0.06645426112658415,0.019833253729152095,0.2688261419366291,0.03349795338761571,0.12992669949544824,0,1.0,1.0,1.0,1.0
full_noisy,6,0.1584447437984966,-0.3044847245958373,0.790393347663059,0.3163673900659663,0.5040332604397092,0.17959934949432454,0.6055675751390793,1,0.0001,0.12773577607415273,0.03427505158987774,0.004535168299156678,0.014288257511046905,1.1143086949507761,0.06565756932363069,0.14033437568461013,0,0.12773577607415273,0.03427505158987774,0.004535168299156678,0.014288257511046905,1.1143086949507761,0.06565756932363069,0.14033437568461013,0,1.0,1.0,1.0,1.0
full_noisy,7,0.12259594231287149,-0.009634022015123866,0.7147406894656054,0.40364387047899736,0.1437064454070549,0.4526496841139478,1.1538905349957946,4,0.0001,0.04926204071021823,0.15796008729768657,0.012623550773438463,0.009453825354171101,0.3386959465962919,0.06769218610112998,0.13012399623333193,0,0.04926204071021823,0.15796008729768657,0.012623550773438463,0.009453825354171101,0.3386959465962919,0.06769218610112998,0.13012399623333193,0,1.0,1.0,1.0,1.0
full_noisy,8,0.10130549798896299,0.36801101068468706,1.3378063471450117,0.22795933686199926,0.35065212757574,0.4213885355622608,1.4564121845924014,52,0.0001,0.05129055904185522,0.08214076204121751,0.00505830545774999,0.002706689597145857,0.830268290341476,0.0657109020175553,0.20587410120733865,0,0.05129055904185522,0.08214076204121751,0.00505830545774999,0.002706689597145857,0.798758767252773,0.06393318486197437,0.21037574467717793,0,1.0,1.0394481092170993,1.0,1.0
full_noisy,9,0.11698393231697916,-0.219045836480621,1.200750669908054,0.4344175693386468,0.539693216792681,0.025889213868672267,0.8912078983424359,36,0.0001,0.03940406252688781,0.11922222747851662,0.017670788857310993,0.013253157346456558,0.26160541727713826,0.06682428504134498,0.14253190753595982,0,0.03940406252688781,0.11922222747851662,0.017670788857310993,0.013253157346456558,0.2442408116524164,0.06707772312631373,0.14508282795798913,0,1.0,1.0710962492600695,1.0,1.0
full_noisy,10,0.06524036231500314,0.28773875215920147,0.7128896453643075,0.5092689947772163,0.1820070771699968,0.30872392805278687,0.9641587050594377,4,0.0001,0.2443887351238535,0.07098148118405986,0.06695911188123371,0.006984031891884605,0.13165130714669582,0.08815864393469498,0.18523763949324626,0,0.23291356107746072,0.2929390925079205,0.051577984335870686,0.007525808364441568,0.11551242236788029,0.09479531229895859,0.1711511025829474,0,1.2982111019539395,1.1397155773204801,0.9530454051387545,4.1269791447195825
full_noisy,11,0.13160144751331435,0.07072060878595214,0.7187949927249926,0.30557631195519813,0.6312306611863349,0.06319302685846695,1.3273521231348921,22,0.0001,0.138469133699386,0.34300766934614035,0.5928135286811296,0.008571903053814982,0.6625118141425177,0.057154176436549575,0.17553536620322086,0,0.138469133699386,0.34300766934614035,0.5928135286811296,0.008571903053814982,0.6625118141425177,0.057154176436549575,0.17553536620322086,0,1.0,1.0,1.0,1.0
full_noisy,12,0.10202699159526105,0.055708200037898246,1.4060837578843224,0.1817627952176469,0.2393818897812407,0.5788553150011124,1.6528000383110288,25,0.0001,0.05804363559538004,0.25969034160851806,1.0345093126490834,0.011650047216204246,1.1307659138542272,0.07060296365757354,0.16921273856506622,0,0.05804363559538004,0.25969034160851806,1.0345093126490834,0.011650047216204246,1.1307659138542272,0.07060296365757354,0.16921273856506622,0,1.0,1.0,1.0,1.0
full_noisy,13,0.0946255133470863,-0.13710496091801652,0.6949006810710195,0.23029821369296807,0.328189458747755,0.4415123275592769,1.151521491415979,15,0.0001,0.02473017860308793,0.21436269568478608,0.2700692820846595,0.006508513998363762,0.3229441791981872,0.09469395119793567,0.1921875279400831,0,0.02473017860308793,0.21436269568478608,0.2700692820846595,0.006508513998363762,0.3229441791981872,0.09740415140819952,0.19861053530498327,0,1.0,1.0,1.0,1.0
full_noisy,14,0.1289234734297937,0.16129753566234575,1.1101921562465527,0.3739470732277293,0.4188748374541778,0.20717808931809295,1.7719437580388937,18,0.0001,0.10438776280106726,0.06359680460697305,0.0037554062267226573,0.004800540450069866,0.10878555254742128,0.08787108834069397,0.2073152894136853,0,0.10438776280106726,0.06359680460697305,0.0037554062267226573,0.004800540450069866,0.10878555254742128,0.08787108834069397,0.2073152894136853,0,1.0,1.0,1.0,1.0
full_noisy,15,0.20140602341104732,-0.17018234481747896,1.2650724084897857,0.32817263408154296,0.30464885740193187,0.36717850851652517,0.7284893445838014,20,0.0001,0.10389238895164947,0.20883280472112964,0.5971071850122263,0.011334662059163772,0.6703435037133065,0.08234693141218742,0.19607951109913938,0,0.10389238895164947,0.20883280472112964,0.5971071850122263,0.011334662059163772,0.6703435037133065,0.08234693141218742,0.19607951109913938,0,1.0,1.0,1.0,1.0
full_noisy,16,0.09602133163123666,-0.49037221052118896,1.2878948774407897,0.5816389336335236,0.0961505586893356,0.3222105076771408,1.5692675860391432,38,0.0001,0.09143897455163463,0.17589168521747534,0.936730187776288,0.0032742663193129186,0.9934103585566751,0.047024312027080774,0.14742813727273085,0,0.09143897455163463,0.17589168521747534,0.936730187776288,0.0032742663193129186,0.9934103585566751,0.047024312027080774,0.14742813727273085,0,1.0,1.0,1.0,1.0
full_noisy,17,0.21804723893156766,-0.2996415662749947,0.6585867142900097,0.5093915578122978,0.2533203659245392,0.23728807626316295,1.6117850418248734,58,0.0001,0.10213738095666307,0.1129761308045077,0.02673607191538352,0.017648765165002116,0.2688261419366291,0.03349795338761571,0.12992669949544824,0,0.10213738095666307,0.1129761308045077,0.02673607191538352,0.017648765165002116,0.2688261419366291,0.03349795338761571,0.12992669949544824,0,1.0,1.0,1.0,1.0
full_noisy,18,0.2021621383698352,-0.1400305147278471,1.0593016278182366,0.19202934859185078,0.25786277941864094,0.5501078719895083,0.9821760504913292,62,0.0001,0.050992381648759126,0.211905856843271,0.03306488529243523,0.0062113259674369346,0.08578464065349012,0.06950876145769573,0.16890056447752036,0,0.050992381648759126,0.211905856843271,0.03306488529243523,0.0062113259674369346,0.08578464065349012,0.06950876145769573,0.16890056447752036,0,1.0,1.0,1.0,1.0
full_noisy,19,0.13915827482726598,0.09048085620754087,1.2344405328477235,0.3149833564564453,0.29446200867515965,0.3905546348683951,1.2026648016707995,16,0.0001,0.024158069033767087,0.26612401347337244,0.017634602950484135,0.0066418062691033924,0.413068559831967,0.05205548376418297,0.22390553102962854,0,0.024158069033767087,0.26612401347337244,0.017634602950484135,0.0066418062691033924,0.4090526192355207,0.05311228701328639,0.21150293468065473,0,1.0,1.0098176625881328,1.0,1.0
full_noisy,20,0.19621643037460135,0.6357638246916779,0.9118366247466457,0.38653081715421,0.3751854734730951,0.23828370937269489,1.7442492822298052,4,0.0001,0.20712213234540403,0.06442240477055028,0.023939069582365802,0.004351554329759969,0.10878555254742128,0.09137462215928978,0.14442664481243614,0,0.20712213234540403,0.06442240477055028,0.023939069582365802,0.004351554329759969,0.10878555254742128,0.09502128052058477,0.1556936698493257,0,1.0,1.0,1.0,1.0
full_noisy,21,0.14269635427949323,-0.5323011212073679,0.5971507270825497,0.4059191896683329,0.44506281731503256,0.1490179930166345,0.623424775206244,15,0.0001,0.048312444892473085,0.207486618241738,0.012988437453359314,0.007136645450645436,1.0072158411854955,0.048615393892870146,0.15130002782152874,0,0.048312444892473085,0.207486618241738,0.012988437453359314,0.007136645450645436,1.0072158411854955,0.048615393892870146,0.15130002782152874,0,1.0,1.0,1.0,1.0
full_noisy,22,0.09767949090803814,0.4944992400222937,1.3121879560163054,0.6615574627971088,0.1208584888776706,0.2175840483252206,1.741305907719928,28,0.0001,0.029530905025969945,0.08692076824711074,0.008689756103173796,0.005763504222538519,0.1254565825728,0.04786959123151038,0.22616999888069214,0,0.029530905025969945,0.08692076824711074,0.008689756103173796,0.005763504222538519,0.1254565825728,0.04786959123151038,0.22616999888069214,0,1.0,1.0,1.0,1.0
full_noisy,23,0.14099589592082862,-0.1909544297630056,1.1733880944765138,0.15035644189103195,0.4418361689345007,0.4078073891744674,1.411280400392212,35,0.0001,0.07018262521427157,0.1460709223689489,0.703612896971896,0.004994052232721275,0.7349075792871502,0.06118943382510603,0.22661052512109622,0,0.0845834182305761,0.041937763696310255,0.7013903623254873,0.005168628182092477,0.7349075792871502,0.06118943382510602,0.22661052512109622,0,1.0031687556114113,1.0,1.2051902870879805,0.2871054896907066
full_noisy,24,0.21554713367467915,0.4819157151209484,0.6366786052159474,0.7239147469977067,0.13816381564819605,0.1379214373540972,1.059512512402865,16,0.0001,0.06453056574753539,0.2871094113232258,0.10435897748258638,0.010553398345637682,0.17404772049250794,0.07802556985336029,0.14395814112173466,0,0.06453056574753539,0.2871094113232258,0.10435897748258638,0.010553398345637682,0.17404772049250794,0.07802556985336029,0.14395814112173466,0,1.0,1.0,1.0,1.0
full_noisy,25,0.12432690632638796,-0.20878423303980043,0.9363907466302213,0.3109783978105569,0.2951120764875404,0.3939095257019027,1.6323547844511341,44,0.0001,0.07274863166398736,0.025013080048200614,0.014055908268806538,0.004876520595218574,1.0565451032823883,0.10183233636773321,0.18739463305646253,0,0.07274863166398736,0.025013080048200614,0.014055908268806538,0.004876520595218574,1.0565451032823883,0.1018323363677332,0.18739463305646253,0,1.0,1.0,1.0,1.0
full_noisy,26,0.16494287981105776,0.29012670007572455,1.3456923140851007,0.3493563349372155,0.3846702732312223,0.26597339183156216,0.8067470048519353,60,0.0001,0.15211951631025536,0.23781081000859847,0.009794145197137172,0.006822845513578122,0.4916135546677477,0.05180320081797899,0.22337154141122376,0,0.15211951631025536,0.23781081000859847,0.009794145197137172,0.006822845513578122,0.4878770684839622,0.05332489397871443,0.22095524786246346,0,1.0,1.00765866326818,1.0,1.0
full_noisy,27,0.21593578463415436,-0.5466112661279376,0.5968363869660277,0.3479734092140091,0.03455850936427235,0.6174680814217186,1.6359204975182673,40,0.0001,0.1416692314367532,0.16972545098949698,1.0305900508354702,0.008938400740898557,1.0669277131210844,0.0659220303587239,0.1863193552198241,0,0.1416692314367532,0.16972545098949698,1.0305900508354702,0.008938400740898557,1.0669277131210844,0.0659220303587239,0.1863193552198241,0,1.0,1.0,1.0,1.0
full_noisy,28,0.1307546411654327,-0.641058641056902,1.2906022497481906,0.2862421556698151,0.628082383625153,0.08567546070503185,1.54542184632009,8,0.0001,0.10133889257036788,0.0919791232564001,0.007266017875608766,0.005448925099176615,0.08998929500799169,0.08588189031436338,0.14443624390021761,0,0.10133889257036788,0.0919791232564001,0.007266017875608766,0.005448925099176615,0.08998929500799169,0.08588189031436338,0.14443624390021761,0,1.0,1.0,1.0,1.0
full_noisy,29,0.14314335778701426,0.6541173224318477,1.2726007002123332,0.2984011228555963,0.2377620008758028,0.46383687626860093,1.562488115075281,37,0.0001,0.047572345097019846,0.1346033089551172,0.9309930841913789,0.010077052605504361,0.9415476847319375,0.06704412023481816,0.13139563489766878,0,0.047572345097019846,0.1346033089551172,0.9309930841913789,0.010077052605504361,0.9415476847319375,0.06704412023481816,0.13139563489766878,0,1.0,1.0,1.0,1.0
full_noisy,30,0.12050878051484966,0.33495381736740615,1.4361576975660335,0.6331610689262961,0.29916873770567226,0.06767019336803165,1.641603117619155,34,0.0001,0.07573857344561542,0.0312651572171437,0.013694235557023537,0.010184785547034936,1.0824643788103807,0.07488163183314478,0.15798444030795436,0,0.07573857344561542,0.0312651572171437,0.013694235557023537,0.010184785547034936,1.0824643788103807,0.07488163183314478,0.15798444030795436,0,1.0,1.0,1.0,1.0
full_noisy,31,0.15098058932256891,-0.4993835833356726,0.8359401476958986,0.43014864014326404,0.19859543375367963,0.37125592610305636,1.6241327275597044,58,0.0001,0.08068235564247025,0.04259650611148866,1.0130496925628725,0.008272103203039661,1.0837711677595054,0.055349171365398235,0.1630551122857091,0,0.08068235564247025,0.04259650611148866,1.0130496925628725,0.008272103203039661,1.0837711677595054,0.05264440865290163,0.1658064743889267,0,1.0,1.0,1.0,1.0
full_noisy,32,0.16400621167943327,0.26156012272091755,0.7131171841908752,0.16230469792177504,0.20224678208900962,0.6354485199892154,0.9897207392249101,59,0.0001,0.04642838686434963,0.18018171762434365,0.010657887882305705,0.0055785432003217115,0.05750640670738005,0.08742801719368469,0.17183167475241953,0,0.05742095367189704,0.28520882130814224,0.012401676267714823,0.0021756066070491684,0.05750640670738005,0.08742801719368466,0.17183167475241953,0,0.859390912343946,1.0,1.2367639185842172,1.582895451705966
full_noisy,33,0.19597336830188447,-0.01888181086565146,1.1687173663087023,0.8173608791273929,0.08388947705668055,0.09874964381592659,1.6333336343298395,4,0.0001,0.10080152332844072,0.24619105709622832,1.0222505993330073,0.007558905421260203,1.0837711677595054,0.05264440865290163,0.1658064743889267,0,0.10080152332844072,0.24619105709622832,1.0222505993330073,0.007558905421260203,1.0837711677595054,0.05264440865290163,0.1658064743889267,0,1.0,1.0,1.0,1.0
full_noisy,34,0.06108851793675917,0.10810943156194457,0.890054445994376,0.42651710608829047,0.36286921263835126,0.21061368127335833,1.784059270819894,13,0.0001,0.01485754979348082,0.10602878997334915,0.03784794877292241,0.01172310880232072,0.12140216897864464,0.06921558571075,0.19189205559439584,0,0.01485754979348082,0.10602878997334915,0.03784794877292241,0.01172310880232072,0.12140216897864464,0.06921558571075,0.19189205559439584,0,1.0,1.0,1.0,1.0
full_noisy,35,0.12221149233834451,-0.40752694000908607,0.6478262752556398,0.236767271178586,0.7569833793496824,0.006249349471731613,1.1716715917308553,61,0.0001,0.05985817748091408,0.19063499565140618,0.013930801171677665,0.006211595309956409,0.356508223288453,0.06414017716854255,0.16503491896255776,0,0.05985817748091408,0.19063499565140618,0.013930801171677665,0.006211595309956409,0.356508223288453,0.06414017716854255,0.16503491896255776,0,1.0,1.0,1.0,1.0
full_noisy,36,0.10602843427816407,0.006633047884178355,1.0410012343417179,0.48923668692473377,0.2532970386504015,0.25746627442486475,1.1014468448389718,41,0.0001,0.10945170288338028,0.12383689777536293,0.1822740953083345,0.008618455821871582,0.23078226697672932,0.0734332982926771,0.1570745762760228,0,0.10945170288338028,0.12383689777536293,0.1822740953083345,0.008618455821871582,0.23078226697672932,0.0765259396803347,0.15509026923673389,0,1.0,1.0,1.0,1.0
full_noisy,37,0.14044848858540898,0.5479225976153691,0.760955152038385,0.45448623353986545,0.4457721966545308,0.09974156980560384,1.7425384591137474,30,0.0001,0.10542324651910068,0.1114802202248407,0.02564989269842366,0.007637000479270022,0.10878555254742128,0.06440682961708215,0.19945119790214705,0,0.10542324651910068,0.1114802202248407,0.02564989269842366,0.007637000479270022,0.10878555254742128,0.06440682961708215,0.19945119790214705,0,1.0,1.0,1.0,1.0
full_noisy,38,0.10394332692649132,0.5989412524623923,0.9533172954749423,0.08537093577162541,0.541976933974446,0.3726521302539285,1.438648330088741,63,0.0001,0.05453028552969654,0.08368555969138024,0.7639254165992746,0.010547935912565145,0.8138632064835603,0.07129459557539967,0.19678799925111448,0,0.05453028552969654,0.08368555969138024,0.7639254165992746,0.010547935912565145,0.8138632064835603,0.07129459557539967,0.19678799925111448,0,1.0,1.0,1.0,1.0
full_noisy,39,0.09772174656534963,0.45449952284686324,0.8509525157608545,0.18120237553477958,0.6780898756550439,0.14070774881017656,1.229250062746962,61,0.0001,0.0920925401372815,0.3582730673516106,0.42456619085201885,0.004751109905389016,0.4878770684839622,0.04774734853333946,0.15956996330331338,0,0.0920925401372815,0.3582730673516106,0.42456619085201885,0.004751109905389016,0.4878770684839622,0.04774734853333946,0.15956996330331338,0,1.0,1.0,1.0,1.0
partial_arc_noisy,0,0.06862091827320908,0.6057496971845183,0.7201655458928631,0.08046004464956583,0.7322674866463639,0.18727246870407033,1.2138507578705418,59,0.0001,0.061537605690676254,0.2628702248958799,0.02768610757572665,0.008008023948009467,0.49606912999192,0.04751502430640928,0.15733031802109101,1,0.08499926763683073,0.26887768345340285,0.3930283026519885,0.019191733389044282,0.4564487892571192,0.07058176752158642,0.15273985683274927,1,0.07044303778865929,1.086801283445803,1.3812573089711422,1.0228533245250673
partial_arc_noisy,1,0.15901445782619733,-0.5846128336946305,0.7040947686294755,0.1587888342828088,0.6059335818528887,0.23527758386430253,0.9595835156870512,4,0.0001,0.06413280445416855,0.06974207296853022,0.02923511641758758,0.0166791231695371,0.11872470884634789,0.07053336082262873,0.18091767634283218,0,0.10713430044701393,0.07617107295232192,0.015363776425638243,0.013543065043085412,0.10050781680525023,0.0725239813136506,0.17940414379317024,0,1.9028600526106065,1.1812485100178405,1.6705070261440957,1.092182519247638
partial_arc_noisy,2,0.2095701373212731,-0.3247409025319179,1.433967688544887,0.5177509437916643,0.20755553325866402,0.27469352294967164,1.5545166326777264,33,0.0001,0.09248475826301043,0.18697521693048014,0.06824574614765866,0.06872714613619028,1.0202527805262454,0.05473283061639255,0.1312588960076593,0,0.09248475826301043,0.18697521693048014,0.06824574614765866,0.06872714613619028,1.0202527805262454,0.05473283061639255,0.1312588960076593,0,1.0,1.0,1.0,1.0
partial_arc_noisy,3,0.09063112189448644,0.5677988519354553,1.0981133577603226,0.45068743575032366,0.40824810745366485,0.14106445679601148,1.5116265165332694,61,0.0001,0.04442205092193652,0.13256676044140253,0.03590599299687547,0.008258965627724225,0.9040922871459962,0.04237365985851418,0.20022738597961717,1,0.04442205092193652,0.13256676044140253,0.03590599299687547,0.008258965627724225,0.9040922871459962,0.08588715253300656,0.1909129744422665,0,1.0,1.0,1.0,1.0
partial_arc_noisy,4,0.16865922263974922,0.2026019703625703,0.6770269340488744,0.2455179134304752,0.17176274857613769,0.582719337993387,1.1857451020120653,53,0.0001,0.04479388638300952,0.2707753752903406,0.012019405253683946,0.015604049047311278,0.39887493853996503,0.053911981082757056,0.21100301672901178,0,0.04479388638300952,0.2707753752903406,0.012019405253683946,0.015604049047311278,0.38467798824699007,0.05683174159795682,0.2273148925227412,0,1.0,1.0369060635823528,1.0,1.0
partial_arc_noisy,5,0.06013790401348622,0.6306783035692252,0.6824308758030252,0.1265790445112933,0.29899378730671927,0.5744271681819875,1.6274829481587334,25,0.0001,0.0816724166203427,0.19046469410660274,0.032089955319606345,0.008923994183005936,0.19473084483842884,0.09663015829452537,0.2366186109896776,0,0.0265799770669544,0.11270793263774885,0.010118806663236946,0.010607807234722384,0.16223928127592147,0.10021757089987188,0.2281250583192481,0,3.1713181591060224,1.2002694002770435,0.32544619305820743,0.591752362118443
partial_arc_noisy,6,0.21027093291600304,0.668863079909499,1.1259572992547748,0.3778886095888245,0.3403616595727998,0.2817497308383757,1.737425998443591,8,0.0001,0.11760648639874183,0.09137329892573827,0.03055570178946776,0.010750730219695134,0.1086154483338313,0.09437891804322462,0.22013037914981456,0,0.11760648639874183,0.09137329892573827,0.03055570178946776,0.010750730219695134,0.1086154483338313,0.09437891804322462,0.22013037914981456,0,1.0,1.0,1.0,1.0
partial_arc_noisy,7,0.194635561964345,0.6545034331725833,1.4219547015027492,0.37462723265706854,0.3267797804464005,0.29859298689653097,1.314727756415673,52,0.0001,0.1644262908313493,0.1641588111234582,0.5668104737831772,0.010927079134804084,0.6077027433849602,0.06835592059524762,0.15101997750062343,1,0.0643312379770241,0.09919642430693082,0.013012266681846185,0.016699211176526407,0.594324055206227,0.07054441691474402,0.1495135563969261,1,43.55970313565368,1.022510763381588,0.391246665309796,0.6042710935103484
partial_arc_noisy,8,0.17147473171007202,-0.661156782356071,1.1465683682246324,0.6251001726975803,0.2043563903725926,0.17054343692982707,1.4399093765438244,26,0.0001,0.03821993792415047,0.038142606721969896,0.07254472173551507,0.02043365783715128,0.8277905797067061,0.05936980512531622,0.14445809175889676,0,0.03821993792415047,0.038142606721969896,0.07254472173551507,0.02043365783715128,0.8277905797067061,0.05936980512531622,0.14445809175889676,0,1.0,1.0,1.0,1.0
partial_arc_noisy,9,0.1100732962947497,-0.24534996447428223,1.003454498975665,0.3234298979193782,0.33727386783355523,0.3392962342470666,0.9202285934120192,0,0.0001,0.0473180290674581,0.05629305766823874,0.15690042116422165,0.014016687380349504,0.208224285325466,0.03924342262643508,0.1461065677512006,1,0.027091597987909583,0.1172459932221011,0.040687521638516966,0.02357862785581574,0.16596304554673624,0.0876328826937417,0.12159079030807984,0,3.8562294985225,1.2546424695901879,0.5725428239897087,2.0827789087792397
partial_arc_noisy,10,0.18650267425436678,-0.6820725299664572,1.1625647810455642,0.3240970839208129,0.5085715796454433,0.16733133643374387,1.0874569328719632,59,0.0001,0.06647673664733277,0.05803623299756738,0.01788436208854627,0.022467442230799252,0.31787722700938315,0.06584879430730974,0.1555988067370794,0,0.06647673664733277,0.05803623299756738,0.01788436208854627,0.022467442230799252,0.31787722700938315,0.07285637423657598,0.1492487274801739,0,1.0,1.0,1.0,1.0
partial_arc_noisy,11,0.19863340005993732,0.6994953550233944,0.7522599694953018,0.5246900129517557,0.11259893792679966,0.3627110491214447,1.0853345559723782,40,0.0001,0.11775525557508341,0.07726859292382708,0.08612834533519287,0.04081812203143447,0.43825032377671436,0.06633418797679623,0.16182835136622128,0,0.11775525557508341,0.07726859292382708,0.08612834533519287,0.04081812203143447,0.43825032377671436,0.06633418797679623,0.16182835136622128,0,1.0,1.0,1.0,1.0
partial_arc_noisy,12,0.12099814307705413,0.5843418763857227,0.8288831199171649,0.32534416998653115,0.252666364403022,0.42198946561044687,1.4581453070348198,54,0.0001,0.053397952301012686,0.1727038992104781,0.05224462582160516,0.01571879752383002,0.8464668625690455,0.09230519587519918,0.14501135276093619,1,0.053397952301012686,0.1727038992104781,0.05224462582160516,0.01571879752383002,0.8464668625690455,0.09230519587519918,0.14501135276093619,1,1.0,1.0,1.0,1.0
partial_arc_noisy,13,0.2107534190430106,0.1358445174865582,1.052848008253258,0.3823837087197536,0.5448472277194442,0.07276906356080226,0.6099290035397289,39,0.0001,0.051585604028747976,0.059029104699942124,0.00017373989850710814,0.005099724866405359,1.0202527805262454,0.052223439592692274,0.13371335617359578,0,0.051585604028747976,0.059029104699942124,0.00017373989850710814,0.005099724866405359,1.0202527805262454,0.05118609600982774,0.14273392005830154,0,1.0,1.0,1.0,1.0
partial_arc_noisy,14,0.1750418718656806,0.05300641023353578,0.8280946054594241,0.36232216088699754,0.34864769631004205,0.2890301428029604,1.49156906165672,51,0.0001,0.14321044117931345,0.18131935523604348,0.028887224116567634,0.013863938789378282,0.8918043728492471,0.10057253560491501,0.19037804127279082,1,0.059096703216987734,0.046850271403157506,0.8276459913693406,0.009056822142448257,0.8918043728492471,0.09347842956552498,0.18492784931044984,1,0.034902874438833095,1.0,0.4126563868551518,0.2583853849588607
partial_arc_noisy,15,0.09025417978490141,-0.577133328878806,0.707982986700054,0.2736682007566718,0.30137924801979016,0.4249525512235381,1.151570860197595,15,0.0001,0.2443610048840379,0.3075550189316201,0.26178306578233923,0.014490720104406787,0.3244005120521952,0.0732480504559412,0.20551210523640787,1,0.2443610048840379,0.3075550189316201,0.26178306578233923,0.014490720104406787,0.3244005120521952,0.0732480504559412,0.20551210523640787,1,1.0,1.0,1.0,1.0
partial_arc_noisy,16,0.2052775209056137,-0.009419328211708078,1.4146803733912694,0.10928287072754639,0.6681350929091805,0.22258203636327312,1.0915380356152315,25,0.0001,0.12150220780810383,0.08487627993892244,0.024866322876065716,0.021608792304182268,0.34133451953068705,0.03741380743121176,0.184914973266551,0,0.17566696203838525,0.1980511304446373,0.01014180652849972,0.005216129321047827,0.3283601276244654,0.03760048560929304,0.17311943003300168,0,2.451863265798682,1.0395126899239728,1.4457923457310937,2.3334096473968495
partial_arc_noisy,17,0.17725153706858485,0.6535881868355495,0.8847797424612044,0.15985132243639497,0.6695004782940848,0.17064819926952024,1.4454653290665085,51,0.0001,0.05553446832700598,0.16958497442691065,0.7591251389027374,0.002395267568156455,0.872917309304503,0.0846207754191633,0.19039828936625605,0,0.05553446832700598,0.16958497442691065,0.7591251389027374,0.002395267568156455,0.872917309304503,0.0846207754191633,0.19039828936625605,0,1.0,1.0,1.0,1.0
partial_arc_noisy,18,0.20289927316227271,0.09389203625418256,1.253219669717731,0.48090394960830124,0.34453354017232624,0.17456251021937258,1.2719358902016014,28,0.0001,0.0279538037887877,0.17771428976351347,0.16318568936227562,0.054195460550799754,0.10952504996784929,0.059618769329618675,0.15483062575834836,0,0.0279538037887877,0.17771428976351347,0.16318568936227562,0.054195460550799754,0.10952504996784929,0.059618769329618675,0.15483062575834836,0,1.0,1.0,1.0,1.0
partial_arc_noisy,19,0.0837626559101516,-0.09388187585995246,0.6555355327326294,0.2588055967393757,0.5862072654183624,0.15498713784226192,0.8996841514307912,5,0.0001,0.07139337547640522,0.23835964196196757,0.012562145340047626,0.012922805688403729,0.2843408952168275,0.06101663807559674,0.1784464346704101,1,0.07139337547640522,0.23835964196196757,0.012562145340047626,0.012922805688403729,0.3219836974270124,0.06516405424399481,0.164737253572443,1,1.0,0.8830909685459531,1.0,1.0
partial_arc_noisy,20,0.14172074148695243,0.09737635067492262,0.9000825832965724,0.3888674528872273,0.39173127482490083,0.21940127228787182,0.9941066050608517,50,0.0001,0.11050667605172841,0.14196405110502439,0.01752472956712048,0.011376044158075636,0.15458637084644844,0.07446703568900144,0.1553377346177369,0,0.11050667605172841,0.14196405110502439,0.01752472956712048,0.011376044158075636,0.12014266559546438,0.07512911331229426,0.15584299227897705,0,1.0,1.2866900370511205,1.0,1.0
partial_arc_noisy,21,0.13401765380101263,-0.6416393631193885,1.3345523324230724,0.38371649284833714,0.44419030114316355,0.17209320600849926,1.1046632413684219,62,0.0001,0.1433095362241792,0.05258541515593126,0.21120259650344464,0.020712965789409146,0.25881850605670875,0.07850141597232108,0.13251755029480072,1,0.1433095362241792,0.05258541515593126,0.21120259650344464,0.020712965789409146,0.25881850605670875,0.0776982519035473,0.14187687967827456,1,1.0,1.0,1.0,1.0
partial_arc_noisy,22,0.21560603820413388,-0.04032276586125689,1.0200009099935257,0.21385078241371414,0.4737907181686324,0.3123584994176535,1.6304504925520662,32,0.0001,0.05050276419544366,0.0877157655002756,0.025683231632282588,0.023022506909132545,0.14675495822427664,0.05600991138483576,0.1378782651098268,0,0.05050276419544366,0.0877157655002756,0.025683231632282588,0.023022506909132545,0.14675495822427664,0.05600991138483576,0.1378782651098268,0,1.0,1.0,1.0,1.0
partial_arc_noisy,23,0.17623334204364194,-0.3217489080467215,1.2522115546691985,0.6720158627976205,0.1217918309996359,0.2061923062027436,1.4703483144199225,19,0.0001,0.061789922978074376,0.14675845207459484,0.7805751681863282,0.016600356053961575,0.7634948389546702,0.09015143926507523,0.1619825691329037,0,0.061789922978074376,0.14675845207459484,0.7805751681863282,0.016600356053961575,0.7634948389546702,0.08963941445680775,0.1530285697579072,1,1.0,1.0,1.0,1.0
partial_arc_noisy,24,0.1516734602343887,0.6974976078146563,0.6371342524826163,0.20450625137118916,0.3752137957851717,0.4202799528436391,1.1699806652395055,10,0.0001,0.06730407131768892,0.184311453720543,0.027783842026243732,0.008761340508783966,0.34818894340535556,0.07245107527231544,0.15173236900865505,1,0.12650658468760503,0.11205020964322608,0.2770251068248878,0.03692545224893776,0.3048089488511315,0.07519448884006215,0.13745378719218676,1,0.10029358834903858,1.1423186383396204,1.8796275204581339,0.6079394816836452
partial_arc_noisy,25,0.1877663942826796,-0.0980346794740994,0.6749325043240134,0.7196117187867176,0.05298483294032818,0.22740344827295422,1.158212267046143,22,0.0001,0.044901020854514466,0.052685144907460284,0.008301818723090104,0.005317541194277264,0.2947865766183654,0.05717305582067244,0.14263749438281115,1,0.10827162285506824,0.24714252627907327,0.06286597562993346,0.04317040454079368,0.28983776108002746,0.04848589160880059,0.14027094658641073,1,0.13205583210796806,1.017074433365401,2.411339893716076,4.6909337862346385
partial_arc_noisy,26,0.0644759230787437,0.5341888144955914,1.2397175177619848,0.2888964826142994,0.5171829647574515,0.19392055262824903,0.8144370380849131,36,0.0001,0.12964907392761,0.14158429949508897,0.0031902526991501867,0.0016086155009232357,0.48967292195920886,0.05732788236555871,0.19483561662987126,1,0.15011207317189817,0.3972134016334697,0.40586236653637053,0.005831887379446112,0.4659686303706525,0.05598451280224625,0.20735641274946437,0,0.007860429944209421,1.0508710029894093,1.157833747857804,2.805490460806691
partial_arc_noisy,27,0.10913822172568319,0.05061730743828452,0.8763740639301681,0.19341597887158596,0.46892005330229314,0.33766396782612096,1.076335842640282,51,0.0001,0.04019543916845481,0.11799175389023657,0.0007931719359588474,0.008738764786293053,0.22996450975414928,0.06677458138572016,0.1381350028436631,1,0.04019543916845481,0.11799175389023657,0.0007931719359588474,0.008738764786293053,0.22996450975414928,0.06873422511437326,0.14333924192945746,1,1.0,1.0,1.0,1.0
partial_arc_noisy,28,0.06712977816188727,-0.10528734972625935,1.0510260762380095,0.632938561360286,0.15253639331850952,0.21452504532120445,1.623494976189751,51,0.0001,0.053122689743797115,0.09927153938685412,0.031802376986427516,0.013612721867869559,1.1049762302421509,0.0715351163205483,0.1691689800225912,0,0.053122689743797115,0.09927153938685412,0.031802376986427516,0.013612721867869559,1.1049762302421509,0.0715351163205483,0.1691689800225912,0,1.0,1.0,1.0,1.0
partial_arc_noisy,29,0.137649115295171,-0.13916087714659428,0.7900085958041713,0.40635267337602116,0.35800661212230267,0.23564071450167612,1.6014377434736462,36,0.0001,0.09132067867309857,0.11314970314912537,0.015926398021850252,0.006921181821418436,0.14146850879830386,0.09656166269472609,0.13023924890310576,0,0.09132067867309857,0.11314970314912537,0.015926398021850252,0.006921181821418436,0.13985906126477787,0.08700530226193269,0.16390935232461043,0,1.0,1.011507638611123,1.0,1.0
partial_arc_noisy,30,0.07144064486016936,-0.5779362658990636,1.0401409611391126,0.6907847492093578,0.16413031064347441,0.14508494014716775,1.227529073615523,34,0.0001,0.0704167640254033,0.24122252516206552,0.40670661839696987,0.004453843216982361,0.5330012860693369,0.0512974652106006,0.1810734835014172,1,0.0704167640254033,0.24122252516206552,0.40670661839696987,0.004453843216982361,0.43825032377671436,0.04893563392290604,0.1862006564295532,1,1.0,1.2162028346632725,1.0,1.0
partial_arc_noisy,31,0.19798385555292725,-0.2809782354221169,0.949369942702866,0.550473018973171,0.20578961351783687,0.2437373675089921,1.7476154958112275,57,0.0001,0.11345128674948274,0.018953753245384435,0.03313843993775101,0.012390517722067073,0.13898147545833384,0.0711908930870248,0.16153748721034983,0,0.11345128674948274,0.018953753245384435,0.03313843993775101,0.012390517722067073,0.13898147545833384,0.0711908930870248,0.16153748721034983,0,1.0,1.0,1.0,1.0
partial_arc_noisy,32,0.21022765201446625,0.35948550181088706,0.9367616331433258,0.1289223668383972,0.07245841091986753,0.7986192222417353,0.6731136370644921,26,0.0001,0.08946048895440521,0.13586363497947818,0.02081308153096073,0.011149569198906297,0.8937572105149467,0.06662560464929687,0.1621610832170409,1,0.08946048895440521,0.13586363497947818,0.02081308153096073,0.011149569198906297,0.8958973535395145,0.05143723706921572,0.18162709809079713,1,1.0,0.9976111738514323,1.0,1.0
partial_arc_noisy,33,0.0915505807153315,-0.08022620674860893,0.7161673588433295,0.3526847754834059,0.373749962065396,0.27356526245119805,1.4494017396791543,6,0.0001,0.06665222664677543,0.1294085120911853,0.0199021776432855,0.009737294674367463,0.7750856108828356,0.06325179049981405,0.2424842903001161,1,0.06925219337540628,0.1652910544554886,0.0019521394554971039,0.004183866825109909,0.7750856108828356,0.06325179049981405,0.2424842903001161,0,10.195059367937162,1.0,1.039007950063085,1.277281160137436
partial_arc_noisy,34,0.0991608035795899,0.5883661485507005,1.2145932568711817,0.3726632610770391,0.10758888171426614,0.5197478572086948,1.1625081926996668,51,0.0001,0.047808296202101336,0.07587662297650209,0.3243542345548991,0.019139243025756272,0.3789678664291998,0.06985696598512652,0.15964294484103334,1,0.06538189975827624,0.17861382689899205,0.004005893069566335,0.011552162279774188,0.3789678664291998,0.06742618578647695,0.15668561130570816,0,80.96926925461159,1.0,1.3675848116796616,2.3540033793320796
partial_arc_noisy,35,0.19561062165992335,-0.30791656996937067,1.3186302282841411,0.25588047505848366,0.4161330838664871,0.3279864410750292,1.4022299741021542,35,0.0001,0.10839622408526195,0.1831896269060136,0.6945624706818383,0.004619624241531102,0.7750856108828356,0.05852679909966369,0.23626069669424518,0,0.1457978917478074,0.06487231180790383,0.02726958793371459,0.013080751786816561,0.7750856108828356,0.06325179049981405,0.2424842903001161,1,25.470222445976905,1.0,1.3450458535633694,0.3541265567465068
partial_arc_noisy,36,0.0951046807707915,-0.43898367891033907,0.8231908165701324,0.24359090421888663,0.46523272161699597,0.2911763741641174,0.6591003194874961,50,0.0001,0.034636257986132214,0.20009350413063887,0.026126696416369555,0.01734138987363267,0.9040922871459962,0.06939890360842,0.22020305068273252,1,0.06380427140515808,0.014437480732143274,0.007465163496865768,0.005571384816071043,0.9040922871459962,0.06939890360842,0.22020305068273252,1,3.4998157009339166,1.0,1.8421236910379943,0.07215367032963349
partial_arc_noisy,37,0.08467900779536068,-0.003488337456903956,1.3521776477209773,0.28017988095447444,0.2763548454378021,0.4434652736077235,0.7572593528253151,34,0.0001,0.04636479062816273,0.19221976327583157,0.020699188227252252,0.017620652176543343,0.6684432463128229,0.04700885907446009,0.1530336532825238,1,0.04636479062816273,0.19221976327583157,0.020699188227252252,0.017620652176543343,0.6684432463128229,0.04726480159599972,0.15551892510910278,1,1.0,1.0,1.0,1.0
partial_arc_noisy,38,0.18239510812058857,-0.10468278994989197,1.3889796726521866,0.29292478119895005,0.1344464644319464,0.5726287543691035,1.4575086397441686,6,0.0001,0.060660064344512876,0.11887754533972894,0.0011008636094091973,0.042823541313015835,0.8561814879514994,0.07527280997127893,0.15179692167137704,0,0.060660064344512876,0.11887754533972894,0.0011008636094091973,0.042823541313015835,0.8561814879514994,0.07527280997127893,0.15179692167137704,0,1.0,1.0,1.0,1.0
partial_arc_noisy,39,0.18201494690573006,0.08412992188783228,0.9452101470739361,0.14096980353370656,0.7684581909429693,0.09057200552332412,1.3671390737233002,21,0.0001,0.0670326931109219,0.3449523872690217,0.06620059574616932,0.03527365292626577,0.6923735215860554,0.06695809152972725,0.1977775072766096,1,0.0670326931109219,0.3449523872690217,0.06620059574616932,0.03527365292626577,0.6923735215860554,0.07874186774574561,0.19965980976963807,1,1.0,1.0,1.0,1.0
sparse_full_noisy,0,0.10279125969060054,-0.22991294493375283,1.037139240351182,0.6784984457904619,0.20082063207788373,0.12068092213165435,0.720037366388265,24,0.0004,0.06288435106733838,0.15275885973482473,0.01652279820979785,0.011825317216512995,0.6856454812909328,0.059256263412236866,0.16599754206277803,1,0.04473675883886428,0.3741013647255181,0.019780597109718356,0.013642731208585822,0.5989425535153456,0.09466184386018679,0.17000458203820024,1,0.8353033084971978,1.1447600062254815,0.7114132225195242,2.4489667268721664
sparse_full_noisy,1,0.17284053206328617,-0.6265737255045506,0.70001873904755,0.6358918288353378,0.18804775052044737,0.17606042064421484,0.9733537515081409,41,0.0004,0.07513246440584773,0.23079269473225747,0.05252798121198399,0.006927723935437573,0.06405634100027502,0.07579929301486173,0.17322848649863087,0,0.11547788096366986,0.1395844477511484,0.01765775611178544,0.018520591143904676,0.06405634100027502,0.09357156835120771,0.17551219341646673,0,2.974782349435944,1.0,1.5369904591427452,0.6048044454486753
sparse_full_noisy,2,0.09980678472745196,-0.3425613206939431,1.0758457918422333,0.08519879817691361,0.2504078007979125,0.664393401025174,1.5807967579382012,43,0.0004,0.07600480843678221,0.032171961019188795,0.9476662546174414,0.007923961181881227,1.0547632963420033,0.0797722424531671,0.1910173654763857,1,0.04805889270696074,0.17268542119987315,0.036567383557295274,0.02352969157043596,1.0547632963420033,0.09008256759372602,0.14394994196609145,1,25.91561556851884,1.0,0.6323138456027321,5.367575234126258
sparse_full_noisy,3,0.11053460617880224,-0.5959654629091482,0.7291156032219621,0.42076191442525807,0.16931466800685205,0.40992341756788986,0.710556359818062,62,0.0004,0.056643343965057734,0.08786709545364968,0.007542091421339547,0.00728943464067621,0.7349075792871502,0.057809590694200406,0.23151793250371713,1,0.038015338219940645,0.05457658110685701,0.0006663217513374065,0.010373768519453432,0.7349075792871502,0.06118943382510603,0.22661052512109622,1,11.31899327344703,1.0,0.6711351336070771,0.6211264959321026
sparse_full_noisy,4,0.10954495951106293,-0.09138308880783252,1.3739488963980626,0.11562620350243939,0.5382594779932057,0.3461143185043549,1.0724714422297688,55,0.0004,0.06060314089076577,0.06451515027234217,0.133247828979558,0.016621922620777583,0.17373701075236125,0.07369933657715755,0.16590771359894854,0,0.05780232937772504,0.08486839413040358,0.10280007580008133,0.018481543291694307,0.10171456232355802,0.07881231788892583,0.16448437667907878,0,1.296184151057334,1.7080839437690052,0.953784383583533,1.3154800658782144
sparse_full_noisy,5,0.19508695813472365,0.35310610028993616,1.220703798974026,0.18055384568175087,0.6416199538853603,0.17782620043288888,1.0618696547622344,56,0.0004,0.16405943934579983,0.09048347316357552,0.020931479188465607,0.015013100542067677,0.2375475310441374,0.07535714369980855,0.14646501561287895,1,0.16405943934579983,0.09048347316357552,0.020931479188465607,0.015013100542067677,0.13615054295525097,0.06813629713515286,0.1825175864462242,0,1.0,1.74474170934605,1.0,1.0
sparse_full_noisy,6,0.20584225982105006,-0.31021929581309104,0.6166839072459631,0.6581739850455219,0.1082967607631754,0.23352925419130266,0.9974437700703556,0,0.0004,0.11281205452099481,0.1873117485261581,0.004678645422269367,0.015365197862744569,0.05628621576080017,0.07552418701276904,0.18823217060747557,0,0.11281205452099481,0.1873117485261581,0.004678645422269367,0.015365197862744569,0.06626165808653128,0.08497088407225996,0.17220628309170313,0,1.0,0.8494537774363546,1.0,1.0
sparse_full_noisy,7,0.06054786721605593,0.48370029612121523,1.1249725574461438,0.371304794930059,0.07462378287058358,0.5540714221993575,1.2634031050892436,52,0.0004,0.04649133657643136,0.16949102050791753,0.011357893059114499,0.004094673387482661,0.46753015335904147,0.05040885687962205,0.17969961066621623,1,0.10200882568314669,0.15199342128901586,0.45617226029992697,0.010676399045868012,0.47780813849355996,0.04871703648976225,0.17697665709725063,1,0.024898254557712125,0.9784893050023739,2.194146978662251,0.896763857067671
sparse_full_noisy,8,0.1739354691679291,-0.6206232768591229,1.04112334561054,0.3098688288629298,0.3063581230002351,0.383773048136835,1.7266932374117727,13,0.0004,0.02719019255122455,0.1332663304636689,0.054731011361821125,0.01518167048112156,0.1429578008461303,0.0799954982252552,0.19560659460866467,0,0.02719019255122455,0.1332663304636689,0.054731011361821125,0.01518167048112156,0.12884718055147504,0.07976483998201395,0.19477008907571278,0,1.0,1.109514389327425,1.0,1.0
sparse_full_noisy,9,0.13045094609708688,0.2323819672149014,0.8388452722949072,0.5552051807792512,0.2421663077377853,0.2026285114829635,1.5384098820617271,55,0.0004,0.060630058677063635,0.03967142821551558,0.028019949205302153,0.016482160617607173,0.9516195503790882,0.08706664682841647,0.1750358823941345,0,0.060630058677063635,0.03967142821551558,0.028019949205302153,0.016482160617607173,0.9516195503790882,0.08706664682841647,0.1750358823941345,0,1.0,1.0,1.0,1.0
sparse_full_noisy,10,0.1730503968788584,-0.525681595993132,1.181622167996701,0.7015081227464559,0.2304282561836193,0.06806362106992478,1.3784779465569295,23,0.0004,0.06881129915051447,0.34173591593657654,0.6738010595467046,0.01303801555939361,0.7579141681041895,0.052529309799135664,0.22144756552981906,1,0.028737134320813835,0.04159849730231165,0.01111329174862008,0.007979189528329522,0.7579141681041895,0.05252930979913567,0.22144756552981906,1,60.630196235995456,1.0,0.4176223189443878,0.12172702769126556
sparse_full_noisy,11,0.18110529909826975,-0.13917865762643777,0.5868566068444723,0.35111167156438083,0.1873194074094697,0.46156892102614944,1.5015492511917952,58,0.0004,0.06907185582986813,0.20791973473812222,0.8268263377023288,0.019678987003161817,0.899175648197125,0.07418502588855146,0.14553835541317303,1,0.06907185582986813,0.20791973473812222,0.8268263377023288,0.019678987003161817,0.8882525191162994,0.08086204467111491,0.16763438800667,1,1.0,1.0122973240669138,1.0,1.0
sparse_full_noisy,12,0.202551700064671,0.02913505313788718,1.353631193509039,0.15968881261457205,0.4002479660822354,0.4400632213031926,1.3428049508632396,57,0.0004,0.09029185659694351,0.2410286637058402,0.5948971323199846,0.007259096854801834,0.6108837949063857,0.07547235147783748,0.16259392467389888,1,0.057693822537454996,0.17660769650652522,0.020988840961326805,0.018886312877893077,0.611019677615587,0.07313947504251554,0.18827395139590927,1,28.343496118538333,0.9997776132026851,0.6389703868311863,0.7327248709392649
sparse_full_noisy,13,0.18152911511706138,-0.06772919284287061,1.3064790302162177,0.43714433932512525,0.18599142011466466,0.37686424056021006,1.4044486741797164,51,0.0004,0.06506786858079576,0.0763794190184962,0.7253325965267704,0.014007246573736039,0.7193827221300052,0.07853941829718823,0.14052632934100234,1,0.08774179162534283,0.05498264655952568,0.7045742446934828,0.013227111395919656,0.7193827221300052,0.07853941829718822,0.14052632934100234,1,1.029462263188911,1.0,1.348465741065308,0.7198620684220047
sparse_full_noisy,14,0.10932183456061628,0.2951180771777425,0.8744151788396661,0.12181151414518264,0.5767816080419017,0.30140687781291564,1.133980322581789,46,0.0004,0.07545802634634446,0.10275692139378911,0.29690257335348746,0.020659287322912105,0.3854808997721392,0.07438080860382407,0.21569908339242638,1,0.049934366907292894,0.10655919791536521,0.026041605844699722,0.009335816862565415,0.3229441791981872,0.07083445645296538,0.15974491567451968,1,11.401085444733294,1.1936456037982153,0.6617502381800892,1.0370026317449201
sparse_full_noisy,15,0.12167484292595426,-0.3347208196705577,1.4108049130507039,0.4625840516068655,0.22655192277985914,0.3108640256132753,1.429248462006438,59,0.0004,0.13613694089603487,0.044469115916697576,0.0014237598976372112,0.005271214884589008,0.7820488178650372,0.04504903099060827,0.14806378850724802,1,0.1267919869986693,0.16522718501414926,0.7476449586190351,0.01779602867082106,0.7820488178650372,0.04504903099060827,0.14806378850724802,1,0.001904326219582914,1.0,0.9313562223753645,3.715549131304151
sparse_full_noisy,16,0.1063906932050743,0.6178632232948523,0.6625063267826793,0.2040593349870745,0.30974369759701875,0.48619696741590673,1.0560228599605848,46,0.0004,0.05777232258887092,0.2619879227608695,0.16256221509560753,0.02187124858412722,0.25881850605670875,0.09280182424190536,0.11137445225632409,1,0.09445401466170948,0.011092088416133525,0.014852060436321812,0.014393056503588278,0.21988386731291654,0.08579006153716268,0.15200583115577096,1,10.9454318336902,1.1770691011559495,1.6349353882460114,0.04233816696297818
sparse_full_noisy,17,0.12139396752437472,0.20407646362187776,0.9884984427000586,0.3316498647784303,0.4589229621449223,0.20942717307664743,0.893312850905949,19,0.0004,0.09304417456115177,0.07747472653469668,0.00014779395902819736,0.01563259084154786,0.2442408116524164,0.07899981810670019,0.1240866659044511,1,0.02439096417480339,0.09597717768618941,0.015565836293797819,0.016972991669916757,0.2442408116524164,0.07820358566503373,0.14120866552373837,1,0.009494765089305584,1.0,0.2621439148645768,1.238819186321445
sparse_full_noisy,18,0.12062850270570978,0.12677964083323034,0.5786528191734057,0.20763495857336198,0.232577357706132,0.559787683720506,1.3747700222636183,12,0.0004,0.042183425797725445,0.1943320331966675,0.6735404724557994,0.012812598219029834,0.7528377703740219,0.06322155353030728,0.15212144834944635,1,0.040773858119291594,0.08835988931505545,0.02372877751933289,0.006299069604469488,0.7068823097341728,0.049267933004328614,0.14934765421658647,1,28.384963022517113,1.0650114736314888,0.9665847983709788,0.4546851482052558
sparse_full_noisy,19,0.0852009508210686,-0.6001624647301089,1.1768176819684255,0.4739572736220316,0.06337936932339756,0.4626633570545708,0.6756687576334509,50,0.0004,0.06848989703613974,0.02757921631785026,0.7756851215012005,0.010901655622066601,0.7750856108828356,0.06182415355520535,0.22893204819681134,1,0.06814580856127085,0.06346175868215355,0.7538308044024179,0.01457707850103755,0.7864135692883366,0.04950945782740946,0.21115561003562588,1,1.0289910109419145,0.9855954184313576,0.9949760696137808,2.30107186334656
sparse_full_noisy,20,0.2005962984713034,-0.12854040954608864,0.940459411242719,0.17690607951438345,0.3136816265225461,0.5094122939630705,1.6683297361056497,39,0.0004,0.16231093673084426,0.01623350505365197,0.0561571908870504,0.0267387337833139,1.1307659138542272,0.076840035697351,0.20245980730587418,0,0.16231093673084426,0.01623350505365197,0.0561571908870504,0.0267387337833139,1.1307659138542272,0.076840035697351,0.20245980730587418,0,1.0,1.0,1.0,1.0
sparse_full_noisy,21,0.12442730678193749,0.6273890697623637,1.1417714154515,0.4727918433174452,0.29370347023373883,0.233504686448816,1.0652325294204625,39,0.0004,0.06058911587531654,0.1439622603860982,0.01767571883769059,0.012863421418114014,0.15127388385213159,0.0786155145721367,0.16304724968955367,0,0.08557988101688678,0.11049269820005841,0.03805475628339505,0.017796689544683133,0.09554340873104594,0.07718196641848302,0.1584209439132438,0,0.4644811993028918,1.5833000503254657,1.4124629445492742,0.7675115540956609
sparse_full_noisy,22,0.17801063390137878,-0.5079350008487725,1.3728032792482747,0.35783007061907424,0.30392545179440206,0.3382444775865237,1.521667088506552,19,0.0004,0.06337708537310068,0.043136204538310685,0.8891296902436968,0.015716781964309742,0.9934103585566751,0.04657254977769307,0.15088101898059605,1,0.06337708537310068,0.043136204538310685,0.8891296902436968,0.015716781964309742,0.9876577702426402,0.05333030933085209,0.15384721104248253,1,1.0,1.0058244753267336,1.0,1.0
sparse_full_noisy,23,0.18305143701727003,-0.44654450845753624,0.8498310388059367,0.4803123500299478,0.3951639205134687,0.12452372945658352,0.6198295400612795,21,0.0004,0.09473822463771014,0.09324035580560092,0.0015388143993340098,0.0065285573765180805,1.0691525554528325,0.0775296664672908,0.16389662363393884,0,0.09473822463771014,0.09324035580560092,0.0015388143993340098,0.0065285573765180805,1.0691525554528325,0.0775296664672908,0.16389662363393884,0,1.0,1.0,1.0,1.0
sparse_full_noisy,24,0.1826132829317726,0.6947540214365477,0.6202884324136048,0.06835122184893279,0.6898168437530889,0.24183193439797823,1.245857727964475,32,0.0004,0.12284408421200155,0.1610860262236781,0.027107416708636478,0.008993760704689031,0.5571434967452991,0.04880749300707904,0.14234533080497422,1,0.1471553007256613,0.23130774807989204,0.4704532031591031,0.019495091340125285,0.5127479980927774,0.053448235952973065,0.18149890003830504,1,0.05761979411896785,1.086583465596464,1.1979030302485223,1.4359268367493694
sparse_full_noisy,25,0.14523114407174248,0.015540525088205736,1.2004893107472734,0.30430308938984385,0.40519698818250927,0.2904999224276469,1.5475281832784695,35,0.0004,0.13533585753040925,0.2612728820674348,0.8712599150266537,0.02212538407341216,0.8958973535395145,0.06756579829125142,0.14576776395894198,1,0.13533585753040925,0.2612728820674348,0.8712599150266537,0.02212538407341216,0.8958973535395145,0.04453127926971397,0.20825077727346072,1,1.0,1.0,1.0,1.0
sparse_full_noisy,26,0.10943496551272186,0.06269099135744667,1.4473615638161772,0.39601591496742705,0.3966417109693445,0.20734237406322847,0.8477402950637111,22,0.0004,0.041147738827157755,0.06312021694931197,0.28946185634992483,0.01763759233896181,0.31291324925185526,0.06248200541081392,0.13256262896254153,1,0.11983833485701352,0.025713829417599976,0.3011154478444863,0.013721616354732766,0.31788737523552324,0.07197338745740291,0.13329109312213644,1,0.9612985930214378,0.9843525525982822,2.9123917443045375,0.40737866028326863
sparse_full_noisy,27,0.12227011294074447,0.36591223273345713,1.0532129719143366,0.2452704892297527,0.5618909207523312,0.19283859001791614,1.0321940770088425,27,0.0004,0.02803747956358756,0.03962160541811949,0.008744098564926306,0.0077746656670788705,0.08578464065349012,0.07757231972870378,0.1557872862280305,0,0.07350967002357357,0.3333444139000881,0.018264568428655537,0.010196353545192478,0.08578464065349012,0.07831603247897277,0.15189399773348453,0,0.47874651947469876,1.0,2.621835884244068,8.413198061571864
sparse_full_noisy,28,0.17355255547559623,0.3121419583378081,0.9899898689492642,0.35426978106111456,0.09847186228980705,0.5472583566490783,1.6947851635843088,22,0.0004,0.08899610056769915,0.25729709069224194,1.0846824201460727,0.029229528430099554,1.1550709131077161,0.046267155057356076,0.12814519550309222,0,0.08899610056769915,0.25729709069224194,1.0846824201460727,0.029229528430099554,1.1550709131077161,0.04672505574586127,0.13402665297848926,0,1.0,1.0,1.0,1.0
sparse_full_noisy,29,0.0639958812694605,0.49248496194942204,0.7183761216134764,0.1477161130969049,0.42855132686222003,0.42373256004087506,1.6532754960152183,9,0.0004,0.1491786969870975,0.062075032068874776,0.05359480063890487,0.01864563484737767,0.11869399459827634,0.06653849269327833,0.1809941607714769,0,0.21288606820887654,0.10002632160289728,0.00648931318169188,0.0036447203729855345,0.12884718055147504,0.08009472897531732,0.1984292229380522,0,8.258932669501974,0.9211997817123949,1.427054080163263,1.6113776871176482
sparse_full_noisy,30,0.11564315387965302,-0.35445304258122845,0.7861810572542469,0.11648825328013648,0.5810294053051536,0.30248234141471,1.3842348731208989,21,0.0004,0.13483676334356864,0.13104121692162543,0.01281553547538139,0.005922304523127195,0.7012804627892305,0.051173860292755134,0.170477464258976,1,0.09580604831653834,0.10334336092133528,0.03642366304990796,0.010538100710732695,0.7452292535251058,0.05647134155059727,0.1687228441669525,1,0.351846420768319,0.9410264820818729,0.7105335810562382,0.788632487922819
sparse_full_noisy,31,0.17432345797123705,0.027260983137646397,0.8755089740725804,0.21868545957106597,0.35307624005761273,0.42823830037132127,0.6741595935878443,63,0.0004,0.066825321599634,0.0658679630854103,0.01561355264575004,0.012570513192916266,0.7859016198794916,0.09278573908191383,0.13980712359234163,1,0.11571627751771159,0.08894538982751432,0.0357304444788803,0.02600744249844682,0.7634948389546702,0.08155351877458183,0.15080555204657012,1,0.4369817636883573,1.0293476521144522,1.7316232043145956,1.3503588946902723
sparse_full_noisy,32,0.08302028223087433,0.46752308602092235,1.446266625063243,0.3053698468288886,0.35623815002980674,0.3383920031413047,1.2386917619234787,55,0.0004,0.04886525646952263,0.15067437270161255,0.4354052202539247,0.0028291684270356663,0.4884243126956408,0.050754574243780694,0.1996220180433904,1,0.04886525646952263,0.15067437270161255,0.4354052202539247,0.0028291684270356663,0.4943713778956327,0.049093890308238346,0.1899604252705954,1,1.0,0.9879704500181493,1.0,1.0
sparse_full_noisy,33,0.17543144571500935,0.41014720788065195,0.8734285099161012,0.23709970781667397,0.648527542126426,0.11437275005689995,1.0256681395369247,37,0.0004,0.10124029383539661,0.09508853199095273,0.01527003603684407,0.005361343447930232,0.08578464065349012,0.07757231972870378,0.1557872862280305,0,0.017490327594575954,0.41088841592958664,0.011738630956737772,0.015539974996456941,0.059823143038248316,0.06677492738808354,0.1481868908237682,0,1.3008361957302468,1.4339708062253291,0.17276053764732177,4.3211143060730075
sparse_full_noisy,34,0.16181703669233619,0.10614628184139756,0.6059750205146802,0.20166028460248764,0.2539988206468568,0.5443408947506556,1.588597109282334,0,0.0004,0.1326783601619205,0.20690212017295376,0.08366105052154738,0.016337814563966557,1.1213813226416511,0.06654210591574386,0.1843367671635615,1,0.1326783601619205,0.20690212017295376,0.08366105052154738,0.016337814563966557,1.1213813226416511,0.06905200714598032,0.1598207190380938,1,1.0,1.0,1.0,1.0
sparse_full_noisy,35,0.1307041728963862,-0.3932513496324964,0.8003988180089241,0.24199038887891314,0.5472564188139909,0.210753192307096,0.9277091627561227,7,0.0004,0.16126106712633978,0.06751780780976262,0.002900837379298471,0.014876577383524377,0.16761699505889893,0.06891411097789955,0.15722724195189522,0,0.12701516635588098,0.2405071200371782,0.14878651950252308,0.015137971329497778,0.16761699505889893,0.06891411097789955,0.15722724195189522,0,0.01949664115403465,1.0,0.7876368959928257,3.5621286863286237
sparse_full_noisy,36,0.16258792811279754,0.4972396253088848,0.8110797173990859,0.2524654015766255,0.1890630079456292,0.5584715904777453,1.1957879640956546,5,0.0004,0.07178084290278398,0.11529359562789947,0.3576340059508869,0.016225805218143832,0.3876039979025937,0.045934244140727755,0.13759290496563747,1,0.07178084290278398,0.11529359562789947,0.3576340059508869,0.016225805218143832,0.38651772187998634,0.045351956109365904,0.11379039691118414,1,1.0,1.0028104171196182,1.0,1.0
sparse_full_noisy,37,0.21540607537572304,-0.34567384073306495,1.1875264094273812,0.5488667889462431,0.2539137452434172,0.19721946581033972,0.9014268414206908,39,0.0004,0.10625887470155433,0.023717421766886754,0.010612470065660462,0.011760844763482228,0.3358352438216774,0.06119640776267816,0.17986020483546414,1,0.10625887470155433,0.023717421766886754,0.010612470065660462,0.011760844763482228,0.3358352438216774,0.05021992016281205,0.16430440235322222,1,1.0,1.0,1.0,1.0
sparse_full_noisy,38,0.12449037892514184,-0.574697391359984,1.0966575838250525,0.6062497183359832,0.31771817222469634,0.07603210943932048,1.0333932409391846,53,0.0004,0.040144342387895694,0.07558016604250038,0.007544934634584166,0.008194771926416052,0.1101110957315583,0.08352192466747362,0.16044881080166026,0,0.040144342387895694,0.07558016604250038,0.007544934634584166,0.008194771926416052,0.08578464065349012,0.07831603247897277,0.15189399773348455,0,1.0,1.2835758813320677,1.0,1.0
sparse_full_noisy,39,0.20261815771537856,0.3586670731747864,1.137536192720235,0.5078682833716208,0.39108856848560947,0.10104314814276971,0.7265271605267325,58,0.0004,0.020928721512785558,0.25442684762827533,0.6863500496387596,0.013210614678237755,0.6985145539390545,0.07932400673663387,0.15656741524170087,0,0.020928721512785558,0.25442684762827533,0.6863500496387596,0.013210614678237755,0.6985145539390545,0.07932400673663387,0.15656741524170084,0,1.0,1.0,1.0,1.0
sparse_partial_high_noise,0,0.13695406470271307,0.44969555265241784,0.9378402051581187,0.2554397756353748,0.48289257625330745,0.26166764811131776,0.7654969671426375,17,0.0009,0.14269936916869844,0.016626170301325866,0.5851702324403623,0.07181095856640718,0.6404459275242682,0.06301733840901431,0.17119683594515256,1,0.0940012594779611,0.07699160188580793,0.5800238568579774,0.06574434282960145,0.7363223123219307,0.07150506416270787,0.16714269403528279,1,1.0088726963926329,0.8697901948735951,0.658736335174918,4.630747820480835
sparse_partial_high_noise,1,0.17835265520830643,0.334226047532817,0.9770648275699909,0.2183950663717417,0.5508319448033461,0.23077298882491226,1.760701299425863,19,0.0009,0.03990529224120897,0.18499793668979522,0.04106215779228983,0.06304211742391318,1.1751733285262975,0.07399245606448435,0.13296113779102217,1,0.08201917246008153,0.09958993405269416,1.150598555987627,0.07518893735398802,1.1751733285262975,0.07399245606448435,0.13296113779102214,1,0.035687649335735296,1.0,2.0553457412193272,0.5383299718617224
sparse_partial_high_noise,2,0.15333620182109725,-0.09576363629422102,0.7394703161517492,0.15392482176159944,0.28811753769779813,0.5579576405406025,0.9929326650191058,59,0.0009,0.12121958927780781,0.026566780797224188,0.16502277251278186,0.06835202491913198,0.28992877254355987,0.06477696930605364,0.1565635548202282,1,0.13850549936591264,0.10276614420305948,0.012112658417150146,0.01261882812796049,0.0735613183554461,0.08809215094733991,0.16329411450435463,0,13.623992919599582,3.9413210505911906,1.142599972422687,3.868219675821503
sparse_partial_high_noise,3,0.10851801687723418,-0.2641845866066037,0.8553722503310569,0.21016806610389008,0.595940723596342,0.19389121029976797,1.7492897084326386,39,0.0009,0.1400634117845646,0.08468529066700586,0.03768135699709774,0.01804253980658391,0.1435036116738888,0.08253320051334724,0.16464214957911574,0,0.1400634117845646,0.08468529066700586,0.03768135699709774,0.01804253980658391,0.12914234778018474,0.08845288285455123,0.16046180584025405,0,1.0,1.1112049156652208,1.0,1.0
sparse_partial_high_noise,4,0.15506958145617486,-0.40528665725966484,1.419642726735313,0.4143216086724576,0.32642428729280365,0.25925410403473875,1.778283162021153,45,0.0009,0.08383660218226811,0.07181385362175785,0.0024707737278255593,0.011793353120074726,0.14675495822427664,0.05392780567121036,0.14535071946356568,0,0.08383660218226811,0.07181385362175785,0.0024707737278255593,0.011793353120074726,0.14675495822427664,0.05392780567121036,0.14535071946356568,0,1.0,1.0,1.0,1.0
sparse_partial_high_noise,5,0.17139461749286017,-0.055687740037061915,1.4237728119245283,0.5491280244828576,0.09155057708596857,0.35932139843117383,1.1958100606141495,38,0.0009,0.048625419572928985,0.16376445614744548,0.2766373110835122,0.0419005935421411,0.31847063819695554,0.06487024296782525,0.11803764868828466,1,0.1581369443480407,0.19926838050598406,0.22874858467375314,0.08362082556424297,0.16761699505889893,0.06678390997623514,0.15081112435895863,0,1.2093509189491123,1.899990141721895,3.252145600735949,1.2167987192933525
sparse_partial_high_noise,6,0.16851583651636715,0.6255162381470996,1.113264660354614,0.24216789438785039,0.37011064762422063,0.387721457987929,1.4633787643073435,34,0.0009,0.11345628237722771,0.04092751900663158,0.7842626866543975,0.036416153222114604,0.8441892380709758,0.08334198615028665,0.20047863587687567,1,0.1340148507604705,0.10314539869418922,0.7534887262406189,0.017700412240016245,0.7282700122280499,0.04755754426987632,0.14741558792671572,1,1.0408419653036072,1.159170670076454,1.1812025561959467,2.520196708661386
sparse_partial_high_noise,7,0.14496131076730717,-0.20279161144538205,0.9504625218872916,0.4085920166552455,0.25377560726893555,0.337632376075819,1.2436976182736077,11,0.0009,0.01701936900600798,0.18024547356735862,0.05724085970352322,0.027644255827974893,0.5652116288299007,0.06527585963101916,0.1533341390609381,1,0.01701936900600798,0.18024547356735862,0.05724085970352322,0.027644255827974893,0.5538076711905718,0.06541052660964367,0.20909243007848552,1,1.0,1.0205919098498812,1.0,1.0
sparse_partial_high_noise,8,0.08950876802948529,-0.40462394535804597,0.5700442527055816,0.658195468472211,0.16504518697339268,0.17675934455439632,1.1326586990892005,15,0.0009,0.02386823440738764,0.0061876188855208665,0.25120648975788096,0.024254131433172062,0.3132343265339038,0.07586663880396656,0.16944486491232824,1,0.027216868606663166,0.1481435567693633,0.23919805422422324,0.03468406974724659,0.2847541807961391,0.09295956169440663,0.10545614668356235,1,1.0502028980653875,1.1000166025943414,1.1402966864712483,23.941932997202162
sparse_partial_high_noise,9,0.1918087233223479,0.12193298735132478,1.1696086263248167,0.3608637789443937,0.23082738541325382,0.4083088356423525,0.6802704124057365,59,0.0009,0.09248507282064226,0.11793533944429169,0.6940292875979232,0.034346934086152844,0.7259953348938504,0.08445292815678838,0.13498778457306007,1,0.061052433536579,0.25428787962406746,0.5400289922155471,0.0756182365576259,0.4815699000200869,0.0672061914952947,0.23133355739633452,1,1.285170421592677,1.50755961878757,0.6601328373820814,2.1561635453992456
sparse_partial_high_noise,10,0.16227839350998643,-0.4412200469071322,1.1438213631017213,0.14353342546955075,0.41997028725176117,0.4364962872786881,1.5048339103680533,51,0.0009,0.030183971543116684,0.06470177120272262,0.13297904966910346,0.06776028062929791,0.8952319539966135,0.08651515363197011,0.15918533461635861,1,0.15083423709346874,0.2798186738415933,0.02905106135750546,0.015186706816759245,0.9034268876030952,0.07416717705166152,0.17535307986482687,1,4.57742483252674,0.9909290572165459,4.997163374541605,4.324745190744
sparse_partial_high_noise,11,0.17955890563182647,-0.3150647175238402,1.0753595765739892,0.301985492661644,0.5054204385277442,0.1925940688106118,1.759419984132933,23,0.0009,0.11086161282815943,0.043862983192759275,1.149317240694697,0.08823458688605477,1.1751733285262975,0.06248872398430394,0.14345126728308327,1,0.11086161282815943,0.043862983192759275,1.149317240694697,0.08823458688605477,1.1751733285262975,0.07399245606448435,0.13296113779102217,1,1.0,1.0,1.0,1.0
sparse_partial_high_noise,12,0.12382592612799398,0.010777090479360417,1.2713557697186606,0.3634426406080521,0.5866642543341727,0.04989310505777522,1.7898065177537594,11,0.0009,0.04838132954704417,0.01195384999908411,0.15128540401350254,0.03359208667009904,0.25915451097353204,0.0743187901504029,0.14421851991254722,1,0.04838132954704417,0.01195384999908411,0.15128540401350254,0.03359208667009904,0.14675495822427664,0.07773934969756599,0.17906402022756893,0,1.0,1.7658995246857827,1.0,1.0
sparse_partial_high_noise,13,0.18812531323886733,0.07711041853249012,1.3388064497776322,0.6458689737246985,0.19864304247588688,0.1554879837994146,1.0095915570090097,49,0.0009,0.07157374324854486,0.0744096254151585,0.11877718565397932,0.053438940047639855,0.2809559708059053,0.08256638049094557,0.18608995832303796,1,0.13715500596221267,0.1511715342082318,0.04867544195847351,0.036657178671188104,0.12195168336222018,0.09332902182824232,0.1536404472960349,0,2.4401871020567563,2.3038301978285243,1.9162754347768602,2.0316126222217963
sparse_partial_high_noise,14,0.10288083987260314,-0.331628958684471,1.0324299478267895,0.1162729960259123,0.4105034139630679,0.47322359001101977,1.125627662483969,24,0.0009,0.1936124610362875,0.1781498852809383,0.19501766234854778,0.07493811173972087,0.22744405384139776,0.0906382085110757,0.17079370838265295,1,0.07755901448189202,0.10805792235168199,0.12058233904771298,0.05476662472709558,0.0735613183554461,0.08809215094733991,0.16329411450435463,0,1.6172987179439406,3.0918974663068823,0.400588960373556,0.6065562275343434
sparse_partial_high_noise,15,0.17579969518881483,0.1603708790187029,1.2581333985693093,0.29805407644776283,0.4881275843514158,0.21381833920082138,1.6029347232505062,57,0.0009,0.07556753378477665,0.07667887498120424,0.9238186455975602,0.06784379158174528,0.8936106746319853,0.09207024089736109,0.1455070003959483,1,0.04647303532435679,0.062484625566566344,0.1113595053966221,0.05821217414103531,0.9034268876030952,0.08063653396711527,0.17748615699564127,1,8.295822097155101,0.9891344688698014,0.6149867938884482,0.8148870935036902
sparse_partial_high_noise,16,0.21232900201228383,0.45656972227174586,1.3286338961465711,0.33254978789890943,0.4415893337445624,0.22586087835652818,1.2745849444535593,1,0.0009,0.17453440808742826,0.17444429541893677,0.4531604783722407,0.07493985173630259,0.4926980752304284,0.06265069715794212,0.13406149023350852,1,0.12278474089489211,0.09705592761275694,0.20501237367014236,0.13392345886229426,0.308261586678619,0.08105300734843275,0.12619650427373577,1,2.210405500213172,1.5983116175421992,0.7034987670361619,0.5563720348646096
sparse_partial_high_noise,17,0.14411570816006403,0.13345998978448986,1.4014278998172702,0.5995022661872189,0.3059926828967105,0.09450505091607059,0.7371094710067987,55,0.0009,0.06248349040774486,0.06624531588490225,0.7038897283253569,0.052906816954053526,0.7787218993618658,0.07192801803534739,0.16915180896684298,1,0.10712354648101664,0.324108296039146,0.03243258399657378,0.05247355360229589,0.7452292535251058,0.06672600035084351,0.19933011803193612,1,21.703165199532563,1.0449427416842965,1.7144296162388941,4.892546615707397
sparse_partial_high_noise,18,0.0821099633772082,0.04215036749227987,0.796166857037035,0.3849343611995058,0.24456326882310042,0.37050236997739383,0.7877678419066718,60,0.0009,0.07708230744172768,0.116219222402883,0.03985055927417602,0.027952879472821855,0.6077027433849602,0.07454369611024084,0.14239591848122726,1,0.0921338086814194,0.2416427442123167,0.4751536481187788,0.02389802602911835,0.4975606198677396,0.050451138238941956,0.1945225532914484,1,0.08386878524862802,1.221364230043966,1.1952653175447594,2.079197736968531
sparse_partial_high_noise,19,0.16009817638330917,0.18058764680267736,1.188713926505337,0.4602681680315781,0.42727438636447473,0.11245744560394716,0.8482404580709927,61,0.0009,0.039051797828618645,0.11980952666955691,0.5191241967373167,0.07235908800699781,0.5854068569634574,0.07191040943963016,0.18644956370033003,1,0.020093981670058842,0.451522139649671,0.3720589465502909,0.02343783674140989,0.43825032377671436,0.07012576673088862,0.20483851142712303,1,1.3952740595290243,1.335781915501147,0.5145469040437674,3.7686664174460915
sparse_partial_high_noise,20,0.21943314756656537,0.17024326478057922,0.9347739927642311,0.34813812404548744,0.3443230270882677,0.30753884886624483,0.9137765774041268,38,0.0009,0.16318070204131283,0.10748102770816376,0.07504205470051206,0.05261787482080248,0.1216327114458422,0.07866708358659037,0.16893180573791886,0,0.25627619773095717,0.06417971691317892,0.0912687460321292,0.03168828083484913,0.0735613183554461,0.07978099685840247,0.15713784614379026,0,0.8222097701889661,1.6534873784903712,1.5705055470718292,0.5971260070888225
sparse_partial_high_noise,21,0.15746937536204253,0.17952838645951164,1.036936841321961,0.3721037582649696,0.3972704689479439,0.23062577278708657,1.7736538676463465,10,0.0009,0.01451411939534399,0.18509608071501238,0.05401472601277324,0.0636935687026233,1.1601497307490056,0.07872388431230887,0.1830041467730875,1,0.13165302576581822,0.31859490254050776,0.008173690214543727,0.049498006268143775,0.06131805515804789,0.05441891341368759,0.1674709476253601,0,6.608364715934913,18.92019777468004,9.07068642469976,1.7212406730050651
sparse_partial_high_noise,22,0.11771888221326723,0.05332729975213557,1.1951370941679582,0.2747552120275168,0.38905478010978917,0.3361900078626941,1.7526958885595212,23,0.0009,0.09637212011413769,0.06545773705482566,0.02292591232989416,0.008827676152623776,0.14675495822427664,0.07737175795681078,0.17892217833939605,0,0.07702503063599984,0.12818617769057608,0.07620536914240894,0.018409930417313997,0.08298379339610062,0.08754205117527115,0.2398298860619905,0,0.3008437933953356,1.7684773401931828,0.7992459909025116,1.9583044489180972
sparse_partial_high_noise,23,0.08479364704140684,0.3190792662408289,0.9916478914659584,0.4053964258579749,0.13695300526753654,0.4576505688744885,0.9112292063706863,30,0.0009,0.20467544696924214,0.10453021885250134,0.27059397394441154,0.0675733452171104,0.34474543108679623,0.09741986651073532,0.15664864487727403,1,0.017823852041532178,0.26589088858713555,0.0558322695697101,0.04988212556495143,0.18303503739366855,0.07080529026642833,0.1608020180883394,0,4.846551573665798,1.8834941986835219,0.08708348903330197,2.5436748483452827
sparse_partial_high_noise,24,0.15579181678849,-0.10161961128221442,1.04995084655029,0.7565925768394915,0.09549602986072003,0.14791139329978842,1.1792730149387787,46,0.0009,0.10187530834049846,0.0439245324609403,0.019251086512289906,0.04551076311689176,0.353192428245345,0.05585094612531786,0.16639919661287836,1,0.08030679679974055,0.16713188846632968,0.1383348393650099,0.0580330448612723,0.13615054295525097,0.0832636829059279,0.16233175265830688,0,0.13916296574786952,2.5941316176860925,0.7882851900809041,3.8049782001652717
sparse_partial_high_noise,25,0.2091922385713905,-0.3030211738855241,1.1133021103869432,0.596794343356936,0.3331512962583976,0.07005436038466634,0.6995295608348275,2,0.0009,0.10693585523384715,0.010871830299758689,0.9389915529054293,0.09888621662128787,1.0100806576432202,0.0641268373795774,0.14326879916201132,1,0.1477481447956611,0.21571546803363026,0.7299700012010413,0.06276897423527698,0.7661268632307857,0.04687092367307755,0.20069244438867637,1,1.2863426597811947,1.318424801583999,1.3816520611591472,19.84168829773017
sparse_partial_high_noise,26,0.06549605254357088,0.6857811033328143,0.5629711124965311,0.6185050901645138,0.2036382613257663,0.17785664850971988,0.9134374998351237,41,0.0009,0.14079139341558625,0.14582238396581723,0.19991417293475278,0.03179568189065327,0.2976410382813798,0.062176544893607195,0.1285685530253109,1,0.16336023135818772,0.1016381710434177,0.15613507094829326,0.05312575953335894,0.17404772049250794,0.07351988004722498,0.16957656622885245,0,1.2803924942715637,1.7101116718974325,1.1602998407436957,0.6969997902876357
sparse_partial_high_noise,27,0.06332521058472912,-0.06699193518380125,1.2424469271952479,0.23965255658796092,0.48798193895385844,0.27236550445818064,1.54271863076121,33,0.0009,0.2204010547313948,0.2618005210478664,0.028836830749567666,0.08286284304729576,0.8829550611273551,0.08078707738898831,0.22479334126589215,1,0.0041571462764182455,0.20608291488653538,0.8664503625093941,0.03958292490092145,0.8622466440210119,0.09031249043859664,0.1843223614298152,1,0.033281572721662996,1.0240168138083685,0.018861734947160782,0.7871753427444712
sparse_partial_high_noise,28,0.07846418421622157,0.3692722412125502,0.8830669747554732,0.0635363949770789,0.7635366118052431,0.17292699321767802,1.1696684803861517,56,0.0009,0.07398875025617167,0.27059325319805616,0.28404638887158373,0.026474871214590065,0.3729830851400471,0.07878132283453643,0.19911053067105774,1,0.031585790100908694,0.13375061471708222,0.320092916525758,0.040767074708481316,0.38467798824699007,0.07386826394793052,0.19424135878067447,1,0.8873872997708977,0.9695982004059093,0.4268999002084646,0.4942865837796248
sparse_partial_high_noise,29,0.09938283816901106,0.01733946278757432,1.4034091141524354,0.34702725879017293,0.24381562457384925,0.4091571166359778,0.8107453601771523,33,0.0009,0.01710802390406178,0.15503617255517946,0.4582788407012569,0.038312005114783526,0.5975336732646703,0.06225101723199061,0.18654714094391436,1,0.016123986552153812,0.04974444101812172,0.010077095041400974,0.020248614506327263,0.43825032377671436,0.05490941781000038,0.18261103775509757,1,45.47727681623061,1.3634528963157362,0.942480945933543,0.32085699871374856
sparse_partial_high_noise,30,0.2143980405565941,-0.1314458602094241,0.5506687226124437,0.35981338809180063,0.3616463790551589,0.27854023285304047,0.6620786266148102,10,0.0009,0.05202429299740243,0.0427712167305034,0.005443588759501572,0.04205466021541114,0.8311868066562504,0.07743695994532247,0.14695994005831495,1,0.15138030813215633,0.18157572783015605,0.047811411451914365,0.031149400360426148,0.7436863757143355,0.05783987094573295,0.20021388404423424,1,0.11385542894872247,1.117657703299819,2.909800391515455,4.245278523971955
sparse_partial_high_noise,31,0.07756118839171218,0.673450995081252,0.7022951492420881,0.6165639397304549,0.19389383589981113,0.189542224369734,0.7692741428225746,54,0.0009,0.13423406556142028,0.08874610473891566,0.7540311729013472,0.09248916384110692,1.0120647983025357,0.05470579391318908,0.14011820830132904,1,0.017269042448263158,0.4490338731497343,0.03935447206164755,0.03652114164620499,0.6860740410882511,0.07097788508263901,0.18916810304075726,1,19.15998699512932,1.475153901315371,0.1286487329131927,5.05975867302298
sparse_partial_high_noise,32,0.1750028685994145,0.42939529983806457,0.6883841844292897,0.26138454022834023,0.15276060437259353,0.5858548553990662,0.8643154824492142,29,0.0009,0.12262028642202161,0.2907425028177202,0.014739918588820511,0.02454109507480945,0.3869372326261472,0.09949647902729601,0.14535427910635015,1,0.06339248085763294,0.13920617771578064,0.09660063260132201,0.048037814470201244,0.1235125597946195,0.06766366063784492,0.14429939186335747,0,0.15258614971656811,3.1327764016028685,0.5169819995319157,0.4787954164481255
sparse_partial_high_noise,33,0.1952446531130477,-0.23563753524647107,0.7143693592591127,0.42162043061610804,0.39278967770145296,0.18558989168243906,0.8616312240880706,5,0.0009,0.10136173432731017,0.11135124050017971,0.04080876886951734,0.032798017425635866,0.35552072213403596,0.06895230195894736,0.15884717707599905,1,0.03005481681657159,0.04021548433812627,0.2872245188201268,0.011328201199145828,0.33723961374228384,0.07158948412673799,0.1610380748218795,1,0.14207968399478343,1.0542080694165497,0.296510483132823,0.361158835388649
sparse_partial_high_noise,34,0.13718115367802242,-0.5831210201974479,1.1107605008007582,0.40724500037065486,0.3239768011474259,0.2687781984819192,1.2399239480456152,43,0.0009,0.06778156410470457,0.24086266858875457,0.07068502097949936,0.027241106563100935,0.39524097667802827,0.0646669138460174,0.191334543683063,1,0.04435752638298204,0.059208476179748705,0.419101492827062,0.03414200494312128,0.4445840057914703,0.05490012025156537,0.19851538085990064,1,0.16865848055727833,0.8890130358477492,0.6544187489456781,0.24581840152589357
sparse_partial_high_noise,35,0.14851173916012253,-0.4789797558684046,0.6701810951180082,0.40754834518107336,0.2474996545132524,0.3449520003056743,0.7324557420385208,11,0.0009,0.11179446151168888,0.08102664786933532,0.046115551874749694,0.05215544715423163,0.7473805701245619,0.06612080199457175,0.2037948917431098,1,0.08549156551476128,0.34542735585910744,0.00253607127759381,0.03026704514266104,0.6886087617162266,0.053274626007879744,0.15402311954939993,1,18.18385480021031,1.0853486212720524,0.7647209383965998,4.263132746354611
sparse_partial_high_noise,36,0.2128680151525921,-0.5862483822970742,0.5519234685579658,0.30924300855067477,0.2979269641687845,0.39283002728054073,0.7595749506149101,50,0.0009,0.047547547032997926,0.185180083577682,0.4129882088897865,0.055337051485493664,0.48976632822861266,0.07799701522112507,0.16257143328038287,1,0.047547547032997926,0.185180083577682,0.4129882088897865,0.055337051485493664,0.5124197198063971,0.0703738582645018,0.15260830605344808,1,1.0,0.95579133530157,1.0,1.0
sparse_partial_high_noise,37,0.15801908392533806,-0.10427606847871497,0.603649047159218,0.6214454402132691,0.25834106460996736,0.12021349517676355,0.9660512630776834,34,0.0009,0.04270247198738253,0.26802397837722497,0.05983046964244143,0.05596917001692528,0.09189420369046064,0.06710277679304309,0.16853858795199783,0,0.073532855855993,0.08807472215665153,0.001010212862712967,0.05531853525961741,0.12018448360985046,0.07354937552739764,0.16894050368209312,0,59.22560665260618,0.7646095480076506,1.7219812444984464,0.32860762193706616
sparse_partial_high_noise,38,0.2121054960148518,0.6812829769069206,0.8320844103923917,0.3216790980171861,0.30512787414770814,0.3731930278351058,0.9456939737495096,17,0.0009,0.2003860339912896,0.1108226557152127,0.006470360499298833,0.015755870026269735,0.1925086046379394,0.07687254549842686,0.17354522065782985,0,0.2460429765887517,0.020410264267271643,0.05935134968674638,0.04429778373075218,0.0735613183554461,0.08809215094733991,0.16329411450435463,0,0.10901791675251009,2.6169814372785374,1.227844933541859,0.18417050318412387
sparse_partial_high_noise,39,0.1679942603227167,-0.1232747108258215,0.609189340205965,0.07447516254209297,0.6648499704923727,0.2606748669655343,0.8558616602063931,53,0.0009,0.15205663758228039,0.004063497864012684,0.4406255850309446,0.09015713417186134,0.49180337334239455,0.07584254011422892,0.20974700101836505,1,0.0778612868342171,0.19730539116368215,0.29299408270180427,0.029449831916979433,0.3386959465962919,0.08329470631857071,0.1602571511494748,1,1.5038719586681648,1.4520497758675537,0.512054508584573,48.55555429499944
