condition,trial,true_rho,true_t,true_h,true_w1,true_w2,true_w3,true_rotation_shift,pred_rho,pred_t,pred_h,pred_w1,pred_w2,pred_w3,pred_rotation_shift,equal_pred_rho,equal_pred_t,equal_pred_h,equal_pred_rotation_shift,geometry_mae,weight_mae,weighted_fit_rmse,equal_weight_baseline_fit_rmse,weighted_fit_improvement_factor
full_clean,0,0.12404299613835927,0.6548448394158368,1.3701729460310121,0.4008171232372844,0.28851565587328465,0.310667220889431,31,0.1233224502069799,0.24309515713387714,1.1921560120834886,0.4396098941440175,0.30400103283528795,0.2563890730206945,0,0.12619265153670234,-0.2814036836620496,1.4372705542270698,7,0.018886146508999047,0.03618543191249096,0.0008220842977336101,0.0010248795637896634,1.2466842714489694
full_clean,1,0.0788117977746861,0.5445740923991096,1.2389380808462829,0.4976306583262181,0.36652497239062654,0.13584436928315535,8,0.09225124112319426,-0.4467186930624208,0.9686739205115714,0.22114566575195266,0.5252728765532894,0.25358145769475804,45,0.18185090666821893,0.5388443432866283,0.6793532307562775,35,0.01085402903957669,0.09691953775911594,0.001080002289250586,0.0037072968469888654,3.4326749895700317
full_clean,2,0.09310588112310218,0.4956311238608086,1.2078125459325237,0.10911716524804906,0.2295613382963992,0.6613214964555518,51,0.12650763329165376,0.48449379294983924,1.0568549486496746,0.10141484038625943,0.17948542721973598,0.7190997323940045,52,0.08952555648211018,-0.604482225595504,0.6392216083528522,40,0.04841239827433344,0.038518823958968496,0.00034684162678266507,0.0012034277696857238,3.469675139194885
full_clean,3,0.21152326456784507,-0.41760793610772157,1.3142087963445774,0.4507851936670862,0.36098313828141143,0.18823166805150243,28,0.16705331963546702,0.4402835828066992,1.3897293562251798,0.40187042291897146,0.11201705312486451,0.486112523956164,53,0.21472018130540177,0.6431500059987969,0.574662504364543,57,0.09261226731210305,0.19858723726977442,0.0017923227023408255,0.018017824288393183,10.052779147896404
full_clean,4,0.13685395222736896,-0.3886999108611995,1.4017496829233251,0.3984959471790758,0.3932514830989025,0.2082525697220216,33,0.07359569235119753,-0.31406043309395393,1.4194874034464686,0.7754075901648156,0.21320228708628558,0.011390122748898779,34,0.1079087074534189,0.485167250410328,0.9577494172273753,60,0.11581659785686448,0.2512744286571598,0.0014782031070008196,0.000793571611432054,0.5368488319863977
full_clean,5,0.15025804681807897,0.6561457551500105,0.7063490534682405,0.33614091580432426,0.22808310230443854,0.43577598189123723,13,0.17580279604404145,0.22812869895112844,0.6024002767122572,0.4263164099076426,0.15035394390255608,0.4233296461898013,13,0.21472018130540177,0.6431500059987969,0.574662504364543,15,0.04507770995516342,0.06011699606887891,0.0005006622110163139,0.0033466961135298506,6.684539076229181
full_clean,6,0.15915950280838456,-0.44943938855086346,0.7035371040038597,0.5352309820482898,0.106146057480681,0.3586229604710292,38,0.12100413766049252,-0.1576674836771944,1.347722891086223,0.585978838990194,0.20334985211594656,0.21067130889385946,39,0.18185090666821893,0.5388443432866283,0.6793532307562775,5,0.05596145866403234,0.09863443438477985,0.0008596498893904175,0.0031911563204307016,3.7121581236909926
full_clean,7,0.0710685206152578,0.07190672461988402,0.9881160172974828,0.19332465535972268,0.3226690000991888,0.48400634454108854,45,0.06041408058013985,0.626709075490201,1.1456637714562565,0.2100550535354474,0.5428935247429776,0.24705142172157502,4,0.08338726997404958,-0.5710957065371663,0.6058678452471691,37,0.02048367200277455,0.15796994854634236,0.0005870926033750943,0.0010526472273090803,1.7929832896166509
full_clean,8,0.14533851404351483,0.08989039580586408,0.5563741752509338,0.4268854543194042,0.03373245649957455,0.5393820891810212,36,0.1034474490424841,0.4130377954051476,0.6331771948985838,0.5975237191573983,0.245253037953687,0.15722324288891468,8,0.1733598633408338,0.6797689091620738,0.7770409460941102,37,0.05572304883364695,0.25477256419473765,0.000478967172749647,0.0030154013027216043,6.295632507361281
full_clean,9,0.10468074852697609,-0.1382530240389448,0.9039578286692862,0.21972395950424278,0.454955189600506,0.32532085089525115,59,0.07466689063142387,0.2829857682764112,1.155537330651714,0.051272076891878134,0.0920498584366197,0.8566780646715021,49,0.07453020749727052,0.2404751400300519,1.2739036163556194,56,0.03748531610344962,0.3542381425175007,0.001063733546411182,0.0008918900482712266,0.8384524971317113
full_clean,10,0.17597298562181676,0.11183519644152519,1.2765050253309196,0.22236724745135159,0.2400841103472659,0.5375486422013824,28,0.16594561122757204,0.22935145751013244,1.2284729872087434,0.2069216600740621,0.2912859979793694,0.5017923419465685,28,0.21472018130540177,0.6431500059987969,0.574662504364543,38,0.02084752448268501,0.03413459175473563,0.0009520485411734488,0.006686865956526213,7.023660735075867
full_clean,11,0.1613639719889105,-0.2074159386400366,1.0052973578152335,0.024300520568751156,0.5086449614190987,0.46705451801215014,13,0.1650042887954095,-0.5404393393755749,1.1354833278320084,0.22370604807355782,0.5974794168367726,0.1788145350896696,9,0.21472018130540177,0.6431500059987969,0.574662504364543,1,0.02465806852271012,0.19215998861498707,0.0009025017113575197,0.01144952910871909,12.686434789688105
full_clean,12,0.21871303525786018,0.6035660149766559,0.7167380588495682,0.11114327023385392,0.1836287555357693,0.7052279742303768,42,0.12525706382156568,0.5958046588603231,0.7988720325055517,0.217456744139275,0.20567325612496282,0.5768699997357623,44,0.1389156333168707,0.40215488231057533,0.6605663986418447,44,0.13817867480536583,0.08557198299640971,0.001328848882441685,0.0010517583163890268,0.7914807547239534
full_clean,13,0.1779840325918987,-0.6693849482000156,1.359667423082762,0.12221565730000039,0.36614192447916777,0.5116424182208319,24,0.16913586059809296,-0.6351806702146198,0.6826720110108936,0.35259941269437123,0.5185640718769737,0.12883651542865504,48,0.21472018130540177,0.6431500059987969,0.574662504364543,42,0.07311061613132963,0.25520393519478457,0.002397334672404811,0.0228048061018462,9.512566753548127
full_clean,14,0.10069657162467496,0.5443307566187067,0.9042003569654351,0.7354836354654574,0.20348442933740413,0.06103193519713851,51,0.1517466884548377,-0.004367813997286673,1.3786628838684734,0.09246867496649386,0.7979786353287575,0.10955268970474874,25,0.12030023563766086,0.693289695856958,0.5736744658050448,16,0.11227812677973364,0.0740105029139402,0.00035403140678056804,0.001763670025284892,4.9816767425327075
full_clean,15,0.11876571243745639,-0.6737574576333284,1.022660318075017,0.3983387632886319,0.36587635868179263,0.23578487802957543,25,0.12525706382156568,0.5958046588603231,0.7988720325055517,0.217456744139275,0.20567325612496282,0.5768699997357623,49,0.12030023563766086,0.693289695856958,0.5736744658050448,53,0.01258231885332769,0.22739008113745784,0.001333840789846989,0.0010302643602675711,0.7724042990061486
full_clean,16,0.17820971574240999,-0.18634174566751838,1.3532719994546318,0.402711327760141,0.11889547458018601,0.4783931976596729,12,0.17275395663547777,-0.37250957943010315,0.8918093272657547,0.09253546751596717,0.5486931623771032,0.3587713701069296,30,0.21472018130540177,0.6431500059987969,0.574662504364543,20,0.04820356779947236,0.09732122307797479,0.0026789774280236663,0.013331944295423965,4.976504899206709
full_clean,17,0.07114446450497634,0.48696598131066277,0.7424617194521815,0.3136145316450615,0.09627393598438919,0.5901115323705494,45,0.08657220383948636,0.3448300179022064,1.3091286278410883,0.2630063948837539,0.4306764120615764,0.3063171930546697,55,0.09531399876759057,0.3667219809086973,0.6569245041771288,42,0.04587326313811433,0.1891962262105864,0.0007100233935209829,0.000935133613277803,1.317046201309658
full_clean,18,0.19435343233219196,0.52862785841459,0.994621518856045,0.26558060228436187,0.509022680763381,0.22539671695225716,22,0.17275395663547777,-0.37250957943010315,0.8918093272657547,0.09253546751596717,0.5486931623771032,0.3587713701069296,23,0.21472018130540177,0.6431500059987969,0.574662504364543,14,0.09270433075411222,0.11536342317892978,0.002738001034085481,0.014840646507840354,5.420248686208869
full_clean,19,0.21728428632057475,0.29429834917335873,1.3244507718738903,0.18761117877007397,0.12682298995343763,0.6855658312764884,44,0.19465905741029485,-0.5961102292559752,0.9687211858168433,0.6008412938603191,0.1920343326996236,0.20712437344005724,20,0.21472018130540177,0.6431500059987969,0.574662504364543,51,0.06865564332133096,0.31896097189095407,0.0014871532888413612,0.003591241378195059,2.414842777231787
full_clean,20,0.2103005097229276,0.2938315308181532,1.323139414837734,0.1622408832791049,0.5230568540298746,0.31470226269102053,36,0.1963109675637856,0.27836948761915653,1.3913139663953054,0.06621430535439572,0.43118176099908173,0.5026039336465224,10,0.21472018130540177,0.6431500059987969,0.574662504364543,24,0.017988652091933382,0.1252677806370013,0.0015664204553350503,0.018666490781005105,11.916654125288748
full_clean,21,0.1966745743072272,0.04915447798308825,1.3136316841020108,0.4634408614048446,0.08271733949393881,0.4538417991012166,5,0.1692874299938017,0.3185021123964474,0.9445844196310798,0.37153241504718143,0.3666776397893538,0.2617899451634647,12,0.19098793498687638,0.3367253911837018,1.2962237870287379,10,0.0775337547206244,0.18930686686360998,0.0007491967144868858,0.0013044624379853905,1.7411481027099782
full_clean,22,0.17567820569017922,0.557120105722711,0.559252207492658,0.4966432669878003,0.3917135905919456,0.11164314242025414,29,0.17275395663547777,-0.37250957943010315,0.8918093272657547,0.09253546751596717,0.5486931623771032,0.3587713701069296,2,0.21472018130540177,0.6431500059987969,0.574662504364543,57,0.02559984163673353,0.19945208205065226,0.0018894526064498116,0.013430862829084093,7.108335389433251
full_clean,23,0.07925976451646584,0.542537963546574,0.7801749046804877,0.22448823602345364,0.7310074642941081,0.044504299682438186,1,0.08657220383948636,0.3448300179022064,1.3091286278410883,0.2630063948837539,0.4306764120615764,0.3063171930546697,4,0.08952555648211018,-0.604482225595504,0.6392216083528522,38,0.03171553027488555,0.2002207014883545,0.0007121467329516605,0.0006393320648116029,0.8977532792458935
full_clean,24,0.09257128689335514,-0.05897143575938046,1.4356970150767214,0.7690337075331861,0.1482384710620645,0.08272782140474938,9,0.08657220383948636,0.3448300179022064,1.3091286278410883,0.2630063948837539,0.4306764120615764,0.3063171930546697,48,0.08952555648211018,-0.604482225595504,0.6392216083528522,18,0.015613470100836154,0.22557153031440647,0.0006108877848199743,0.0009810024048930845,1.6058635141676327
full_clean,25,0.1603744177867111,0.6593265226482014,0.8854624369911224,0.2927390188669068,0.5867695125110531,0.12049146862204008,49,0.15738964844804043,0.6680906334697596,0.6758750856540645,0.2934774626260355,0.559607359573979,0.14691517779998553,49,0.21472018130540177,0.6431500059987969,0.574662504364543,42,0.019324078510908272,0.018108101958049443,0.000551634197894802,0.00615687803446663,11.161160888797475
full_clean,26,0.06589806791237651,-0.011647324251779034,1.1925249482788791,0.15197082417788765,0.6594743095825124,0.18855486623959994,21,0.06041408058013985,0.626709075490201,1.1456637714562565,0.2100550535354474,0.5428935247429776,0.24705142172157502,22,0.08338726997404958,-0.5710957065371663,0.6058678452471691,55,0.01978729242674029,0.07772052322635654,0.00040739329298026156,0.0006874570093307222,1.6874529384165142
full_clean,27,0.1852144254832223,-0.6480961451386084,1.3344076598523569,0.04948033645173849,0.39114481183284816,0.5593748517154133,27,0.1690003711601193,-0.1776204310548846,1.2375574129161833,0.4924615098241307,0.4693056672468797,0.03823282292898955,19,0.21472018130540177,0.6431500059987969,0.574662504364543,46,0.04699020151477751,0.3474280191909492,0.0027098515026999707,0.023878749864034793,8.811829666770711
full_clean,28,0.0966036099077964,0.13130948647196536,1.2362004425951947,0.3595455038106527,0.6046354910940449,0.035819005095302336,28,0.1014874752641435,0.14724898162829278,1.263298620158715,0.2788879569257081,0.5719702308805518,0.14914181219374012,30,0.1733598633408338,0.6797689091620738,0.7770409460941102,23,0.009933423766317442,0.07554853806562517,0.0006493145947849791,0.003116498333505335,4.799673930842976
full_clean,29,0.17141261333720215,0.20237140880460724,1.1412611267115198,0.37166402452685043,0.3215524066065229,0.30678356886662667,2,0.0880152688093921,0.14774653390535564,0.7842136384006168,0.4369980577789851,0.18952822049854642,0.3734737217224684,3,0.1303914316067376,0.1569217398301579,1.228040269008875,1,0.15511397703196453,0.0880161240719843,0.0018981891158175177,0.0017676821604952124,0.9312466001228238
full_clean,30,0.13141344666657148,-0.29037359290491577,0.8815088704866885,0.5196372936888487,0.2539884713821905,0.2263742349289608,31,0.20607715248246597,-0.2590748635591058,1.3029932329651888,0.25439688007482897,0.07204451695857018,0.6735586029666009,52,0.21472018130540177,0.6431500059987969,0.574662504364543,61,0.15917963627504822,0.2981229120250934,0.0011230149389605253,0.0045039589717968224,4.010595777083549
full_clean,31,0.07632436039098944,0.5526461538773705,0.8774110046998054,0.4092348349572317,0.1606890221956039,0.43007614284716444,46,0.1517466884548377,-0.004367813997286673,1.3786628838684734,0.09246867496649386,0.7979786353287575,0.10955268970474874,58,0.12550721038340396,0.2751724364865805,0.6004133088361727,42,0.15215070101610215,0.2591625335810172,0.0009471283907100389,0.0018296381537274498,1.9317741624826756
full_clean,32,0.09949070125001859,-0.30895159285565527,1.0220296174453138,0.0773519403033178,0.5994379960998292,0.323210063596853,0,0.08284511806209055,0.2169877939015671,1.150665944470464,0.521540518021266,0.1180619865340466,0.3603974954446874,21,0.13876488094254377,-0.6617454695106213,0.6116003847625688,32,0.022400727989740982,0.05193165205237547,0.0004888354144413947,0.002884312571645368,5.900375640626097
full_clean,33,0.19490351892391447,-0.04589871626753452,1.389900108909078,0.15209269527019909,0.5785221611044943,0.26938514362530663,15,0.17522236294316615,-0.3442166190816761,1.328908895727541,0.2459185562856482,0.47677127286888404,0.2773101708454678,13,0.21472018130540177,0.6431500059987969,0.574662504364543,4,0.038699481901482556,0.06783392549040683,0.0013391603804704952,0.015241257216212582,11.381203803877307
full_clean,34,0.08284505036907801,0.4801299144258892,1.393213988399865,0.47870665829830333,0.11219039903546374,0.409102942666233,21,0.1131118079657632,-0.35762924765752657,0.8754289347007057,0.44357650051878106,0.2529860729812598,0.30343742649995914,26,0.08952555648211018,-0.604482225595504,0.6392216083528522,33,0.0552130197342379,0.09386378263053073,0.0005073249103567686,0.0008752207433326997,1.72516808354081
full_clean,35,0.10484111356947341,0.4716725043491469,0.5736304042919508,0.13014909104318736,0.3931066301775717,0.4767442787792409,38,0.06903957202126458,0.0920955372852029,0.9260305168609582,0.20804681316604717,0.27673553665588635,0.5152176501780665,38,0.08999362460752484,0.06810120959510617,0.7308046326570682,40,0.048706470724829365,0.07758072901445692,0.00041731509762913055,0.000648923135863826,1.5549955885864601
full_clean,36,0.0983281012359989,-0.5106087673559188,1.1515646007769682,0.0881181802504294,0.6539530850368652,0.2579287347127054,50,0.08326441572366651,0.4255908653136598,0.582463986868075,0.5496302286013162,0.21224424837143252,0.23812552302725132,11,0.13876488094254377,-0.6617454695106213,0.6116003847625688,18,0.047863685090650775,0.08275071208066875,0.000892097343103311,0.001964827287113029,2.202480819277015
full_clean,37,0.17345937842545622,0.06288197995115061,1.4472743349955572,0.518886351998689,0.4552461128096986,0.025867535191612334,7,0.1690003711601193,-0.1776204310548846,1.2375574129161833,0.4924615098241307,0.4693056672468797,0.03823282292898955,7,0.21472018130540177,0.6431500059987969,0.574662504364543,34,0.026547505350542493,0.017616561449705543,0.0007618212358658738,0.024795581691644742,32.54776911470902
full_clean,38,0.1517261627385944,0.5794909558736469,0.8176653372455189,0.19123299697183926,0.6105030813316107,0.19826392169655005,3,0.14110671909074327,0.2924475554599834,1.1925289808285915,0.19531432310976388,0.6720715101688967,0.13261416672133952,3,0.1821681748931911,-0.47563235311113544,0.6694547540123024,39,0.033036432835675596,0.04376650331680704,0.0012458638857751005,0.002797615485063336,2.245522578353598
full_clean,39,0.19103792360726232,-0.1214699237626339,1.355750430609021,0.2274267864218449,0.6020219049407302,0.17055130863742496,60,0.17275395663547777,-0.37250957943010315,0.8918093272657547,0.09253546751596717,0.5486931623771032,0.3587713701069296,61,0.21472018130540177,0.6431500059987969,0.574662504364543,51,0.07005882716635141,0.12548004097966978,0.0008991897550492859,0.01398175280663559,15.549279479801491
full_noisy,0,0.14822111627023665,-0.6038200193221063,0.7282549642072231,0.23749323938410094,0.3029255454342566,0.45958121518164247,11,0.15378389553222468,-0.5318559518468784,0.8139987692047493,0.0977128364346994,0.277338664434733,0.6249484991305676,10,0.19206235481473535,-0.377016723843952,0.6427866062601602,12,0.012779550696251751,0.11024485596595009,0.0029400317518044838,0.003887398443681137,1.3222300886020004
full_noisy,1,0.07313755888845289,0.283385479099378,0.6890967009560346,0.4124552024020931,0.2607557219942524,0.3267890756036545,37,0.07243673994644748,0.16827404434170323,0.6186637315027095,0.30248075864106216,0.31050053103383873,0.3870187103250991,31,0.08821444618286038,-0.20274495330259334,0.7896595271312484,24,0.004851984415347575,0.07331629584068729,0.0016381293130476868,0.0023814943770118133,1.4537890006870824
full_noisy,2,0.06914642724697229,-0.10942484294271798,1.1115243609519898,0.2017324166167641,0.5878667268705257,0.21040085651271023,57,0.06072316857684043,0.6416616077936186,1.4199534678112298,0.43343322649355076,0.5388436100523941,0.027723163454055122,53,0.12030023563766086,0.693289695856958,0.5736744658050448,48,0.023276174182349663,0.15446720658452442,0.002732533983642227,0.0034364599711335527,1.257609234397537
full_noisy,3,0.13228892763370725,-0.5715043988314902,1.4062754929782975,0.20787336507416534,0.6359313162655847,0.15619531866024994,34,0.21734248476761497,-0.045257615086343024,1.4389597798595515,0.1102585632269088,0.17219921994766452,0.7175422168254266,13,0.20049632174913917,0.5535149317932143,0.6783981610296312,24,0.15284229356940646,0.3742312654434512,0.0015046001949665234,0.006096817470447544,4.052117958540604
full_noisy,4,0.19917435751359178,-0.16439758958924186,1.252856548263789,0.2992771310242203,0.21202839077862926,0.4886944781971504,1,0.1744896635379765,-0.4425732091902054,1.3752141958799964,0.4992429274814376,0.32763675888889215,0.17312031362967023,46,0.21472018130540177,0.6431500059987969,0.574662504364543,12,0.03249653217832075,0.21038277637832015,0.005127195590939359,0.013361225269171533,2.605951934578647
full_noisy,5,0.18642564471146103,-0.18471419636869632,0.6363905208827726,0.1444630269688469,0.16358211859085983,0.6919548544402933,32,0.11668450121617292,0.06057372476598461,0.9853202953507104,0.2618729706188635,0.3660026206979103,0.3721244086832262,33,0.10804290746043468,-0.1855721284972699,0.5783710088393523,31,0.08507746649107217,0.21322029717137803,0.0031890352846004385,0.0023832674656012252,0.7473317956404582
full_noisy,6,0.060984788810788115,-0.3313451502306299,0.7285894608428525,0.13686909709254746,0.5803865520021741,0.2827443509052784,41,0.08124977221932901,0.19825874447697941,0.9114757339815566,0.3075718969687042,0.29349284977413725,0.3989352532571585,24,0.12481235686717318,0.3114419035083693,0.815212341086216,27,0.03620679260197749,0.18187643668897993,0.0010652525323121848,0.0020502291528033947,1.924641425966168
full_noisy,7,0.10170811745549949,0.6427068789466683,0.7822313230837149,0.44176741556116633,0.11231684932312706,0.44591573511570654,45,0.15378389553222468,-0.5318559518468784,0.8139987692047493,0.0977128364346994,0.277338664434733,0.6249484991305676,25,0.19206235481473535,-0.377016723843952,0.6427866062601602,27,0.08093602057503219,0.11935517600990736,0.0021696156541949644,0.005325874048233018,2.454754618835557
full_noisy,8,0.17776017192885882,0.005576480176797993,1.2651365444058176,0.12427275931334708,0.2815548775755626,0.5941723631110905,63,0.13797712210964294,0.0851260021186299,1.4154238492879823,0.12234146503396871,0.33499664598557444,0.5426618889804569,63,0.21472018130540177,0.6431500059987969,0.574662504364543,13,0.058088641829296406,0.035627845606674605,0.0015658473985317506,0.006240672616941354,3.9854922151373438
full_noisy,9,0.14041151174629818,-0.494690505044976,0.8362019171574968,0.344610070763443,0.23614528214047778,0.4192446470960792,8,0.11409569068563417,-0.27869687405575566,1.1507813663700044,0.3903145353395113,0.16277796797664104,0.44690749668384766,13,0.1815195763291672,0.14527731324234816,0.6798063313666718,14,0.038203912072149016,0.04891154277589116,0.001762050961473674,0.00472121190183599,2.679384424777051
full_noisy,10,0.18102097622880486,-0.09485897739573669,1.1259695883253618,0.749157620237703,0.1995207567359864,0.05132162302631055,54,0.17516499216314943,-0.6815668703584398,1.217957638787717,0.14355784687041317,0.750521637097315,0.10592051603227182,26,0.21381791790356466,0.5688011773055337,0.8319717679348843,18,0.05922505313343881,0.03730860657704882,0.0012984726158365087,0.003563377668313801,2.744284034067352
full_noisy,11,0.10482054239736856,-0.1818913323807451,0.8968970029098505,0.2950298388273578,0.5278645504439969,0.17710561072864528,10,0.13403272543248967,0.6244394737267086,1.1817104530163534,0.15410469082845243,0.4583657432902653,0.38752956588128223,16,0.19206235481473535,-0.377016723843952,0.6427866062601602,49,0.07036460423455322,0.14028263676842465,0.0015773722922198734,0.005840984057430981,3.7029838080969624
full_noisy,12,0.16205225550270438,-0.39173086773570465,1.293936453130272,0.42349887441949235,0.23516619172377043,0.3413349338567373,8,0.15915648015454992,0.2585213153013714,0.6116970591546228,0.18367436596258624,0.4287514721259325,0.38757416191148125,26,0.15002415967298674,0.012913229299493989,0.6377805919946473,28,0.05658194598510304,0.034327883840789435,0.003930816693759485,0.0031003834666524866,0.7887377377771434
full_noisy,13,0.09520103435536895,-0.6565067724052569,1.133412274609606,0.16939151244745654,0.5753214938826207,0.2552869936699228,39,0.12100413766049252,-0.1576674836771944,1.347722891086223,0.585978838990194,0.20334985211594656,0.21067130889385946,63,0.19206235481473535,-0.377016723843952,0.6427866062601602,13,0.05169058460131962,0.029743789850708895,0.0010481559161419224,0.004710179394002794,4.493777425156494
full_noisy,14,0.1588107002568857,-0.47423092685952467,0.8634684395330917,0.08227853656574667,0.5282196884967503,0.38950177493750304,34,0.17275395663547777,-0.37250957943010315,0.8918093272657547,0.09253546751596717,0.5486931623771032,0.3587713701069296,34,0.21472018130540177,0.6431500059987969,0.574662504364543,24,0.02238433103706212,0.020486936553715616,0.000708558022833295,0.013063655312032851,18.43695913539375
full_noisy,15,0.11739050663216713,-0.09888071957991666,1.0146575729662959,0.32519736969628243,0.29334226011271775,0.3814603701909998,58,0.18316515638231123,-0.3517551799710371,0.7563986467555246,0.09584938057963215,0.4782661898172801,0.4258844296030878,50,0.17158794422304363,-0.3573094447306217,0.9094771595593929,52,0.08761764940832499,0.13166191968872373,0.004527304536077034,0.0034317922305371787,0.7580210704161885
full_noisy,16,0.08847976750569472,-0.48398978602567977,1.1939668324881847,0.07759913706897135,0.1801891756256795,0.7422116873053491,4,0.12087632392475811,0.6548693109325036,0.7554646129038286,0.1297455666564943,0.8121788310105197,0.05807560233298603,28,0.2163552358153942,-0.2918639200149681,1.3530094977541496,1,0.043616802102883774,0.4897197959610322,0.0005521150713667864,0.002649177684862819,4.798234683767384
full_noisy,17,0.09802691980815151,-0.1266629509886015,0.6662305178951757,0.16260251370748185,0.49082292082883816,0.34657456546368004,30,0.08848466703119788,-0.2247630819595763,0.8039800216750411,0.2229878489435257,0.5866659076400382,0.19034624341643602,29,0.13876488094254377,-0.6617454695106213,0.6116003847625688,0,0.009754973800550395,0.10415221469816265,0.0005842828201246804,0.0017207190429097288,2.945010504574726
full_noisy,18,0.10800898006461432,0.3296754149247353,0.9654107565493941,0.0998477355469176,0.46088466282283824,0.43926760163024414,58,0.10245686404996748,-0.09993169897806224,1.2490623231023827,0.19738889790494502,0.4440803017093533,0.35853080038570173,6,0.07738921281229409,-0.39317523372012986,1.2572508898660606,43,0.024807216102882362,0.06502744157201824,0.0022297762616543034,0.0023696367827210772,1.0627240156207463
full_noisy,19,0.11891314089037493,0.5980557640322491,1.0333416293257813,0.08758989348936784,0.34423735006882733,0.5681727564418049,26,0.10118382495996624,0.037073533438810875,1.0200095866440426,0.09751858437823786,0.3355144192496729,0.5669669963720891,21,0.12550721038340396,0.2751724364865805,0.6004133088361727,31,0.04155260801937122,0.006619127259246728,0.0012668235316864195,0.0023000356451732405,1.815592770140123
full_noisy,20,0.09276445449841898,-0.5385687821893594,1.0277317025494652,0.27230726152319495,0.38786554550396257,0.3398271929728425,20,0.07243673994644748,0.16827404434170323,0.6186637315027095,0.30248075864106216,0.31050053103383873,0.3870187103250991,33,0.08999362460752484,0.06810120959510617,0.7308046326570682,32,0.04865062516961787,0.05157667631341589,0.001718578615020755,0.0022882734787146052,1.3314918844646337
full_noisy,21,0.07515043144417913,0.4934817671159987,0.820395486756644,0.19702924281939138,0.32043118599716935,0.48253957118343926,41,0.1589655117118297,-0.6486069470357789,0.7553713438739502,0.18320096661502405,0.08070749621216584,0.7360915371728101,34,0.08338726997404958,-0.5710957065371663,0.6058678452471691,28,0.12927479663741567,0.16903464399291387,0.0011388296075189193,0.0013665664000686046,1.1999744220259938
full_noisy,22,0.13923721190556695,0.6167971506508516,0.7720402099618305,0.28601292817786206,0.4703167640303779,0.24367030779176002,20,0.14282618666033067,0.513703008449241,1.2915409197546663,0.2814679390445866,0.5333950030579965,0.18513705789741686,21,0.21472018130540177,0.6431500059987969,0.574662504364543,12,0.039669154765204016,0.04205215935174572,0.0014603804938903677,0.00611890640480281,4.189939834448489
full_noisy,23,0.06753427680974072,0.21469368171783323,1.1561488732170662,0.15099099263241575,0.467792477248536,0.3812165301190482,4,0.14060414056539722,-0.11882206856651621,0.5993950536671431,0.3043008903676467,0.14325786535844517,0.5524412442739081,48,0.12355047412386196,0.26841333207159485,0.7981039094699032,49,0.088935962156736,0.11414980943657325,0.0037127405281292885,0.0037849984088020646,1.0194621412741667
full_noisy,24,0.16247468955220878,0.4106468097398704,0.9585051528317062,0.3037998389806562,0.3077649795427887,0.3884351814765551,17,0.11525585066834862,-0.696509672002176,0.9579192356912207,0.4995814842508078,0.25494925845882604,0.24546925729036623,55,0.19396243485567127,0.3794208423110398,0.6573407521734577,18,0.07132900025605533,0.12787766980534604,0.0028063290957903967,0.0026175716607790187,0.9327386672879808
full_noisy,25,0.1261219853700482,0.5345131546041508,1.1885120223360544,0.10965653935229057,0.6681619689761414,0.22218149167156798,36,0.12525706382156568,0.5958046588603231,0.7988720325055517,0.217456744139275,0.20567325612496282,0.5768699997357623,19,0.12030023563766086,0.693289695856958,0.5736744658050448,24,0.02394464257699141,0.30832580856745245,0.0021019444578849523,0.0021770267634471574,1.0357204041622277
full_noisy,26,0.17634355467784835,-0.6499444102592342,0.625666462042449,0.2659727988858273,0.3668108950794762,0.36721630603469646,60,0.17015758878230802,-0.05723090048820403,1.2424269096805893,0.23768329636038565,0.7208891265722883,0.04142757706732603,24,0.21472018130540177,0.6431500059987969,0.574662504364543,18,0.06163720258770022,0.23605215432854143,0.00346731728651146,0.00726452387654521,2.0951425197819717
full_noisy,27,0.1541012090119021,-0.6271608554674315,0.5856966314743686,0.6349591748687975,0.24009046783248741,0.12495035729871509,22,0.14370567596107853,-0.6614059403021859,0.5542372694520895,0.08918603686213523,0.33935759304388136,0.5714563700939834,28,0.20049632174913917,0.5535149317932143,0.6783981610296312,50,0.01641930751746495,0.36384875867110816,0.002179465224373571,0.004026271210165159,1.8473665765061258
full_noisy,28,0.07531849417117466,0.42290280092116084,1.0168834379485423,0.11070225878922019,0.592739662806914,0.29655807840386583,59,0.1571896834733999,0.63575121831626,0.8534529943048081,0.43665441848592534,0.31863589252343255,0.2447096889906421,49,0.1557752643493368,-0.4485164219081327,1.144074933099836,26,0.1266101154494892,0.13862242248947493,0.003417025482350098,0.002062177256701994,0.6035006959572652
full_noisy,29,0.20681463844919232,0.5152036372223474,1.3671209013986316,0.34452750740695465,0.4219612113652764,0.23351128122776887,12,0.2118789306035153,-0.35167739805158543,1.103164289877591,0.15982115913809103,0.2515392404704859,0.588639600391423,52,0.21472018130540177,0.6431500059987969,0.574662504364543,4,0.03046904520421299,0.23675221277576944,0.002004933348248574,0.008300688623734556,4.140131955501508
full_noisy,30,0.18501369099024997,0.26534260794240255,0.6959921831504225,0.025604358553086556,0.7061950210462643,0.2682006204006492,3,0.06072316857684043,0.6416616077936186,1.4199534678112298,0.43343322649355076,0.5388436100523941,0.027723163454055122,60,0.12426435104899781,-0.6339257891688066,0.6090569225109086,33,0.160755256498425,0.2718859119603095,0.00233278020877061,0.002301607051139998,0.9866369075348762
full_noisy,31,0.06442026094663747,0.13823936590708097,0.8146633943258936,0.30887815577576727,0.2677858343092245,0.42333600991500825,61,0.12087632392475811,0.6548693109325036,0.7554646129038286,0.1297455666564943,0.8121788310105197,0.05807560233298603,12,0.170295623441201,-0.34912894618092943,1.2427375594927366,49,0.08887818655470377,0.3355337834898349,0.0017069775951113644,0.0027776161790023114,1.6272130266719158
full_noisy,32,0.14597864856275572,0.16174963486012728,1.028774735824392,0.1811077780527412,0.3247551156351697,0.49413710631208907,17,0.13147808926822585,-0.4733424526663977,1.064187770669311,0.29565953022611197,0.21119516555619344,0.49314530421769454,15,0.19206235481473535,-0.377016723843952,0.6427866062601602,11,0.02634603166565581,0.02005825833563483,0.0014801259784872974,0.004147734299369999,2.8022846431011383
full_noisy,33,0.0836855926239596,-0.3016272496902977,0.6411006890565085,0.17511549768265497,0.6583243976466119,0.16656010467073312,10,0.13320714269159134,0.08257395326693773,0.7443701915862999,0.12243847904500972,0.3504069465292368,0.5271545744257535,51,0.17158794422304363,-0.3573094447306217,0.9094771595593929,50,0.07688835196691605,0.24039631317001356,0.0021278838503554264,0.003405199023734191,1.6002748567152343
full_noisy,34,0.07425537194018941,-0.3625619786805449,1.3468991794892566,0.7676826987826979,0.006337678737697766,0.22597962247960432,1,0.0880152688093921,0.14774653390535564,0.7842136384006168,0.4369980577789851,0.18952822049854642,0.3734737217224684,35,0.07325371868488677,0.42941266049934645,0.6259602767112046,37,0.026516445693176825,0.2204564273358085,0.0013621991085094288,0.0019177117525983507,1.4078057610071302
full_noisy,35,0.1472891083274165,0.6965197869124019,1.0345038863525053,0.4349337420822854,0.4420926939858383,0.1229735639318763,2,0.17015758878230802,-0.05723090048820403,1.2424269096805893,0.23768329636038565,0.7208891265722883,0.04142757706732603,2,0.20049632174913917,0.5535149317932143,0.6783981610296312,59,0.055802883356690265,0.19063692299333526,0.0018090609692362292,0.005319274373996408,2.9403510796223538
full_noisy,36,0.14044848858540898,0.5479225976153691,0.760955152038385,0.45448623353986545,0.4457721966545308,0.09974156980560384,16,0.1555866542669342,-0.10499399274905212,1.1187735133082182,0.05609336179110185,0.22929100959562645,0.7146156286132718,58,0.13876488094254377,-0.6617454695106213,0.6116003847625688,53,0.0437594278740056,0.409916039205112,0.0021960033949450903,0.002111639250768578,0.9615828716974175
full_noisy,37,0.10394332692649132,0.5989412524623923,0.9533172954749423,0.08537093577162541,0.541976933974446,0.3726521302539285,60,0.12278332271958754,-0.337806622013735,1.378292293797418,0.06717764024357964,0.19540236061282554,0.7374199991435948,30,0.12426435104899781,-0.6339257891688066,0.6090569225109086,25,0.05725506650259344,0.2431785792597775,0.0012742064726055866,0.0021979986378663076,1.7249940924971807
full_noisy,38,0.09772174656534963,0.45449952284686324,0.8509525157608545,0.18120237553477958,0.6780898756550439,0.14070774881017656,26,0.12517095461729277,0.04035800158880595,0.6692223659179779,0.2606013936431153,0.24573435229751844,0.49366425405936626,8,0.11308892629963278,-0.2001619957070446,0.5817678004877604,3,0.0430640630022509,0.27832565467461906,0.0020762240021319073,0.0020804958041919478,1.0020574861169382
full_noisy,39,0.06862091827320908,0.6057496971845183,0.7201655458928631,0.08046004464956583,0.7322674866463639,0.18727246870407033,33,0.1233224502069799,0.24309515713387714,1.1921560120834886,0.4396098941440175,0.30400103283528795,0.2563890730206945,58,0.07377164442962325,-0.3298675830531414,1.0697830255960212,2,0.10628523733505339,0.1951050616682309,0.001593290345815377,0.0016734330520742106,1.0503001266965062
partial_arc_noisy,0,0.10288675399635223,0.6750608488476021,1.4473509173857673,0.7900512568755433,0.044461116951100096,0.16548762617335655,33,0.1692874299938017,0.3185021123964474,0.9445844196310798,0.37153241504718143,0.3666776397893538,0.2617899451634647,3,0.19098793498687638,0.3367253911837018,1.2962237870287379,2,0.07472361092182121,0.2790125612189079,0.004585395463303854,0.004801660429653974,1.0471638636363758
partial_arc_noisy,1,0.09063112189448644,0.5677988519354553,1.0981133577603226,0.45068743575032366,0.40824810745366485,0.14106445679601148,36,0.06964700713479001,0.43431264096532,0.6292994401928749,0.11208911535186238,0.4571066741389235,0.43080421050921414,21,0.13312697343607915,-0.10646441791282624,1.1856832465106486,21,0.052882056668095256,0.19743932806786832,0.003412785460868596,0.004380419234970056,1.28353196683368
partial_arc_noisy,2,0.16315451089857946,-0.5024025470350842,1.2357235685550736,0.5033740281555051,0.19667465900981415,0.2999513128346807,53,0.16594561122757204,0.22935145751013244,1.2284729872087434,0.2069216600740621,0.2912859979793694,0.5017923419465685,12,0.2158442860710749,0.004964491459897191,0.5544650690711633,13,0.019290119132927757,0.14139202011742383,0.0027084683981585416,0.012399386975020243,4.578006885164491
partial_arc_noisy,3,0.06013790401348622,0.6306783035692252,0.6824308758030252,0.1265790445112933,0.29899378730671927,0.5744271681819875,18,0.060213074850018006,-0.44167145623846155,0.7643033535866071,0.17179124625019898,0.4863491316953072,0.3418596220544939,30,0.07620779101478183,-0.5506417569844945,1.245263537114628,63,0.03368406528381926,0.1550450307516624,0.0020632857869540837,0.002247318390068016,1.0891939469934553
partial_arc_noisy,4,0.16764380382158012,0.6148706630150266,1.4299834085132495,0.36460931847142564,0.3581112818217739,0.2772793997068005,31,0.18773572734019653,-0.5597517189792399,1.1480110517572009,0.4168424242355598,0.18679229400441266,0.3963652817600276,57,0.13718056915380392,-0.5181325421441227,0.970266475614166,0,0.01986802059740402,0.11854468297800867,0.00858006629406711,0.005467979047102487,0.6372886711706938
partial_arc_noisy,5,0.18775304977690527,0.6989908372030806,0.723763424114385,0.10296459672000145,0.7143228678992022,0.18271253538079635,49,0.20502165849676002,-0.1432932803545396,0.6421797447531075,0.0844600782344995,0.23578024868039085,0.6797596730851097,22,0.15603609956833092,-0.5907679179879985,0.7242287030138698,19,0.09447589048353887,0.3313647584695422,0.0035517440747769137,0.0032234993379823274,0.9075820977289295
partial_arc_noisy,6,0.08548562430540903,-0.6653195243061731,0.7040497708355862,0.25347262066954573,0.3498095048878615,0.3967178744425928,49,0.1571896834733999,0.63575121831626,0.8534529943048081,0.43665441848592534,0.31863589252343255,0.2447096889906421,7,0.13710943547647145,-0.628192924587362,1.0171189408024142,46,0.1193617693397004,0.10133879030130045,0.004726943310158878,0.00255187666199012,0.539857682766318
partial_arc_noisy,7,0.15694225528670733,0.3324968586201268,0.6489997106174391,0.6712725900651945,0.08358050659835856,0.24514690333644698,29,0.20607715248246597,-0.2590748635591058,1.3029932329651888,0.25439688007482897,0.07204451695857018,0.6735586029666009,50,0.20049632174913917,0.5535149317932143,0.6783981610296312,58,0.13394484462335146,0.2856077997534359,0.0035838636526276807,0.0038164896184538716,1.0649092678667142
partial_arc_noisy,8,0.11282481077088162,-0.44627940881352735,1.4423099706644493,0.34210744889717337,0.3144712663400135,0.34342128476281314,48,0.12087632392475811,0.6548693109325036,0.7554646129038286,0.1297455666564943,0.8121788310105197,0.05807560233298603,19,0.16483156558611445,0.549603765682672,1.3856461319542908,15,0.03352417939077431,0.31338092140889756,0.006286102838495895,0.006955602815164544,1.1065047763088844
partial_arc_noisy,9,0.08003056572930435,-0.2142507503750095,0.6815460026465213,0.18556574563594638,0.20917832424677543,0.6052559301172782,53,0.06884911292976544,0.18268501225822678,0.9231545129262569,0.1491161197643741,0.29559588837407685,0.555287991861549,59,0.20939672492643172,-0.3001064827000358,1.2982830800995449,52,0.02298811578454658,0.057611709418200964,0.003832330409878692,0.0064696249255896555,1.6881699210779804
partial_arc_noisy,10,0.21328734079364475,0.5630140988576414,0.6958668532731817,0.33038319092396057,0.409066261307742,0.2605505477682975,7,0.17580279604404145,0.22812869895112844,0.6024002767122572,0.4263164099076426,0.15035394390255608,0.4233296461898013,3,0.21472018130540177,0.6431500059987969,0.574662504364543,4,0.11099334029266596,0.12001949801426963,0.007579288368030203,0.0060146359203563735,0.79356209030473
partial_arc_noisy,11,0.07936842171852213,0.698265907057858,0.9451518244737724,0.1400542956397784,0.7040192124023081,0.15592649195791353,0,0.07243673994644748,0.16827404434170323,0.6186637315027095,0.30248075864106216,0.31050053103383873,0.3870187103250991,46,0.20858934416541317,0.1764181207733121,1.215815980499597,48,0.025339781706056833,0.2623457875789796,0.0008898659420492526,0.004733756647040013,5.319628972582937
partial_arc_noisy,12,0.0756638492209743,-0.37392211625624633,1.3532041142777678,0.2005064565759105,0.2514852157533834,0.5480083276707062,1,0.21946497700945897,-0.404369740763215,0.9396247707357003,0.4016891574136155,0.21720829405177816,0.3811025485346064,63,0.17158794422304363,-0.3573094447306217,0.9094771595593929,61,0.2146214133211192,0.11127051942406652,0.003764971966644976,0.002815068289511796,0.7476996680058541
partial_arc_noisy,13,0.11955850248503629,0.3979017937863585,0.561571238762709,0.5170942023179729,0.17943428031184644,0.3034715173701807,41,0.11632873958709627,-0.1970292135692168,0.9609425241088444,0.1548623829333081,0.5500403721664511,0.2950972449002408,16,0.19396243485567127,0.3794208423110398,0.6573407521734577,3,0.018414332259993404,0.02196411323231881,0.00484271617761829,0.009421524189177665,1.9455041021650976
partial_arc_noisy,14,0.08586812541895009,0.689653103469068,1.1185913711147581,0.2184874618902669,0.5554968147686813,0.2260157233410518,54,0.2119042412969173,-0.30423911787475416,0.9587615744510248,0.22304351833744349,0.472181692684848,0.3047747889777085,51,0.2087532626839395,0.5957829503434754,1.2295946261161328,46,0.19081023420485424,0.05554341472255552,0.006272099426298689,0.004512460946874121,0.7194498428952726
partial_arc_noisy,15,0.10757652879550864,0.511310168100817,0.8561638764190198,0.7286451981196995,0.1192435005863493,0.15211130129395117,8,0.18120162498865777,0.4146970473940258,0.6249058221146752,0.2657810346011103,0.4261868970028108,0.30803206839607894,36,0.1770683398392708,0.03247429611678034,0.7037385274964649,28,0.11771734825757152,0.20163886741125917,0.004214089422961416,0.005367453324893478,1.2736923178819366
partial_arc_noisy,16,0.08168315586609651,-0.1814497992144368,1.314911710479412,0.3413025422399369,0.14045795929765803,0.518239498462405,55,0.21946497700945897,-0.404369740763215,0.9396247707357003,0.4016891574136155,0.21720829405177816,0.3811025485346064,45,0.17158794422304363,-0.3573094447306217,0.9094771595593929,44,0.20654807566529146,0.09142463328519912,0.0060106598042475885,0.005036301927130233,0.8378950217031415
partial_arc_noisy,17,0.19948025413955317,0.57207372390632,0.8918703687157086,0.24045678611576723,0.6852601846419173,0.07428302924231545,35,0.18756380649994087,-0.5723678451617965,1.0088455463784016,0.21865185844736215,0.7214294000705351,0.059918741482102744,37,0.21472018130540177,0.6431500059987969,0.574662504364543,29,0.11064516760676857,0.024112810285745207,0.007785149675880535,0.006077442668717267,0.7806455780222211
partial_arc_noisy,18,0.06089568791849851,0.3090628809780196,1.1931627266524565,0.28572292011356476,0.44428174480199223,0.26999533508444307,24,0.1709047301096213,-0.19826453625467255,1.1808671759504779,0.25530264320111945,0.43884084515782135,0.30585651164105926,21,0.13690838230926622,0.4461808499588257,1.3922433903091258,17,0.18655040617811433,0.023907451037744127,0.003871377638611983,0.002043165314234873,0.527761821491384
partial_arc_noisy,19,0.16553146071197564,-0.24817778461867782,1.1324382600176255,0.6243490707205236,0.2112802692193617,0.16437066006011472,18,0.18756380649994087,-0.5723678451617965,1.0088455463784016,0.21865185844736215,0.7214294000705351,0.059918741482102744,54,0.21472018130540177,0.6431500059987969,0.574662504364543,45,0.0809733308356221,0.06963461238534133,0.003488108357660581,0.01124438089848643,3.2236329108846427
partial_arc_noisy,20,0.1259063698676198,0.5804886603884052,1.1033702613088567,0.22257897691477851,0.47823983527253877,0.29918118781268266,7,0.15053853151027866,0.5882110617285703,1.241472922969562,0.400829052951723,0.17243132291317814,0.42673962413509886,57,0.1733598633408338,0.6797689091620738,0.7770409460941102,61,0.0832968323404897,0.08503895754827745,0.005141309713766467,0.006796651598970664,1.321968910134284
partial_arc_noisy,21,0.18204862826777596,0.41434014221896986,1.189458575695305,0.431328845246669,0.23407829498741908,0.3345928597659119,36,0.1709047301096213,-0.19826453625467255,1.1808671759504779,0.25530264320111945,0.43884084515782135,0.30585651164105926,46,0.06640876294947295,0.23902466915526188,0.8919115529805562,39,0.02458884808306076,0.01915756541656846,0.0036266888867315717,0.0037071821692497347,1.0221947029458887
partial_arc_noisy,22,0.12846764664723628,-0.6987826579800298,1.4299702126748957,0.45709798791774114,0.42729444351016843,0.11560756857209042,25,0.1983761454496282,0.2766763409892709,0.9362318277664147,0.2868183658908513,0.23852526475588332,0.4746563693532654,47,0.21472018130540177,0.6431500059987969,0.574662504364543,53,0.07185968478040054,0.23936586718744998,0.003190013241363403,0.005157333524095825,1.6167122622637122
partial_arc_noisy,23,0.19644500620478117,0.5922536480340936,0.8147302388200224,0.27872496859533785,0.23468866844977287,0.4865863629548892,3,0.20547321321632717,0.43167589087671515,1.1469730593662317,0.29162319154961774,0.28595106714836344,0.4224257413020189,0,0.2158442860710749,0.004964491459897191,0.5544650690711633,59,0.04255715466797718,0.04277374776858026,0.0029633520781912168,0.012746216404555389,4.301283164549073
partial_arc_noisy,24,0.09136746343355744,-0.020676381396184128,0.5505780219492944,0.3849634772525977,0.08069011821794833,0.5343464045294539,40,0.1131118079657632,-0.35762924765752657,0.8754289347007057,0.44357650051878106,0.2529860729812598,0.30343742649995914,14,0.12274917540576698,-0.5420896658434821,0.9309049931710753,21,0.04680689765016593,0.15393931868632985,0.0012992770979911204,0.0021793801022700794,1.6773789868533293
partial_arc_noisy,25,0.1585065788303101,-0.5037927659456888,1.0221101535731583,0.16981988004779383,0.4907813783241074,0.3393987416280988,18,0.19303458669727624,-0.4063771687445561,0.6213811531756379,0.5053896686175006,0.3313187347579996,0.16329159662449982,45,0.19206235481473535,-0.377016723843952,0.6427866062601602,55,0.10269350951892821,0.11740476333573265,0.002930434391571664,0.026221537252931866,8.948003520689166
partial_arc_noisy,26,0.20199360015516926,-0.2857289649974677,1.3427158305025533,0.43564913675496236,0.04242828917597756,0.5219225740690601,21,0.17522236294316615,-0.3442166190816761,1.328908895727541,0.2459185562856482,0.47677127286888404,0.2773101708454678,37,0.21472018130540177,0.6431500059987969,0.574662504364543,30,0.06446380554870217,0.16307493548239488,0.001995121588483708,0.018463353193983522,9.254249615942289
partial_arc_noisy,27,0.2155179948556516,-0.10262634152642815,1.1052309677121783,0.08101957701362877,0.6125281161482757,0.30645230683809543,57,0.2187051964418358,-0.41253750770322606,0.9052514723366497,0.24214897309090305,0.7168831817191452,0.04096784518995178,51,0.21472018130540177,0.6431500059987969,0.574662504364543,46,0.03588059009424771,0.17698964109876247,0.0055511948658823074,0.013342311200579996,2.4035025833054355
partial_arc_noisy,28,0.16803511655180495,-0.27561655839024896,1.21675976821388,0.3735256989649883,0.3058999872519908,0.320574313783021,9,0.06747870137541476,0.35581462296552174,0.9651257140101626,0.19755773349704744,0.15161919870259902,0.6508230678003536,28,0.08475946343303951,0.34171199268499886,0.9621275460386641,29,0.18156139916383937,0.22016583601155507,0.004361681055063519,0.004062383293624921,0.9313801817097241
partial_arc_noisy,29,0.21970815098063828,-0.4308781671474374,0.9853548815736971,0.49359386031420355,0.38673298374265,0.11967315594314637,49,0.20735990345707234,-0.6110203537062148,1.3580384725629373,0.04023888917977657,0.5887267366612611,0.37103437415896234,25,0.21472018130540177,0.6431500059987969,0.574662504364543,15,0.10012923847405941,0.23099606304191567,0.00484257517697706,0.034355502231567615,7.094469569600729
partial_arc_noisy,30,0.213015399441497,0.08924267586926082,1.3888718174068893,0.2846124457270495,0.5651645400489722,0.1502230142239782,38,0.2174338580998638,0.41980861558886673,0.7852310434502415,0.28152582619567584,0.5508362592955177,0.16763791450880638,37,0.21472018130540177,0.6431500059987969,0.574662504364543,30,0.057846731256488176,0.011609933523218782,0.00408755162730271,0.02306117082939617,5.641805396501806
partial_arc_noisy,31,0.06823437226251343,-0.6147007567580924,0.7353080059791569,0.24040354945656212,0.7145628881078312,0.04503356243560663,48,0.1589655117118297,-0.6486069470357789,0.7553713438739502,0.18320096661502405,0.08070749621216584,0.7360915371728101,28,0.1742074496519678,-0.2337955220661879,1.2445813942923711,24,0.14148662728831782,0.46070531649146895,0.0018773515546953558,0.0033025606202166085,1.759159392366725
partial_arc_noisy,32,0.0685095550039001,0.5433806603262333,1.1870513047593658,0.393068750319439,0.2021122208985359,0.40481902878202514,49,0.18513194818193437,0.42534851033439325,1.2780048967389221,0.42926140537134344,0.37454382735112324,0.19619476727753327,60,0.14841876111336738,-0.18655219265089798,1.2991573040872852,34,0.2088503743503989,0.13908284100299453,0.006030921460438854,0.0027202937501236567,0.45105773105619384
partial_arc_noisy,33,0.15655686995924786,0.30912798590305696,1.2243545464005903,0.35920032192327667,0.49867011002032213,0.1421295680564012,29,0.20478291175562072,0.10767314547827235,1.0879185145986592,0.40080659343818015,0.163781474551567,0.43541193201025286,15,0.2158442860710749,0.004964491459897191,0.5544650690711633,9,0.06727473034668464,0.19552157596923445,0.005938846777253067,0.020851136816111292,3.510974032193453
partial_arc_noisy,34,0.07442989651942675,0.5455341631341026,1.1810786999979555,0.3744529924953096,0.19321817046620976,0.43232883703848063,47,0.07362181656141459,0.3130275955939684,1.2733639581705303,0.11540980563499917,0.3409584644893204,0.5436317298756805,39,0.20448013198469242,0.43737503466125816,1.0237455766254115,50,0.026780754689202522,0.07420192855813325,0.0009215905502690418,0.0059506716831052835,6.456958224417657
partial_arc_noisy,35,0.13272356967174598,-0.435272055401337,1.0281135182800074,0.3520655828817235,0.1035271340705368,0.5444072830477397,15,0.11409569068563417,-0.27869687405575566,1.1507813663700044,0.3903145353395113,0.16277796797664104,0.44690749668384766,17,0.21623277762055287,0.05567791289911849,0.6670626572797924,18,0.02534325288930254,0.06499985757592802,0.005620275452900688,0.010106510596712102,1.798223357806425
partial_arc_noisy,36,0.08700016360647703,0.3844499905037413,0.9452452849492505,0.381842701438649,0.3120530012771415,0.30610429728420957,7,0.06884911292976544,0.18268501225822678,0.9231545129262569,0.1491161197643741,0.29559588837407685,0.555287991861549,58,0.11810716879491193,-0.10919107913482112,0.9419638061638367,58,0.030699231932060537,0.16612246305155964,0.003572894787182133,0.004409293624848935,1.2340955688556539
partial_arc_noisy,37,0.16058305893077646,-0.5993618127920243,1.325833677706675,0.338924341697441,0.5624614226512358,0.09861423565132321,62,0.21812129667241523,0.37702120169339626,1.1243097711652854,0.26859498109655877,0.6177632748218828,0.11364174408155847,62,0.21472018130540177,0.6431500059987969,0.574662504364543,55,0.11121845080270804,0.04688624040058816,0.003275399885165494,0.015348620722183143,4.686029572052584
partial_arc_noisy,38,0.0907111736449702,-0.18879872197907463,0.6703625591225602,0.06581270525096594,0.24726216149543934,0.6869251332535947,51,0.18120162498865777,0.4146970473940258,0.6249058221146752,0.2657810346011103,0.4261868970028108,0.30803206839607894,9,0.20858934416541317,0.1764181207733121,1.215815980499597,2,0.13236895819723687,0.25259537657167724,0.008069255244289884,0.004985736589094851,0.6178682465922677
partial_arc_noisy,39,0.15472452863837774,0.10178043744890365,0.8244574194883564,0.4255871291354723,0.10851825863553152,0.4658946122289962,32,0.16594561122757204,0.22935145751013244,1.2284729872087434,0.2069216600740621,0.2912859979793694,0.5017923419465685,26,0.20049632174913917,0.5535149317932143,0.6783981610296312,35,0.049979056337546096,0.08953408743740195,0.0053262961455370775,0.004835216087378425,0.9078008348127374
sparse_full_noisy,0,0.12036061970340926,0.21383375837904264,1.0086349743695089,0.22158927615387036,0.17086828104211818,0.6075424428040115,59,0.2119042412969173,-0.30423911787475416,0.9587615744510248,0.22304351833744349,0.472181692684848,0.3047747889777085,6,0.19957149104447017,0.6767835695891308,0.9290951560315296,1,0.14441712332339926,0.20184510255086865,0.009309005828879434,0.010119816605020688,1.0870996098880792
sparse_full_noisy,1,0.09625951348499033,-0.3897869378629622,1.4452377480657461,0.40024608038142223,0.5023384811804198,0.09741543843815792,55,0.21821727284516146,0.626856853146953,1.3115679904285216,0.3788056748911582,0.4191333419497411,0.20206098315910076,56,0.19206235481473535,-0.377016723843952,0.6427866062601602,30,0.2178249813867418,0.06976369648062852,0.008929427564377436,0.007713909097949018,0.8638749844080107
sparse_full_noisy,2,0.11530196880823322,-0.1384074609050738,1.4005317864769862,0.3135256002143462,0.6080024567186255,0.0784719430670282,31,0.17516499216314943,-0.6815668703584398,1.217957638787717,0.14355784687041317,0.750521637097315,0.10592051603227182,35,0.19957149104447017,0.6767835695891308,0.9290951560315296,29,0.10208055012024499,0.11331183556262205,0.008375967054325311,0.01051003845403554,1.2547850756657648
sparse_full_noisy,3,0.2124178831941953,-0.3923680494320063,0.5539866591945776,0.2646273361968602,0.661272795683765,0.07409986811937486,60,0.21017152162508887,0.11270693831847191,1.3147707956594787,0.5282633601397817,0.1628795884458769,0.3088570514143414,21,0.21472018130540177,0.6431500059987969,0.574662504364543,54,0.06896169084940622,0.156504788863311,0.012020040634177085,0.01513714143153729,1.2593253128027888
sparse_full_noisy,4,0.07094393195689143,0.13699135825975708,0.5522737231767927,0.25282666691169886,0.45035656522044276,0.2968167678678584,36,0.1692874299938017,0.3185021123964474,0.9445844196310798,0.37153241504718143,0.3666776397893538,0.2617899451634647,46,0.19098793498687638,0.3367253911837018,1.2962237870287379,45,0.16869256914321437,0.07590064858510331,0.009363688550743977,0.009108058569762467,0.9726998629230146
sparse_full_noisy,5,0.15666334493187842,-0.392410586922604,1.029799876018604,0.43930767670391,0.15905376826931053,0.4016385550267795,48,0.18837317835684464,0.1647975279359163,0.554249593998934,0.30523463389821043,0.4163994340259085,0.2783659320758811,51,0.16811434207437892,0.3247877658827291,0.7513615116830701,52,0.03108257508660245,0.09745391041926658,0.014531212966600409,0.020769220703125472,1.4292833468797788
sparse_full_noisy,6,0.1622173435459811,-0.5309849903059318,1.3207112941043935,0.08632598463565803,0.6409586761741831,0.2727153391901589,42,0.18496886134039314,0.013358620909500062,0.6726022103810239,0.6030044940466561,0.2174308884866812,0.17956461746666266,3,0.21472018130540177,0.6431500059987969,0.574662504364543,32,0.051668442607386046,0.08740326923401547,0.0026842708714430556,0.0076935491360832844,2.86615975233053
sparse_full_noisy,7,0.06907162550181452,0.06396964872750667,1.3496091372526324,0.27165474496649406,0.16120497149588467,0.5671402835376212,13,0.21946497700945897,-0.404369740763215,0.9396247707357003,0.4016891574136155,0.21720829405177816,0.3811025485346064,4,0.19655482239655236,-0.33025694382270976,0.936944171228365,4,0.22787562354326152,0.1240251566686766,0.00630337824621118,0.006540777189713557,1.0376621764123186
sparse_full_noisy,8,0.13045094609708688,0.2323819672149014,0.8388452722949072,0.5552051807792512,0.2421663077377853,0.2026285114829635,47,0.14149566889756987,0.45259518231307294,1.2369363984650383,0.1323422858203229,0.5563338726869383,0.31132384149273873,26,0.19206235481473535,-0.377016723843952,0.6427866062601602,59,0.04893232724427066,0.0732160146116416,0.00726556001443642,0.01011082728427346,1.3916101806582826
sparse_full_noisy,9,0.07192832606846744,0.28919097269001093,0.6620618311472722,0.46294570935622936,0.3317648524291831,0.20528943821458756,3,0.17390912064139974,-0.4117065409629276,0.6949834651939151,0.41045298803698627,0.4751583301916007,0.11438868177141304,30,0.12324466927856427,0.017798300301169356,1.4216990824072344,31,0.15394944950877673,0.060600504295449685,0.006087175655081122,0.006202986170426799,1.019025328314455
sparse_full_noisy,10,0.18110529909826975,-0.13917865762643777,0.5868566068444723,0.35111167156438083,0.1873194074094697,0.46156892102614944,0,0.15915648015454992,0.2585213153013714,0.6116970591546228,0.18367436596258624,0.4287514721259325,0.38757416191148125,61,0.1975695410674559,-0.21613481076791255,0.7738571950940594,59,0.029654384646576392,0.05175986704103444,0.004718483442340147,0.005832274229193546,1.2360484677892631
sparse_full_noisy,11,0.16199462389790178,0.5473273755658711,1.0187296770172132,0.4595982123606608,0.2942081870510471,0.2461936005882921,46,0.14143443674523412,0.05244206674797227,0.6935072103193627,0.4259748879326302,0.3504666694369364,0.22355844263043345,19,0.14841876111336738,-0.18655219265089798,1.2991573040872852,18,0.0591585153999723,0.03750565492392616,0.008771627545501915,0.011067190515625158,1.261703196837217
sparse_full_noisy,12,0.11560045044665081,0.12192667734477597,1.2336012725334702,0.5190066551901471,0.33742810415135843,0.14356524065849446,47,0.21821727284516146,0.626856853146953,1.3115679904285216,0.3788056748911582,0.4191333419497411,0.20206098315910076,19,0.21472018130540177,0.6431500059987969,0.574662504364543,12,0.19700168199806165,0.06658220882693734,0.007064934158364618,0.004762564312896955,0.6741130499083643
sparse_full_noisy,13,0.09603528008001223,-0.18732168529266063,1.2419899420623857,0.24588016091024006,0.11357388465068906,0.6405459544390708,31,0.21117706732901456,-0.4960050043041584,0.5539978350120979,0.42457492339000863,0.11028275902567634,0.46514231758431496,26,0.1815195763291672,0.14527731324234816,0.6798063313666718,27,0.13926108637629322,0.11912984165317904,0.012127957220842438,0.012463011102406147,1.027626571850691
sparse_full_noisy,14,0.21275150507111038,0.6742207702457922,1.2828780877289927,0.14071789776743432,0.2541561906672954,0.6051259115652703,29,0.15738964844804043,0.6680906334697596,0.6758750856540645,0.2934774626260355,0.559607359573979,0.14691517779998553,42,0.19206235481473535,-0.377016723843952,0.6427866062601602,18,0.14642569769862523,0.30547382251018984,0.007829282925555594,0.015551378708463008,1.9863094559658447
sparse_full_noisy,15,0.07681784785849312,-0.4640490971321485,0.6512502355096016,0.4450784474368743,0.3066125916013238,0.24830896096180188,9,0.1589655117118297,-0.6486069470357789,0.7553713438739502,0.18320096661502405,0.08070749621216584,0.7360915371728101,25,0.1742074496519678,-0.2337955220661879,1.2445813942923711,22,0.13237367043212522,0.32518838414067214,0.004261415337406452,0.004429901686414584,1.0395376502095839
sparse_full_noisy,16,0.09759320241685078,-0.5194256811224145,0.8805463246438447,0.48230751307860453,0.085844658762823,0.4318478281585725,22,0.18837317835684464,0.1647975279359163,0.554249593998934,0.30523463389821043,0.4163994340259085,0.2783659320758811,45,0.1995917364833085,0.09469222219569157,0.9801430017127063,44,0.11469429158482124,0.14625998342359162,0.00872849156392541,0.007946683822196016,0.9104303720747602
sparse_full_noisy,17,0.1932291240692625,-0.46112772315961714,1.219630136186539,0.06318248060886068,0.6921396887495568,0.24467783064158255,13,0.18756380649994087,-0.5723678451617965,1.0088455463784016,0.21865185844736215,0.7214294000705351,0.059918741482102744,3,0.21472018130540177,0.6431500059987969,0.574662504364543,61,0.026939240165220146,0.12317272610631987,0.020741702936152084,0.020347363146983356,0.9809880707296503
sparse_full_noisy,18,0.13501343275692557,0.2191401458895301,1.2125287249671384,0.3558522494847339,0.1275043030851561,0.51664344743011,31,0.195773183490977,-0.5014197971832997,0.7239033203117929,0.3348323576483635,0.24712083618396521,0.4180468061676713,21,0.19206235481473535,-0.377016723843952,0.6427866062601602,19,0.1043961882868751,0.07974435539920607,0.004715027448269949,0.008085970979594069,1.7149361415830136
sparse_full_noisy,19,0.09984317951287884,-0.1012062645071893,1.270123339167799,0.3510256476360732,0.06604997675033816,0.5829243756135887,44,0.11724226038356363,-0.6995897104657888,1.2990556039296042,0.44558476944568953,0.19979678229162517,0.35461844826268524,23,0.19396243485567127,0.3794208423110398,0.6573407521734577,53,0.039577708776697244,0.15220395156726893,0.017923264393259114,0.0164032692270654,0.9151942897876695
sparse_full_noisy,20,0.06425445162728811,0.2565360229109302,1.0510489852141105,0.14422257801612193,0.18277156122626537,0.6730058607576127,3,0.18837317835684464,0.1647975279359163,0.554249593998934,0.30523463389821043,0.4163994340259085,0.2783659320758811,3,0.15196162017539597,0.4360574964202097,0.9108482595820376,7,0.1640221555166649,0.26309328578782104,0.008256915835846774,0.009687371545567917,1.1732433439022023
sparse_full_noisy,21,0.1656442792532071,-0.5496279777011677,0.919471360891342,0.3051925169455824,0.39579124630779905,0.2990162367466185,33,0.2119042412969173,-0.30423911787475416,0.9587615744510248,0.22304351833744349,0.472181692684848,0.3047747889777085,60,0.21534386778340747,-0.4833851276557275,1.0281225958185152,32,0.07283098024555114,0.054765999072092626,0.0075376346167652306,0.006863490428626724,0.9105628990507084
sparse_full_noisy,22,0.19267924738849732,0.6264278609597902,0.9261243778685799,0.21835446634653868,0.4612848565449651,0.32036067710849625,26,0.21821727284516146,0.626856853146953,1.3115679904285216,0.3788056748911582,0.4191333419497411,0.20206098315910076,24,0.19206235481473535,-0.377016723843952,0.6427866062601602,63,0.08387073580608957,0.10696747236307964,0.005027140612780103,0.01727049313052442,3.435450579325155
sparse_full_noisy,23,0.12663276805147716,0.12134582987232073,0.5920231744052542,0.06883147671778671,0.3855131518243474,0.5456553714578659,28,0.18837317835684464,0.1647975279359163,0.554249593998934,0.30523463389821043,0.4163994340259085,0.2783659320758811,33,0.20858934416541317,0.1764181207733121,1.215815980499597,34,0.08685017498534302,0.17819295958798986,0.01023607589362555,0.010503221305952644,1.0260984204399517
sparse_full_noisy,24,0.1735339891175115,0.3521029807893061,0.9994222291435358,0.1447720316648918,0.45230653569982954,0.40292143263527863,56,0.2144375097693287,-0.5914896896321784,1.244591170743251,0.1608108467557733,0.46643537348497127,0.37275377975925544,0,0.13690838230926622,0.4461808499588257,1.3922433903091258,56,0.10641301162905782,0.020111768584015477,0.007150142188085354,0.004026496741937279,0.5631351987163047
sparse_full_noisy,25,0.20619050024682845,-0.2747486141037863,1.1163935451864668,0.15936060471853092,0.26428316504140514,0.5763562302400639,44,0.1983761454496282,0.2766763409892709,0.9362318277664147,0.2868183658908513,0.23852526475588332,0.4746563693532654,52,0.2158442860710749,0.004964491459897191,0.5544650690711633,49,0.030251340513622438,0.06779990725786568,0.005397614444002968,0.01201657612396296,2.2262753756548888
sparse_full_noisy,26,0.20935803108770865,0.028956520647393888,0.8557280572631623,0.21526687137261,0.16910036591069796,0.615632762716692,31,0.18837317835684464,0.1647975279359163,0.554249593998934,0.30523463389821043,0.4163994340259085,0.2783659320758811,37,0.1828066485503529,0.3148254197277266,0.7210861728532981,40,0.05377054986542843,0.2248445537605406,0.013576667225408021,0.012558297492416205,0.9249911840598117
sparse_full_noisy,27,0.17398776841991093,-0.490736723439602,1.403525437843529,0.5065457851266321,0.33315247728175695,0.16030173759161098,1,0.1963109675637856,0.27836948761915653,1.3913139663953054,0.06621430535439572,0.43118176099908173,0.5026039336465224,15,0.21472018130540177,0.6431500059987969,0.574662504364543,29,0.035745318986578734,0.22820146403660768,0.009091679066962509,0.01647622080994718,1.8122307979192467
sparse_full_noisy,28,0.17363478932581108,-0.00940669431283152,0.6018829620910361,0.42431127162159943,0.4261330779226775,0.14955565045572305,56,0.18837317835684464,0.1647975279359163,0.554249593998934,0.30523463389821043,0.4163994340259085,0.2783659320758811,52,0.16070180470554096,-0.021412405529694655,0.969696278045545,49,0.026949187766021194,0.08587352108010536,0.011899517585948064,0.011747869335603319,0.9872559329191778
sparse_full_noisy,29,0.10908432297978869,0.6682111542263361,1.1183364159839635,0.5911523841803072,0.24714663574313378,0.16170098007655898,45,0.18756380649994087,-0.5723678451617965,1.0088455463784016,0.21865185844736215,0.7214294000705351,0.059918741482102744,18,0.21472018130540177,0.6431500059987969,0.574662504364543,11,0.12218376987505986,0.08685134392681859,0.007663866086054827,0.006394173959310239,0.8343274644301366
sparse_full_noisy,30,0.16456464974945317,0.4496269393851593,0.8510326401353027,0.6053567149569764,0.15373825445791683,0.24090503058510676,31,0.21812129667241523,0.37702120169339626,1.1243097711652854,0.26859498109655877,0.6177632748218828,0.11364174408155847,4,0.21472018130540177,0.6431500059987969,0.574662504364543,61,0.11060754130369128,0.08484219100236552,0.008586038334363038,0.007652991705918963,0.8913297853900982
sparse_full_noisy,31,0.08997232109162093,-0.6134804741475149,0.8183142201502902,0.3781979022884985,0.027827156466345065,0.5939749412451565,22,0.18837317835684464,0.1647975279359163,0.554249593998934,0.30523463389821043,0.4163994340259085,0.2783659320758811,15,0.1815195763291672,0.14527731324234816,0.6798063313666718,14,0.12813839734870344,0.21040600611285024,0.010403915549101403,0.01685544692419375,1.6201060883899208
sparse_full_noisy,32,0.09266174324395314,0.6325196522086464,1.029018821442609,0.24886978362980447,0.39224296981824525,0.35888724655195026,11,0.2144375097693287,-0.5914896896321784,1.244591170743251,0.1608108467557733,0.46643537348497127,0.37275377975925544,9,0.19098793498687638,0.3367253911837018,1.2962237870287379,2,0.22587461599704298,0.05870595791602079,0.010252385144477178,0.005405819539323034,0.5272743330594712
sparse_full_noisy,33,0.1120607691370641,-0.5444760540160681,1.1614617929649518,0.10577786604972987,0.3612725462509859,0.5329495876992842,51,0.17516499216314943,-0.6815668703584398,1.217957638787717,0.14355784687041317,0.750521637097315,0.10592051603227182,12,0.19957149104447017,0.6767835695891308,0.9290951560315296,5,0.11802048583064166,0.28468604777800827,0.004889128830620974,0.008113894202684992,1.6595787273730802
sparse_full_noisy,34,0.11106995601496124,0.21193698849847797,0.5505773973211309,0.42270688831083725,0.18968793272487303,0.3876051789642897,48,0.2119042412969173,-0.30423911787475416,0.9587615744510248,0.22304351833744349,0.472181692684848,0.3047747889777085,54,0.2087532626839395,0.5957829503434754,1.2295946261161328,49,0.18036053952593348,0.05522025999105414,0.00868234028741804,0.00743797376562845,0.856678443760969
sparse_full_noisy,35,0.07052810023081074,0.6409860802871905,0.8796430197724849,0.2675360115982099,0.34363185702836363,0.3888321313734264,26,0.1692874299938017,0.3185021123964474,0.9445844196310798,0.37153241504718143,0.3666776397893538,0.2617899451634647,25,0.18812387686979723,0.26052599542807914,1.3092795464829483,23,0.1569833397898774,0.08469479080664115,0.005441654580518483,0.003353103610922635,0.6161919249573445
sparse_full_noisy,36,0.0920349539314107,0.07736785379195876,1.056040910121911,0.15498647651786493,0.25724609066222287,0.5877674328199123,28,0.182057591151242,0.34522974132462186,1.0753688855586507,0.3833568004612117,0.40672124584410135,0.20992195369468697,38,0.12030023563766086,0.693289695856958,0.5736744658050448,35,0.1516323006851358,0.2518969860834835,0.011655617848136462,0.01107198202756724,0.9499266509786493
sparse_full_noisy,37,0.17333802834264556,-0.3451116041386369,1.2210738091072226,0.24541668384949925,0.19061964228578143,0.5639636738647194,21,0.21400440785777058,-0.049051989546131144,1.0545220372136153,0.2184786259393012,0.30201503917027633,0.47950633489042244,22,0.21472018130540177,0.6431500059987969,0.574662504364543,34,0.056832529774335165,0.05630489264953126,0.0105080620805741,0.006693854645448406,0.6370208506688506
sparse_full_noisy,38,0.07432029813028754,0.15035624150563742,0.8047650111091222,0.3147136285812428,0.3079380180559439,0.37734835336281325,53,0.18120162498865777,0.4146970473940258,0.6249058221146752,0.2657810346011103,0.4261868970028108,0.30803206839607894,62,0.20448013198469242,0.43737503466125816,1.0237455766254115,61,0.1526116504579407,0.07431551228104531,0.005891628187088204,0.009309299738001335,1.580089483311783
sparse_full_noisy,39,0.20261815771537856,0.3586670731747864,1.137536192720235,0.5078682833716208,0.39108856848560947,0.10104314814276971,6,0.21267121112033363,0.15947387380002723,1.3821323520278255,0.4840697816145195,0.29942814160870945,0.21650207677677102,3,0.21472018130540177,0.6431500059987969,0.574662504364543,32,0.04139169706972521,0.07697261908933421,0.006209111491497931,0.03540735649056184,5.702483606397591
sparse_partial_high_noise,0,0.19423204226623653,-0.026651933851260523,1.2890899981336972,0.3094319767846536,0.19428927515766198,0.4962787480576844,0,0.21400440785777058,-0.049051989546131144,1.0545220372136153,0.2184786259393012,0.30201503917027633,0.47950633489042244,61,0.21472018130540177,0.6431500059987969,0.574662504364543,8,0.020110746722517243,0.01612623385442616,0.004835636962257299,0.01349746126224454,2.7912478475108395
sparse_partial_high_noise,1,0.21264293628715544,0.2167324785396183,1.2157336855467236,0.3863683508974641,0.17421921329677015,0.43941243580576583,13,0.2110530657028955,0.5438163086774034,0.5525886117336356,0.3344182066478881,0.49955635648119373,0.16602543687091814,26,0.21472018130540177,0.6431500059987969,0.574662504364543,20,0.08541370150272003,0.18225799928989841,0.011902378273239932,0.014678015253636002,1.2332001988742471
sparse_partial_high_noise,2,0.21103890013008275,0.5627617609536171,0.5938880489062657,0.059886193679852054,0.1727276501086017,0.7673861562115463,49,0.17390912064139974,-0.4117065409629276,0.6949834651939151,0.41045298803698627,0.4751583301916007,0.11438868177141304,44,0.10592980592401903,-0.07390890387723686,1.3431044462592001,42,0.05204760992326663,0.43533164962675547,0.009306418872501148,0.006004670434075503,0.6452181570956645
sparse_partial_high_noise,3,0.2073769227057922,0.647961200145399,1.0570543802369585,0.6922835464375903,0.234457867642382,0.07325858592002774,63,0.195773183490977,-0.5014197971832997,0.7239033203117929,0.3348323576483635,0.24712083618396521,0.4180468061676713,4,0.2158442860710749,0.004964491459897191,0.5544650690711633,6,0.053954315616965016,0.2967751401690834,0.030449167766993777,0.03826375660925654,1.2566437579530039
sparse_partial_high_noise,4,0.10381800033042954,0.4660292902478993,1.2426972796653801,0.12724378889305063,0.47735472452645783,0.3954014865804915,29,0.18120162498865777,0.4146970473940258,0.6249058221146752,0.2657810346011103,0.4261868970028108,0.30803206839607894,15,0.20448013198469242,0.43737503466125816,1.0237455766254115,16,0.08340336928711596,0.0923581638053731,0.008894094014342234,0.008087404663683075,0.9093005595220461
sparse_partial_high_noise,5,0.15406926019345107,0.24118051652591066,1.0749944772244209,0.10595050343046504,0.13349149139761923,0.7605580051719156,7,0.21117706732901456,-0.4960050043041584,0.5539978350120979,0.42457492339000863,0.11028275902567634,0.46514231758431496,0,0.19243197187297004,0.048929678766815726,0.7636412205735307,63,0.08089732936096769,0.19694379172506715,0.01558884414834458,0.01576292276642167,1.011166871412694
sparse_partial_high_noise,6,0.19378618063305317,0.0012061455889657013,0.9728366692655399,0.07836712853214295,0.5755297125175282,0.34610315895032884,15,0.21400440785777058,-0.049051989546131144,1.0545220372136153,0.2184786259393012,0.30201503917027633,0.47950633489042244,55,0.21472018130540177,0.6431500059987969,0.574662504364543,5,0.04064055226769969,0.1823431155648346,0.004351487804270126,0.01015417580396859,2.3334951769838974
sparse_partial_high_noise,7,0.1931505469308746,-0.6291022996976311,1.4012118410749765,0.33602666582241403,0.28700643013847377,0.3769669040391122,60,0.15053853151027866,0.5882110617285703,1.241472922969562,0.400829052951723,0.17243132291317814,0.42673962413509886,19,0.19791800964216585,0.5603785551013629,0.8203163253264907,22,0.10895436291316947,0.07638340481686375,0.01129336431643193,0.011754097919979186,1.0407968423436837
sparse_partial_high_noise,8,0.14773173305501808,0.5374687773804886,1.3574331757787297,0.701987620055876,0.021539911583467984,0.27647246836065603,21,0.21821727284516146,0.626856853146953,1.3115679904285216,0.3788056748911582,0.4191333419497411,0.20206098315910076,2,0.19206235481473535,-0.377016723843952,0.6427866062601602,39,0.13018359018565093,0.2381771755384601,0.016798647997493955,0.009394888280704896,0.5592645480818716
sparse_partial_high_noise,9,0.11829126854976357,0.4008879007756663,0.8208514290650932,0.4678913424200868,0.13509023949305488,0.39701841808685834,44,0.18513194818193437,0.42534851033439325,1.2780048967389221,0.42926140537134344,0.37454382735112324,0.19619476727753327,11,0.2163552358153942,-0.2918639200149681,1.3530094977541496,52,0.1450792907171469,0.15963572523871225,0.013616658030912176,0.0209306764408318,1.5371375555819595
sparse_partial_high_noise,10,0.13374938624659294,-0.3402190494010605,1.1004010655669023,0.09405116654040616,0.35257472383534294,0.5533741096242509,27,0.17702517583463767,-0.10774241402168484,0.8028338583733997,0.6569596826535832,0.13841270083052026,0.20462761651589656,16,0.20049632174913917,0.5535149317932143,0.6783981610296312,47,0.058861337161944416,0.23249766207223624,0.004470666417756755,0.010633834822548609,2.378579350119427
sparse_partial_high_noise,11,0.13353147897280557,-0.38554623796004606,1.3534285460189404,0.16143199944585587,0.4334982947893306,0.40506970576481355,47,0.17580279604404145,0.22812869895112844,0.6024002767122572,0.4263164099076426,0.15035394390255608,0.4233296461898013,53,0.21472018130540177,0.6431500059987969,0.574662504364543,56,0.04301366589780658,0.012173293616658523,0.029007857375890782,0.029232889622113227,1.0077576307448848
sparse_partial_high_noise,12,0.09810654164508989,-0.2809032218677818,0.7718330552776896,0.22149563856720944,0.40222086410143804,0.3762834973313525,20,0.2119042412969173,-0.30423911787475416,0.9587615744510248,0.22304351833744349,0.472181692684848,0.3047747889777085,56,0.185887943736291,-0.35775772786215143,1.1437289542773068,27,0.19047506788507582,0.04767247223576268,0.01992811005008262,0.012389114819930002,0.6216904056026445
sparse_partial_high_noise,13,0.16574494804373618,-0.5887517809403664,0.766231393501316,0.09869791483366892,0.2660646555349351,0.635237429631396,4,0.17015758878230802,-0.05723090048820403,1.2424269096805893,0.23768329636038565,0.7208891265722883,0.04142757706732603,30,0.21472018130540177,0.6431500059987969,0.574662504364543,24,0.04827869321839173,0.3958732350427134,0.004385950524974826,0.008436820355166942,1.9236013509786152
sparse_partial_high_noise,14,0.14545743088972615,-0.4203466386012944,1.2787663141258465,0.14929503395666396,0.5578556931769085,0.2928492728664275,38,0.1900814856687366,-0.31309324152630813,1.409789500057236,0.20399148568392272,0.49425557564387373,0.3017529386722036,40,0.21472018130540177,0.6431500059987969,0.574662504364543,30,0.09044259876635291,0.04240007835535656,0.02246073584496222,0.011954422087497758,0.5322364400709984
sparse_partial_high_noise,15,0.20037335762339561,-0.4730508948478843,1.4399005619519099,0.18397834091591056,0.6331509992191681,0.18287065986492135,41,0.21748096028007483,-0.12831049609627868,1.4162317291368718,0.09879322311181736,0.34106132224234065,0.560145454645842,15,0.21472018130540177,0.6431500059987969,0.574662504364543,29,0.03586690844566015,0.25151652985394707,0.008618090392203992,0.020050892322484765,2.3266050145659873
sparse_partial_high_noise,16,0.1851451145460178,-0.697889055974591,1.1056518069510284,0.27878462312753505,0.4337213993278325,0.28749397754463246,21,0.18513194818193437,0.42534851033439325,1.2780048967389221,0.42926140537134344,0.37454382735112324,0.19619476727753327,39,0.2163552358153942,-0.2918639200149681,1.3530094977541496,17,0.02264988318660265,0.06383946948239215,0.011878882268565677,0.010019807397519086,0.8434974916818444
sparse_partial_high_noise,17,0.18043383893145784,0.3694891607852005,1.42874318457518,0.28933342410514823,0.25347669503722514,0.4571898808576267,44,0.21400440785777058,-0.049051989546131144,1.0545220372136153,0.2184786259393012,0.30201503917027633,0.47950633489042244,33,0.21472018130540177,0.6431500059987969,0.574662504364543,46,0.042671340052452954,0.023332046065282597,0.029139036532940987,0.030052688388609118,1.031354909577579
sparse_partial_high_noise,18,0.12520477756510315,0.5281264908319292,0.8228832885912132,0.5464663174647165,0.06428987738253719,0.38924380515274626,21,0.2144375097693287,-0.5914896896321784,1.244591170743251,0.1608108467557733,0.46643537348497127,0.37275377975925544,56,0.1389156333168707,0.40215488231057533,0.6605663986418447,46,0.18550992885934137,0.06434731291549073,0.02613276640030429,0.017733789955777936,0.6786036229050532
sparse_partial_high_noise,19,0.21492830664165463,-0.37758688859525436,0.6889931079378131,0.5344503195633385,0.3019599101942854,0.16358977024237603,10,0.21812129667241523,0.37702120169339626,1.1243097711652854,0.26859498109655877,0.6177632748218828,0.11364174408155847,47,0.2158442860710749,0.004964491459897191,0.5544650690711633,31,0.047966427810791495,0.05554197017236281,0.010720719623804626,0.030945559699704268,2.8865188891790217
sparse_partial_high_noise,20,0.1434667091398723,0.34548524382694545,1.0127579567475313,0.14050444057353173,0.7431973327645162,0.11629822666195211,50,0.18837317835684464,0.1647975279359163,0.554249593998934,0.30523463389821043,0.4163994340259085,0.2783659320758811,37,0.20858934416541317,0.1764181207733121,1.215815980499597,39,0.035673407987411455,0.21786526582573842,0.00844041686409761,0.008698701105251961,1.0306008868179244
sparse_partial_high_noise,21,0.21068203005750133,-0.049437016112820115,0.6910897190202834,0.10018438493586335,0.17752597936008824,0.7222896357040485,40,0.2119042412969173,-0.30423911787475416,0.9587615744510248,0.22304351833744349,0.472181692684848,0.3047747889777085,55,0.21534386778340747,-0.4833851276557275,1.0281225958185152,26,0.028049816755822198,0.27834323115089327,0.016046579581397116,0.01781238951313236,1.1100427616226922
sparse_partial_high_noise,22,0.20463661195625205,-0.08105544786189531,0.6210106703235398,0.16459573979755882,0.25050269665702174,0.5849015635454194,54,0.2118789306035153,-0.35167739805158543,1.103164289877591,0.15982115913809103,0.2515392404704859,0.588639600391423,54,0.21472018130540177,0.6431500059987969,0.574662504364543,6,0.05772492912616447,0.0031830537729785244,0.018109658329849034,0.015607957554576304,0.8618582013140839
sparse_partial_high_noise,23,0.1632417503022007,0.31387518189427355,0.9723350589538713,0.13998224676298457,0.4000612763885663,0.45995647684844915,19,0.17580279604404145,0.22812869895112844,0.6024002767122572,0.4263164099076426,0.15035394390255608,0.4233296461898013,33,0.21381791790356466,0.5688011773055337,0.8319717679348843,36,0.05534432595552321,0.024417887105765212,0.011634136886254028,0.015733390247592117,1.3523470113353608
sparse_partial_high_noise,24,0.15340079924809916,-0.1522269105083681,1.0871852616073594,0.5023963049728372,0.3539876201254705,0.14361607490169231,52,0.21749961540254062,0.1848464473460074,1.1129148739306731,0.34240898433891087,0.22338813034207003,0.43420288531901907,13,0.21472018130540177,0.6431500059987969,0.574662504364543,19,0.10909981386463467,0.19372454027821787,0.01833871587493267,0.015700722570526918,0.8561516890061182
sparse_partial_high_noise,25,0.19780958972332122,-0.4857766940313421,1.2316007259697632,0.4311022928720213,0.1993944207219069,0.3695032864060718,47,0.20547321321632717,0.43167589087671515,1.1469730593662317,0.29162319154961774,0.28595106714836344,0.4224257413020189,5,0.2158442860710749,0.004964491459897191,0.5544650690711633,0,0.0070427332968524365,0.09676748381577194,0.018657754884722204,0.011719660264779198,0.6281388268411531
sparse_partial_high_noise,26,0.1689635214117757,-0.42051265166096474,1.220853088166945,0.285107090757984,0.4327278088293386,0.2821651004126774,30,0.1709047301096213,-0.19826453625467255,1.1808671759504779,0.25530264320111945,0.43884084515782135,0.30585651164105926,52,0.12619472468763895,0.3139108487337487,1.4179394013166742,47,0.016145649120555345,0.019869631704576396,0.00883017566848686,0.00727949120937228,0.8243880396798147
sparse_partial_high_noise,27,0.19206648964580678,-0.39196770964266736,1.088212013920842,0.5887147473208831,0.06480597530194473,0.3464792773771721,63,0.1968587100146858,-0.5797578598097815,1.1525424923426875,0.39263207341366757,0.2842389920329366,0.3231289345533958,8,0.19957149104447017,0.6767835695891308,0.9290951560315296,36,0.019088646445546347,0.14628867782066127,0.012928393878864372,0.010327220297044068,0.7988014902552775
sparse_partial_high_noise,28,0.1919041185211412,-0.025164061734644447,0.8806683326321176,0.02534701495390498,0.5635992584511408,0.4110537265949542,56,0.17430038503934214,0.47532706183779566,1.2810529981307497,0.4186678852877892,0.5021507989758146,0.0791813157363962,55,0.2158442860710749,0.004964491459897191,0.5544650690711633,34,0.04724300433356759,0.2622139135559228,0.025702151125698458,0.014669189531509327,0.5707378133358747
sparse_partial_high_noise,29,0.10640138260561369,-0.443874387299382,0.6970872621938677,0.40224970200926613,0.15972317322975005,0.4380271247609838,55,0.18082014005203775,-0.10108971510181075,0.569091949718401,0.3620290413815478,0.3401044230639101,0.2978665355545421,56,0.16070180470554096,-0.021412405529694655,0.969696278045545,55,0.09995100567708796,0.1202541665561067,0.006831533748246049,0.0015265216446586172,0.22345225844057953
sparse_partial_high_noise,30,0.13849727050379976,-0.4541304131266557,0.9836246751242119,0.40779363971187316,0.19335100388508117,0.3988553564030457,27,0.18174352104686883,-0.5717949555888213,0.6516298169697072,0.08752827588278206,0.0672903313513644,0.8451813927658536,17,0.20939672492643172,-0.3001064827000358,1.2982830800995449,18,0.055560388528112736,0.2975506909085386,0.009930575773604759,0.008524053407855262,0.858364469713025
sparse_partial_high_noise,31,0.061360801998251696,-0.6275749356160547,0.6985313951136681,0.3170955427066718,0.459245609587524,0.2236588477058043,8,0.18837317835684464,0.1647975279359163,0.554249593998934,0.30523463389821043,0.4163994340259085,0.2783659320758811,31,0.20858934416541317,0.1764181207733121,1.215815980499597,33,0.17619430506599362,0.036471389580051215,0.012161913150535072,0.010681329183620596,0.8782606035260713
sparse_partial_high_noise,32,0.20102066253706727,0.2948361039374472,0.8070379859101113,0.4390600897354077,0.39872811316765633,0.1622117970969359,11,0.18316515638231123,-0.3517551799710371,0.7563986467555246,0.09584938057963215,0.4782661898172801,0.4258844296030878,51,0.185887943736291,-0.35775772786215143,1.1437289542773068,55,0.03055619676008049,0.20191915505868283,0.01021519797504898,0.008999643196773557,0.8810052647785719
sparse_partial_high_noise,33,0.1841578552207053,0.13417347176033312,0.7645640938892551,0.04818673451388651,0.5952945353159743,0.35651873017013913,3,0.18756380649994087,-0.5723678451617965,1.0088455463784016,0.21865185844736215,0.7214294000705351,0.059918741482102744,60,0.21381791790356466,0.5688011773055337,0.8319717679348843,53,0.06362360942516633,0.19773332579202427,0.008463548861792198,0.009433981354782035,1.1146602340031087
sparse_partial_high_noise,34,0.09983240860066711,-0.6191929868979679,0.9878372435316543,0.26637761723879155,0.11833563791785294,0.6152867448433555,36,0.13147808926822585,-0.4733424526663977,1.064187770669311,0.29565953022611197,0.21119516555619344,0.49314530421769454,34,0.2158442860710749,0.004964491459897191,0.5544650690711633,36,0.05443877337393452,0.08142762708377398,0.0126927235472886,0.016039502416924006,1.26367696871097
sparse_partial_high_noise,35,0.13494151834825488,0.045075731647298806,1.3911015987071047,0.3365815452176417,0.11355321908635703,0.5498652356960012,13,0.20550655199037196,-0.6702972229030179,1.2662790416913237,0.6274061370551505,0.24043979712801403,0.1321540658168355,55,0.21472018130540177,0.6431500059987969,0.574662504364543,21,0.1261019161082305,0.2784741132527771,0.009112275544887399,0.0059749457803720376,0.6557029307267146
sparse_partial_high_noise,36,0.08525945647218233,-0.5130516298164318,1.2098768861246152,0.015312549054622177,0.5831143496725932,0.40157310127278456,58,0.21821727284516146,0.626856853146953,1.3115679904285216,0.3788056748911582,0.4191333419497411,0.20206098315910076,49,0.21472018130540177,0.6431500059987969,0.574662504364543,40,0.24770740482974932,0.24232875055769068,0.02166903546924825,0.020359851953353717,0.9395827507988314
sparse_partial_high_noise,37,0.07300018488033437,-0.69700793779872,0.8344805045321422,0.1965127864974791,0.6168642939110023,0.18662291959151855,18,0.18837317835684464,0.1647975279359163,0.554249593998934,0.30523463389821043,0.4163994340259085,0.2783659320758811,9,0.20858934416541317,0.1764181207733121,1.215815980499597,9,0.1532329573299858,0.13364323992339588,0.011307803650741778,0.00928023254610771,0.8206927563248712
sparse_partial_high_noise,38,0.18121168677133892,0.15766698434670812,0.9329653845493975,0.3297667909323699,0.4512739945505914,0.21895921451703876,38,0.21821727284516146,0.626856853146953,1.3115679904285216,0.3788056748911582,0.4191333419497411,0.20206098315910076,37,0.21472018130540177,0.6431500059987969,0.574662504364543,33,0.11012719390637364,0.03269258930585887,0.018312344691841682,0.011268618194062122,0.6153563830131701
sparse_partial_high_noise,39,0.14917319661885814,0.6309230901299532,1.4379676280115918,0.3022996085972898,0.0784704056206236,0.6192299857820867,41,0.15378389553222468,-0.5318559518468784,0.8139987692047493,0.0977128364346994,0.277338664434733,0.6249484991305676,16,0.19206235481473535,-0.377016723843952,0.6427866062601602,17,0.04795208290558219,0.016640629441704528,0.02898805056523587,0.03264987927743444,1.1263220065094701
