method,split,observation_seed,condition,geometry_skew_bin,bank_seed,true_alpha,true_t,true_rotation_shift,mean_band_candidate_count,mean_frontier_candidate_count,mean_cluster_count,mean_cluster_entropy,mean_geometry_span_norm_set,mean_alpha_log_span_set,mean_ambiguity_ratio,mean_poison_pull,mean_supportive_pull,consensus_geometry_rho12,consensus_geometry_rho13,consensus_geometry_rho23,anchored_alpha_log_std,anchored_alpha_effective_count
one_shot_random,holdout,20260422,sparse_partial_high_noise,low_skew,20260324,0.881734382249758,0.17784105610841,54,53.0,16.0,13.0,0.766323898666092,0.9354441707471594,0.2655706108695811,0.2838978735176298,0.0,0.26368636168727083,0.257362582715233,0.14489722266619914,0.21410113843508757,0.06778767914066408,28.934278276826984
persistent_mode_informed,holdout,20260422,sparse_partial_high_noise,low_skew,20260324,0.881734382249758,0.17784105610841,54,227.0,16.0,9.0,0.7797223120978536,0.7696520238246537,0.24591368767294552,0.3195128188592549,0.0,0.34938391933731366,0.2471518323380708,0.16726026616751424,0.19712186069934814,0.04857520789811209,137.8537581990408
one_shot_random,holdout,20260422,sparse_partial_high_noise,low_skew,20260325,0.881734382249758,0.17784105610841,54,62.0,16.0,16.0,0.7901970111812308,0.8991679226572561,0.26172997071436466,0.2910801910514001,0.0,0.40136207161721327,0.2589972336957427,0.15535740047764676,0.21838023546635854,0.06768463442319685,34.381500301819216
persistent_mode_informed,holdout,20260422,sparse_partial_high_noise,low_skew,20260325,0.881734382249758,0.17784105610841,54,228.0,16.0,11.0,0.7350324862186336,0.8188171175170482,0.2550964087259634,0.31154259390608324,0.0,0.12420038343438654,0.25508641694156414,0.16010704533192502,0.20375398607800901,0.054055899982428934,115.93122390937994
one_shot_random,holdout,20260422,sparse_partial_high_noise,low_skew,20260326,0.881734382249758,0.17784105610841,54,46.0,16.0,17.0,0.7634551186107685,0.8622938849466499,0.24933176452260164,0.2891494058757332,0.0,0.5110630243711622,0.2595687917528876,0.15302037390178191,0.21738973723237515,0.07023698995201692,27.232280233328837
persistent_mode_informed,holdout,20260422,sparse_partial_high_noise,low_skew,20260326,0.881734382249758,0.17784105610841,54,246.0,16.0,13.0,0.7653953934346683,0.8406211180112587,0.20665355771163396,0.24583436376251755,0.0,0.42028388740711164,0.24429944379056234,0.1558153720354924,0.20280286396993694,0.0427876983611649,135.6020577993019
one_shot_random,holdout,20260422,sparse_partial_high_noise,mid_skew,20260324,1.193340098604452,-0.28236615286284156,37,69.0,16.0,17.0,0.8272657860258833,0.8864652888514515,0.3205299127815365,0.3615820233602502,0.0,0.4989756694898854,0.2767668151729782,0.16422534323506996,0.2325315795220234,0.08459873313502664,42.589558416499486
persistent_mode_informed,holdout,20260422,sparse_partial_high_noise,mid_skew,20260324,1.193340098604452,-0.28236615286284156,37,251.0,16.0,16.0,0.681212110448742,0.9029098403794569,0.32453040185618276,0.3594272510307293,0.0,0.3243639028365846,0.24427636692561816,0.1451503550472474,0.19677646294682136,0.06705745618930183,135.2399594539922
one_shot_random,holdout,20260422,sparse_partial_high_noise,mid_skew,20260325,1.193340098604452,-0.28236615286284156,37,60.0,16.0,19.0,0.8510262539551329,0.8961426252586103,0.3227782540444703,0.3601862526641029,0.0,0.37839389726519174,0.25778266443908127,0.14931577825186731,0.2142871731564771,0.08146208916693856,31.696443542620226
persistent_mode_informed,holdout,20260422,sparse_partial_high_noise,mid_skew,20260325,1.193340098604452,-0.28236615286284156,37,234.0,16.0,14.0,0.7409090919826659,0.761505019786986,0.3075321007796198,0.40384776565969976,0.0,0.1462266612250588,0.24930375104097488,0.14596240625249207,0.20261259905038842,0.059914762813406186,153.15854049279065
one_shot_random,holdout,20260422,sparse_partial_high_noise,mid_skew,20260326,1.193340098604452,-0.28236615286284156,37,75.0,16.0,20.0,0.8363627170994725,0.9689665595967586,0.30482127798951,0.31458389866040704,0.0,0.4753495435133916,0.26896051441015173,0.16264585776973126,0.2282747209781593,0.06875575667202144,36.653537574314804
persistent_mode_informed,holdout,20260422,sparse_partial_high_noise,mid_skew,20260326,1.193340098604452,-0.28236615286284156,37,248.0,16.0,13.0,0.6821298622925732,0.8987143666370813,0.29685405299952966,0.3303096779350866,0.0,0.16565774059341648,0.2468955387576907,0.157487615960442,0.20322412122298392,0.055696045181810025,158.295633086709
one_shot_random,holdout,20260422,sparse_partial_high_noise,high_skew,20260324,0.8058417417559449,-0.5118742378742865,56,98.0,16.0,21.0,0.8450153862623724,0.9330153983638177,0.49781531088485653,0.5335553001138569,0.0,0.6166327230165114,0.2779154134610256,0.17460118654689527,0.2405327548674696,0.13852039450300913,49.91031973122527
persistent_mode_informed,holdout,20260422,sparse_partial_high_noise,high_skew,20260324,0.8058417417559449,-0.5118742378742865,56,215.0,16.0,17.0,0.8098148053269678,0.8800483127959936,0.5013774886131499,0.5697158682348109,0.0,0.39312074240568345,0.28325174335603165,0.17309922772531575,0.2286658404123964,0.12454330393212647,121.8761997203884
one_shot_random,holdout,20260422,sparse_partial_high_noise,high_skew,20260325,0.8058417417559449,-0.5118742378742865,56,110.0,16.0,17.0,0.9118254159479952,0.9302118125791742,0.6045450279742102,0.6499003988113243,0.0,0.772369952609861,0.2989251259361919,0.18011943951022566,0.2581612964778807,0.13659210478457134,57.676552544825995
persistent_mode_informed,holdout,20260422,sparse_partial_high_noise,high_skew,20260325,0.8058417417559449,-0.5118742378742865,56,230.0,16.0,16.0,0.7101414136113737,0.9147234653515262,0.4969094128813478,0.5432345749328588,0.0,0.2589586807644241,0.26906799614125365,0.1633986617672823,0.21224579284952175,0.11431605110047513,132.67838255664583
one_shot_random,holdout,20260422,sparse_partial_high_noise,high_skew,20260326,0.8058417417559449,-0.5118742378742865,56,109.0,16.0,19.0,0.8268360877646272,0.8153035557238554,0.5056377488823796,0.6201834216624462,0.0,0.6430653535931088,0.27144260604981374,0.16864448877475446,0.22544871610288672,0.15618790252429385,60.85297186453043
persistent_mode_informed,holdout,20260422,sparse_partial_high_noise,high_skew,20260326,0.8058417417559449,-0.5118742378742865,56,223.0,16.0,15.0,0.8219353948650907,0.7754096242449035,0.47475874571257637,0.612268317116773,0.0,0.13879867211754818,0.2900374827567506,0.18563707869322252,0.2348103854173391,0.12495232092588898,128.1926576963741
one_shot_random,holdout,20260423,sparse_partial_high_noise,low_skew,20260324,1.284002752037176,0.09283757178881881,29,96.0,16.0,20.0,0.8177015770502062,0.9088353854484996,0.6437591081141807,0.7083341146499188,0.0,0.5059243632605566,0.27093695999462963,0.15530742984450102,0.23794637514889516,0.20762367446459007,54.83921829831166
persistent_mode_informed,holdout,20260423,sparse_partial_high_noise,low_skew,20260324,1.284002752037176,0.09283757178881881,29,214.0,16.0,15.0,0.7805157843699895,0.8486388965736286,0.6282614492814314,0.7403165843776793,0.0,0.1864075015512546,0.2613253707502724,0.1603814779833177,0.21042449128843782,0.1699340558604734,111.97970894117464
one_shot_random,holdout,20260423,sparse_partial_high_noise,low_skew,20260325,1.284002752037176,0.09283757178881881,29,94.0,16.0,18.0,0.8461886169015295,0.9304312778169548,0.6643084555016141,0.713979066847648,0.0,0.4256363753492667,0.2799233204553442,0.17127674420458097,0.23438949187913855,0.21667826542410867,51.239348279703805
persistent_mode_informed,holdout,20260423,sparse_partial_high_noise,low_skew,20260325,1.284002752037176,0.09283757178881881,29,187.0,16.0,19.0,0.7419549687310197,0.8866854380471193,0.6275870787004202,0.7077899915472274,0.0,0.2797536804593168,0.28344590522698165,0.16891414915517142,0.22781117452400065,0.18805860278797565,101.92009291677466
one_shot_random,holdout,20260423,sparse_partial_high_noise,low_skew,20260326,1.284002752037176,0.09283757178881881,29,89.0,16.0,20.0,0.8634100564538975,0.8950224942564224,0.6457677801525443,0.7215101120883481,0.0,0.6510191374212003,0.2855574578459433,0.16305255559894727,0.23818428899506644,0.19933308996361335,46.68110652417758
persistent_mode_informed,holdout,20260423,sparse_partial_high_noise,low_skew,20260326,1.284002752037176,0.09283757178881881,29,165.0,16.0,17.0,0.8171854422939324,0.8831062396944951,0.6412486621970344,0.7261285600460373,0.0,0.38547712109602533,0.26411409453475715,0.16358276146130926,0.2154381735397399,0.21010511440788915,88.57125865641565
one_shot_random,holdout,20260423,sparse_partial_high_noise,mid_skew,20260324,1.2481451346845953,-0.2693313050528414,37,108.0,16.0,21.0,0.8480697572805723,0.921166503354567,0.4674402509452043,0.507443821766152,0.0,0.27545211463362235,0.27292636699234984,0.16207797136527372,0.23644165619427196,0.12455403480821671,55.28880923442657
persistent_mode_informed,holdout,20260423,sparse_partial_high_noise,mid_skew,20260324,1.2481451346845953,-0.2693313050528414,37,257.0,16.0,20.0,0.7467368053537242,0.8800775709280594,0.41875110994594145,0.47581159181725313,0.0,0.47432328407389257,0.2777749954388121,0.1785979246251481,0.22563654726697596,0.09796696424327722,128.57460980684857
one_shot_random,holdout,20260423,sparse_partial_high_noise,mid_skew,20260325,1.2481451346845953,-0.2693313050528414,37,111.0,16.0,23.0,0.8401798744475721,0.9457902266426294,0.4441917134334019,0.46965140992225707,0.0,0.2064966790812835,0.2811956156933735,0.17112340310236213,0.23791590198786283,0.1192315736844401,56.41935819710476
persistent_mode_informed,holdout,20260423,sparse_partial_high_noise,mid_skew,20260325,1.2481451346845953,-0.2693313050528414,37,258.0,16.0,19.0,0.7759280439359532,0.9224813049965657,0.4303886902868176,0.4665554607509579,0.0,0.5389467255837068,0.2772160896000975,0.1693214037991354,0.21864064907365413,0.09298371391898635,147.32897743319455
one_shot_random,holdout,20260423,sparse_partial_high_noise,mid_skew,20260326,1.2481451346845953,-0.2693313050528414,37,107.0,16.0,20.0,0.8147507839265986,0.8956344358246989,0.4819263261632706,0.5380837391759211,0.0,0.3449857686880559,0.2874943099204929,0.168384086945072,0.23784115918568943,0.12060310867130791,56.16026758744329
persistent_mode_informed,holdout,20260423,sparse_partial_high_noise,mid_skew,20260326,1.2481451346845953,-0.2693313050528414,37,260.0,16.0,16.0,0.7462215641014033,0.8687729064210371,0.43030572271916684,0.495302880118393,0.0,0.3399184864778185,0.2582889976801951,0.1648373570134988,0.21093213881303227,0.09672838062808957,160.09642787487581
one_shot_random,holdout,20260423,sparse_partial_high_noise,high_skew,20260324,1.1892117130269413,-0.6618817448914281,0,60.0,16.0,16.0,0.809303906476687,0.865732157282296,0.3087937547938768,0.35668509272341375,0.0,0.40128540946246144,0.27703269380055506,0.1695581546347131,0.2362773611029706,0.06643754437822595,31.04486153380598
persistent_mode_informed,holdout,20260423,sparse_partial_high_noise,high_skew,20260324,1.1892117130269413,-0.6618817448914281,0,207.0,16.0,8.0,0.7323753795920267,0.8207704579986596,0.2795851775728797,0.34063747646889153,0.0,0.4508987530138607,0.2827930920894807,0.16786447681724753,0.22176415569574506,0.05162712452217185,126.24117100841367
one_shot_random,holdout,20260423,sparse_partial_high_noise,high_skew,20260325,1.1892117130269413,-0.6618817448914281,0,55.0,16.0,15.0,0.7601042683962181,0.8683537050217746,0.2838790812151921,0.32691641617176453,0.0,0.47115833488664677,0.26402028554318735,0.16219022549039036,0.22066940640661808,0.07453174455208453,28.342282314149056
persistent_mode_informed,holdout,20260423,sparse_partial_high_noise,high_skew,20260325,1.1892117130269413,-0.6618817448914281,0,241.0,16.0,15.0,0.7228699116100451,0.9269092441264454,0.3013251837273665,0.32508596244646026,0.0,0.3029563614943956,0.263450085015211,0.1665716188925676,0.21586084289798135,0.07629524151082512,129.99324370972204
one_shot_random,holdout,20260423,sparse_partial_high_noise,high_skew,20260326,1.1892117130269413,-0.6618817448914281,0,62.0,16.0,19.0,0.8505963392270552,0.8684860631518635,0.29176077418676105,0.3359418032891839,0.0,0.28999106791768,0.27905221772208255,0.15969890489845245,0.2322672080480343,0.07144165974682888,35.75163281916046
persistent_mode_informed,holdout,20260423,sparse_partial_high_noise,high_skew,20260326,1.1892117130269413,-0.6618817448914281,0,236.0,16.0,13.0,0.7800381501015029,0.8270379820828202,0.2908542361643004,0.3516818362220927,0.0,0.5549561172009008,0.2643219623446279,0.17129801025765154,0.2124925199632286,0.06776096916195584,127.82713186576548
one_shot_random,holdout,20260424,sparse_partial_high_noise,low_skew,20260324,0.7901446823273661,-0.11149395428809702,51,112.0,16.0,18.0,0.8513791073837675,0.8934136268304561,0.5977627710648846,0.6690772931072861,0.0,0.4852377716807023,0.284684747032128,0.16628183612774852,0.2389823487720961,0.1766435111366332,60.87578712260885
persistent_mode_informed,holdout,20260424,sparse_partial_high_noise,low_skew,20260324,0.7901446823273661,-0.11149395428809702,51,208.0,16.0,19.0,0.721266688467815,0.8733042464822125,0.5280710201620606,0.6046816127245482,0.0,0.5796450521979158,0.2761703351697547,0.17250909520140623,0.22117210297315512,0.1131338001851396,101.21458220648887
one_shot_random,holdout,20260424,sparse_partial_high_noise,low_skew,20260325,0.7901446823273661,-0.11149395428809702,51,94.0,16.0,20.0,0.8768820154563012,0.9683965797029476,0.559930633689293,0.5782038530754103,0.0,0.16787582675812443,0.28807483478274765,0.17524764328624054,0.24500878064195392,0.17833297438763565,43.58433651644804
persistent_mode_informed,holdout,20260424,sparse_partial_high_noise,low_skew,20260325,0.7901446823273661,-0.11149395428809702,51,219.0,16.0,18.0,0.7374071398398624,0.8849386487069751,0.6053314761620776,0.684037788434888,0.0,0.4515034371830278,0.264260625550044,0.15883814987053618,0.20963213778259793,0.13970573137256892,121.45383542170515
one_shot_random,holdout,20260424,sparse_partial_high_noise,low_skew,20260326,0.7901446823273661,-0.11149395428809702,51,107.0,16.0,24.0,0.8224058864899257,0.9745509724181551,0.551059505310036,0.5654496490241973,0.0,0.3757726083711018,0.26164199586526743,0.15320285920912446,0.22237022350498298,0.17027498364392302,49.154395500060204
persistent_mode_informed,holdout,20260424,sparse_partial_high_noise,low_skew,20260326,0.7901446823273661,-0.11149395428809702,51,209.0,16.0,16.0,0.7351760207058753,0.8081817111429496,0.5697345574658599,0.7049584884321719,0.0,0.3371483434428342,0.26482712306738343,0.16236698132322644,0.20561016084528902,0.13492015335886137,124.43021695058438
one_shot_random,holdout,20260424,sparse_partial_high_noise,mid_skew,20260324,0.8649653549713395,-0.2613324334384325,2,94.0,16.0,21.0,0.8354160274470331,0.8945953577345674,0.41134019550105105,0.4598058685914828,0.0,0.47530518872733185,0.279859142618625,0.17184218454747865,0.244072629189204,0.11441941500235626,47.45304293852465
persistent_mode_informed,holdout,20260424,sparse_partial_high_noise,mid_skew,20260324,0.8649653549713395,-0.2613324334384325,2,209.0,16.0,12.0,0.7419967040540192,0.8720780007413564,0.42740267373616836,0.49009684153577077,0.0,0.46051743138095963,0.24504277507757347,0.14627173171887922,0.19137879540731303,0.09564623127406309,101.60841420247922
one_shot_random,holdout,20260424,sparse_partial_high_noise,mid_skew,20260325,0.8649653549713395,-0.2613324334384325,2,90.0,16.0,19.0,0.7242205549042012,0.9083366146915949,0.4150619352569455,0.45694726882486225,0.0,0.32769630899823304,0.2527724584363761,0.15389388712832405,0.21422834713385547,0.1194847737257705,53.012751441900015
persistent_mode_informed,holdout,20260424,sparse_partial_high_noise,mid_skew,20260325,0.8649653549713395,-0.2613324334384325,2,226.0,16.0,14.0,0.7523000582559594,0.9024732524432643,0.4170238913917387,0.46209002899834495,0.0,0.5150466079988256,0.28902265380413705,0.18768686320303946,0.23328636786363693,0.10615881287269607,129.38538502143808
one_shot_random,holdout,20260424,sparse_partial_high_noise,mid_skew,20260326,0.8649653549713395,-0.2613324334384325,2,83.0,16.0,20.0,0.8276196468328576,0.8956640693226147,0.3951070592102137,0.4411330907904241,0.0,0.518926857613822,0.2715655951753598,0.15650344171536307,0.22581695144033398,0.10601202410208864,47.48235639564321
persistent_mode_informed,holdout,20260424,sparse_partial_high_noise,mid_skew,20260326,0.8649653549713395,-0.2613324334384325,2,233.0,16.0,21.0,0.7441135073131062,0.921247379013271,0.4198419557490811,0.4557320490819362,0.0,0.7505472549527616,0.2953481743520153,0.184934109267491,0.23390292026817328,0.1050785855035891,131.812715534204
one_shot_random,holdout,20260424,sparse_partial_high_noise,high_skew,20260324,1.2822085684698488,0.4737218196896238,35,93.0,16.0,22.0,0.8327289202238363,0.9413808233408284,0.7405438114997663,0.7866569969756557,0.0,0.5486105275669337,0.27783564957789225,0.16933968900099824,0.23279255350547814,0.24450772754570377,45.54720304718004
persistent_mode_informed,holdout,20260424,sparse_partial_high_noise,high_skew,20260324,1.2822085684698488,0.4737218196896238,35,117.0,16.0,13.0,0.7237884459739373,0.8522045251288747,0.743928646406075,0.872946134959298,0.0,0.3728179465793615,0.25372387598926194,0.1518277278401702,0.21133512657055065,0.23689256420997906,62.31016571661564
one_shot_random,holdout,20260424,sparse_partial_high_noise,high_skew,20260325,1.2822085684698488,0.4737218196896238,35,89.0,16.0,20.0,0.7926206279833962,0.9539965281298217,0.7554453299412573,0.7918742968826139,0.0,0.37451737852912137,0.2565349407640786,0.15600200246602988,0.21535207405294576,0.24993152282276723,46.98895435394692
persistent_mode_informed,holdout,20260424,sparse_partial_high_noise,high_skew,20260325,1.2822085684698488,0.4737218196896238,35,154.0,16.0,13.0,0.7822553052814069,0.9455671256728616,0.7549592248644874,0.7984194927750492,0.0,0.3445790104535411,0.24439190754763693,0.1530000876556583,0.19679824680369623,0.2677428546545989,76.95528640172823
one_shot_random,holdout,20260424,sparse_partial_high_noise,high_skew,20260326,1.2822085684698488,0.4737218196896238,35,74.0,16.0,19.0,0.8274654825962791,0.9080703080106952,0.7552621711892481,0.8317221304634406,0.0,0.4118459863018046,0.26921151485541434,0.16540383790183555,0.21977445850626734,0.27963890812828684,38.8636143355633
persistent_mode_informed,holdout,20260424,sparse_partial_high_noise,high_skew,20260326,1.2822085684698488,0.4737218196896238,35,164.0,16.0,19.0,0.6780331941777789,0.8861270538159843,0.7574160043215525,0.8547487643671916,0.0,0.3694526103784292,0.2599724069663052,0.15736100340965156,0.2071784060104629,0.16848396295292598,98.43882149653713
one_shot_random,confirmation,20260425,sparse_partial_high_noise,low_skew,20260324,1.1495547960554364,0.03523116428113053,17,86.0,16.0,21.0,0.849613072026228,0.9318275441120413,0.3541048347570013,0.38001112651637214,0.0,0.6196566060400724,0.2734559261937516,0.16704298834952147,0.23146492304963462,0.09362306678769944,43.13298198378948
persistent_mode_informed,confirmation,20260425,sparse_partial_high_noise,low_skew,20260324,1.1495547960554364,0.03523116428113053,17,251.0,16.0,18.0,0.7777799784508823,0.8800099618632369,0.39881413085772566,0.4531927456972421,0.0,0.37890479809108996,0.2738011963277609,0.18143505810945754,0.22764744569761897,0.08270606735848604,142.26568793941053
one_shot_random,confirmation,20260425,sparse_partial_high_noise,low_skew,20260325,1.1495547960554364,0.03523116428113053,17,88.0,16.0,15.0,0.8333411476259144,0.8674793548249711,0.3796374450151247,0.43763282999596353,0.0,0.2522309925286547,0.26554787195091223,0.16410409261185413,0.22508085159146518,0.09399421629481498,53.44445041148518
persistent_mode_informed,confirmation,20260425,sparse_partial_high_noise,low_skew,20260325,1.1495547960554364,0.03523116428113053,17,248.0,16.0,17.0,0.7867307787363872,0.9189956846542819,0.382787504673195,0.41652807631756866,0.0,0.3873274245343308,0.2850581434248911,0.17664351250086016,0.23070661257657205,0.07899486025457879,129.7573028528911
one_shot_random,confirmation,20260425,sparse_partial_high_noise,low_skew,20260326,1.1495547960554364,0.03523116428113053,17,69.0,16.0,19.0,0.7756170877813703,0.9393576069940036,0.3761435389393922,0.4004263510922878,0.0,0.4481980272612814,0.2645196597951791,0.1593055598077064,0.22237051724303383,0.10691808480330416,40.15360449573657
persistent_mode_informed,confirmation,20260425,sparse_partial_high_noise,low_skew,20260326,1.1495547960554364,0.03523116428113053,17,254.0,16.0,18.0,0.6791719696625625,0.8282025568171116,0.3862061329052669,0.46631845039154,0.0,0.27479566782646864,0.26038752966736023,0.157841628915583,0.20541871105925363,0.0821019349290579,151.9329705857275
one_shot_random,confirmation,20260425,sparse_partial_high_noise,mid_skew,20260324,1.1089816388146323,0.41077650719586833,48,122.0,16.0,17.0,0.8586079981386251,0.9162656863326127,0.487997003689673,0.5325933416134998,0.0,0.8194790595088387,0.27353680422140314,0.17116998925672827,0.23617258719914963,0.13462328911300403,70.18207791929845
persistent_mode_informed,confirmation,20260425,sparse_partial_high_noise,mid_skew,20260324,1.1089816388146323,0.41077650719586833,48,221.0,16.0,15.0,0.7134578533750653,0.9240842761156355,0.47728347649419756,0.5164934506844402,0.0,0.5140095755033738,0.25463526919491675,0.1616830026426585,0.210384842378465,0.10499662843910988,116.58200200233135
one_shot_random,confirmation,20260425,sparse_partial_high_noise,mid_skew,20260325,1.1089816388146323,0.41077650719586833,48,102.0,16.0,18.0,0.8771825644627921,0.9009810234916261,0.48802699129467386,0.5416617870633872,0.0,0.5652733575974971,0.2741021885852229,0.17033220209461525,0.22709053226897266,0.1461425312010691,56.18880542725706
persistent_mode_informed,confirmation,20260425,sparse_partial_high_noise,mid_skew,20260325,1.1089816388146323,0.41077650719586833,48,218.0,16.0,19.0,0.7216701898920748,0.8565938332682214,0.47125145581927064,0.5501457487982053,0.0,0.2668248508813802,0.2609320705918227,0.16297198018508025,0.21388855682380534,0.099111290513037,124.3092062882315
one_shot_random,confirmation,20260425,sparse_partial_high_noise,mid_skew,20260326,1.1089816388146323,0.41077650719586833,48,100.0,16.0,15.0,0.8237248299337117,0.8715686188448947,0.4482996467463273,0.5143595547766127,0.0,0.3703849302916039,0.2760287606942241,0.167175888762287,0.23508823685144387,0.13133111176438567,53.23992839762632
persistent_mode_informed,confirmation,20260425,sparse_partial_high_noise,mid_skew,20260326,1.1089816388146323,0.41077650719586833,48,225.0,16.0,17.0,0.790798722673332,0.8657411453356781,0.4739942519103311,0.547501126016769,0.0,0.39003455833568235,0.2877250959733529,0.18034412368176436,0.2352895638456171,0.0965114847189422,140.6688301722188
one_shot_random,confirmation,20260425,sparse_partial_high_noise,high_skew,20260324,1.2826531927841773,-0.5313299359465913,24,128.0,16.0,20.0,0.8177393380396175,0.9213592938176444,0.8586470162743974,0.9319350464427409,0.0,0.7111724806295628,0.2796541517285512,0.17446143609602682,0.23572738307471497,0.30199243622829686,62.891289046724
persistent_mode_informed,confirmation,20260425,sparse_partial_high_noise,high_skew,20260324,1.2826531927841773,-0.5313299359465913,24,158.0,16.0,17.0,0.8266852514411531,0.8803552911258024,0.8565640293377736,0.9729753861561912,0.0,0.2057714286095386,0.296250213593703,0.19306923640346782,0.2472573836676407,0.22219587751151992,96.49862666608558
one_shot_random,confirmation,20260425,sparse_partial_high_noise,high_skew,20260325,1.2826531927841773,-0.5313299359465913,24,133.0,16.0,23.0,0.7996300521817072,0.9402663033014625,0.8824714633880049,0.9385335412844973,0.0,0.38701929616664077,0.27351324095474755,0.16525953117328535,0.23045477714336263,0.294567656457293,72.54223799682346
persistent_mode_informed,confirmation,20260425,sparse_partial_high_noise,high_skew,20260325,1.2826531927841773,-0.5313299359465913,24,180.0,16.0,18.0,0.7833820287310649,0.8917284043376537,0.8822996015933405,0.9894263738841912,0.0,0.32423237833007135,0.269838645589403,0.17397332897105008,0.23200228376221407,0.21935009063364783,101.11060293808295
one_shot_random,confirmation,20260425,sparse_partial_high_noise,high_skew,20260326,1.2826531927841773,-0.5313299359465913,24,112.0,16.0,21.0,0.8578317258225759,0.9320811071610949,0.8778896703234086,0.9418597411519894,0.0,0.507653856731234,0.2871644470093035,0.1719459527953881,0.23957339605127742,0.29417523899840237,59.39742046303184
persistent_mode_informed,confirmation,20260425,sparse_partial_high_noise,high_skew,20260326,1.2826531927841773,-0.5313299359465913,24,173.0,16.0,15.0,0.7441005838296232,0.8565081664647582,0.8272489957012191,0.9658390055003135,0.0,0.36818887409092826,0.266218012906709,0.1664974592078476,0.21347182297955436,0.20718524724209703,89.65353296757
one_shot_random,confirmation,20260426,sparse_partial_high_noise,low_skew,20260324,0.8367153816937006,-0.09721380364975842,58,89.0,16.0,21.0,0.8632218554313141,0.9188657575384966,0.43283516297836966,0.47105375233251706,0.0,0.44895145386450613,0.29106357295283947,0.17176745978671956,0.24491049681963836,0.11439135679433741,46.91017653201887
persistent_mode_informed,confirmation,20260426,sparse_partial_high_noise,low_skew,20260324,0.8367153816937006,-0.09721380364975842,58,201.0,16.0,13.0,0.8021882049896982,0.8825331339516543,0.4546371836758039,0.5151502716278856,0.0,0.49651742231206314,0.2704678764786136,0.16979550776484087,0.2189095130775839,0.12700042900409664,112.74074389546146
one_shot_random,confirmation,20260426,sparse_partial_high_noise,low_skew,20260325,0.8367153816937006,-0.09721380364975842,58,63.0,16.0,19.0,0.8177410606536258,0.9734285298578605,0.4239844376613199,0.4355578500696192,0.0,0.9844338536245972,0.2657424977888031,0.16073706141662644,0.21919513757669865,0.11417298340665695,29.033069290639887
persistent_mode_informed,confirmation,20260426,sparse_partial_high_noise,low_skew,20260325,0.8367153816937006,-0.09721380364975842,58,203.0,16.0,17.0,0.7581416652488823,0.8572865863848116,0.45862155444203695,0.5349687744165575,0.0,0.4156989204174845,0.2815372518598001,0.17817292266164078,0.22903909904315836,0.11470029594322652,111.88822121742058
one_shot_random,confirmation,20260426,sparse_partial_high_noise,low_skew,20260326,0.8367153816937006,-0.09721380364975842,58,90.0,16.0,20.0,0.8169459473267794,0.9011659030688154,0.4758294558839248,0.5280153790368045,0.0,0.7399784347934589,0.27227304085364923,0.1647321782456286,0.23685879040636007,0.13626497697299578,47.17702813535734
persistent_mode_informed,confirmation,20260426,sparse_partial_high_noise,low_skew,20260326,0.8367153816937006,-0.09721380364975842,58,207.0,16.0,16.0,0.8001568368531895,0.8663429643547921,0.43469776131642435,0.5017617493323386,0.0,0.17779187721524567,0.27838586140126403,0.1780249039993976,0.23399605569078744,0.08660076485789475,115.66405350682156
one_shot_random,confirmation,20260426,sparse_partial_high_noise,mid_skew,20260324,1.2188639297390595,-0.2911026935130036,30,100.0,16.0,19.0,0.8253337561378149,0.9076658361944417,0.62329006518894,0.6866955220020177,0.0,0.3429216094756751,0.26425502759049596,0.1674428347275284,0.22398898594414585,0.20746096534234132,57.08082453095439
persistent_mode_informed,confirmation,20260426,sparse_partial_high_noise,mid_skew,20260324,1.2188639297390595,-0.2911026935130036,30,167.0,16.0,15.0,0.7242408750332455,0.8757176332256256,0.6412898371363438,0.732302071815331,0.0,0.1681267527551502,0.2623740642040525,0.16804312755466355,0.2120896431396034,0.15253452745736834,104.31362535668326
one_shot_random,confirmation,20260426,sparse_partial_high_noise,mid_skew,20260325,1.2188639297390595,-0.2911026935130036,30,84.0,16.0,21.0,0.8408022555553805,0.9086698994957718,0.6276240240289093,0.6907062998094059,0.0,0.4125158760224535,0.27407876151972493,0.16287640646409698,0.23180533725078684,0.22014485874824474,45.31397150555367
persistent_mode_informed,confirmation,20260426,sparse_partial_high_noise,mid_skew,20260325,1.2188639297390595,-0.2911026935130036,30,190.0,16.0,14.0,0.7597512081762499,0.9218311264676974,0.6253744943101458,0.6784046191914523,0.0,0.2682091843584242,0.24451052046269536,0.15370832556694175,0.20385023694804413,0.20418934215578824,111.09911261850134
one_shot_random,confirmation,20260426,sparse_partial_high_noise,mid_skew,20260326,1.2188639297390595,-0.2911026935130036,30,94.0,16.0,16.0,0.8848090649735754,0.8933733401508137,0.6626220380200407,0.7417078708753285,0.0,0.1805768670670197,0.27175309526191577,0.16734975379981828,0.2291687287487595,0.22772652932902873,44.67162789309162
persistent_mode_informed,confirmation,20260426,sparse_partial_high_noise,mid_skew,20260326,1.2188639297390595,-0.2911026935130036,30,204.0,16.0,17.0,0.7212521291849616,0.8218276275812673,0.6307071794544381,0.7674446055198723,0.0,0.10334274643789687,0.2606420187686578,0.15697976147113193,0.211309232200835,0.2147410238975521,111.3492561654098
one_shot_random,confirmation,20260426,sparse_partial_high_noise,high_skew,20260324,0.8019425689008923,-0.6495091928693849,42,100.0,16.0,17.0,0.8312518960686998,0.908407059359301,0.5119640133079113,0.563584362355131,0.0,0.5275674546375725,0.27260846882159945,0.16640265721301117,0.2324396285833146,0.15178961842964978,50.01999872117149
persistent_mode_informed,confirmation,20260426,sparse_partial_high_noise,high_skew,20260324,0.8019425689008923,-0.6495091928693849,42,228.0,16.0,15.0,0.7312961551410557,0.8531676690160358,0.49357258283149813,0.5785176826973986,0.0,0.1430623740797477,0.251823310148502,0.1643414543409849,0.20923487169372745,0.12447210872798974,134.2619586488146
one_shot_random,confirmation,20260426,sparse_partial_high_noise,high_skew,20260325,0.8019425689008923,-0.6495091928693849,42,92.0,16.0,22.0,0.8476949122372891,0.9256243535804551,0.5098524494597962,0.5508200464773964,0.0,0.8025333820465816,0.27816195125433124,0.16473445461910532,0.23506691163171636,0.15809241947077718,46.77913861677432
persistent_mode_informed,confirmation,20260426,sparse_partial_high_noise,high_skew,20260325,0.8019425689008923,-0.6495091928693849,42,223.0,16.0,12.0,0.7722197789278415,0.8531808302403586,0.5098576129797,0.5975961893518665,0.0,0.1738407159073122,0.28458867178500225,0.18275430535242737,0.2387621632278405,0.11662145860713506,123.72034838474414
one_shot_random,confirmation,20260426,sparse_partial_high_noise,high_skew,20260326,0.8019425689008923,-0.6495091928693849,42,114.0,16.0,22.0,0.8352950591741568,0.9346700152108188,0.5526108692277474,0.5912363296506347,0.0,0.4121502174927787,0.27277902719214586,0.1578450693163799,0.23391527029310133,0.14239064652586747,62.30392191733293
persistent_mode_informed,confirmation,20260426,sparse_partial_high_noise,high_skew,20260326,0.8019425689008923,-0.6495091928693849,42,231.0,16.0,20.0,0.7781764499845344,0.8537017818116263,0.5079512443912376,0.594998458727968,0.0,0.5569291862543059,0.28688269531740973,0.17821963617552017,0.23405549917842788,0.12804327690050626,119.27817750703666
one_shot_random,confirmation,20260427,sparse_partial_high_noise,low_skew,20260324,1.1919344353632797,-0.14797549125154508,6,83.0,16.0,18.0,0.8411396260526269,0.9337050275542205,0.6316119389214517,0.6764576823324151,0.0,0.4239838963338497,0.2832792316827371,0.17767046491348387,0.2436306560891068,0.21556853698361317,35.2869174074079
persistent_mode_informed,confirmation,20260427,sparse_partial_high_noise,low_skew,20260324,1.1919344353632797,-0.14797549125154508,6,170.0,16.0,15.0,0.7638620086838214,0.9103224242201203,0.6317417815288306,0.6939758537422038,0.0,0.31518914448233704,0.2572877473873372,0.1526973396366522,0.21108595428200358,0.18938552204819534,97.20336135667183
one_shot_random,confirmation,20260427,sparse_partial_high_noise,low_skew,20260325,1.1919344353632797,-0.14797549125154508,6,81.0,16.0,16.0,0.8208066069669685,0.8914073840892698,0.6330202915715258,0.7101357952270813,0.0,0.48794909041979856,0.24962370057282696,0.15925850859292454,0.2109797186033271,0.22131484556016218,43.83647551602483
persistent_mode_informed,confirmation,20260427,sparse_partial_high_noise,low_skew,20260325,1.1919344353632797,-0.14797549125154508,6,156.0,16.0,15.0,0.7494197290480578,0.8871074221262495,0.611836399479388,0.6896982081526468,0.0,0.4295786086307791,0.30926468138265334,0.19687856971632955,0.25338022694360096,0.21103002599696416,89.24740813332588
one_shot_random,confirmation,20260427,sparse_partial_high_noise,low_skew,20260326,1.1919344353632797,-0.14797549125154508,6,92.0,16.0,20.0,0.861354682737156,0.9248890446130419,0.618576756304863,0.6688118536031153,0.0,0.6038292610966939,0.2936114582464394,0.17277732183175754,0.24356876879447453,0.21159195856637178,57.17207726143904
persistent_mode_informed,confirmation,20260427,sparse_partial_high_noise,low_skew,20260326,1.1919344353632797,-0.14797549125154508,6,156.0,16.0,17.0,0.8159459178881082,0.8984420310353892,0.6119292467275494,0.6811004222747075,0.0,0.3626973876533188,0.295770065233758,0.18751444681227616,0.24365211636707107,0.18700778076986663,99.63757617142556
one_shot_random,confirmation,20260427,sparse_partial_high_noise,mid_skew,20260324,0.8371333086222645,0.323964267389595,6,97.0,16.0,18.0,0.7374883689707247,0.9355719187280332,0.44788162841668616,0.47872495898082146,0.0,0.17782529162549882,0.24600105866293875,0.15343507798332415,0.20905644778498816,0.12768179887172224,48.757861371861466
persistent_mode_informed,confirmation,20260427,sparse_partial_high_noise,mid_skew,20260324,0.8371333086222645,0.323964267389595,6,209.0,16.0,16.0,0.7927816534276663,0.9185639077590989,0.46399460313790464,0.5051304533288838,0.0,0.453762467309493,0.2530380532899319,0.15678358652704727,0.20607114795689088,0.1059234962586149,116.21628501971958
one_shot_random,confirmation,20260427,sparse_partial_high_noise,mid_skew,20260325,0.8371333086222645,0.323964267389595,6,97.0,16.0,17.0,0.8429555878873037,0.896181334448344,0.442898832956643,0.4942067145699649,0.0,0.45375304095740465,0.2716433474883103,0.15328636507616047,0.22244249784688094,0.12858014349394828,51.64846983175449
persistent_mode_informed,confirmation,20260427,sparse_partial_high_noise,mid_skew,20260325,0.8371333086222645,0.323964267389595,6,227.0,16.0,16.0,0.7606511808260601,0.8612520350880782,0.42520773793394795,0.49370883389606496,0.0,0.4353589002594519,0.29760124717989017,0.17154752069215495,0.23283926390654447,0.10425767532450979,132.0988637454402
one_shot_random,confirmation,20260427,sparse_partial_high_noise,mid_skew,20260326,0.8371333086222645,0.323964267389595,6,87.0,16.0,21.0,0.8713575594281329,0.9189055364739888,0.5107996537127776,0.5558783067874536,0.0,0.3553137061341839,0.2707517462513401,0.16506168066239393,0.23200316401954163,0.13529396028813034,46.05623323567494
persistent_mode_informed,confirmation,20260427,sparse_partial_high_noise,mid_skew,20260326,0.8371333086222645,0.323964267389595,6,211.0,16.0,14.0,0.7044741720584747,0.9072862211646181,0.4244632299858878,0.4678382852999078,0.0,0.45681172025803973,0.2591592528697845,0.16613262860461775,0.20853720432920358,0.07987564852480071,120.93537121171713
one_shot_random,confirmation,20260427,sparse_partial_high_noise,high_skew,20260324,0.8731351834837112,-0.6812330477156526,52,100.0,16.0,19.0,0.8101745752966817,0.9191573094776032,0.609327935984608,0.662920187547565,0.0,0.548872478372819,0.2782021193312821,0.17032767695794276,0.23944469486696532,0.17574944226734834,50.08086714191293
persistent_mode_informed,confirmation,20260427,sparse_partial_high_noise,high_skew,20260324,0.8731351834837112,-0.6812330477156526,52,189.0,16.0,18.0,0.7400482185901622,0.8496070677959752,0.5911105191129675,0.6957457647408801,0.0,0.4835845376793396,0.2882749007491157,0.17320039517489402,0.22926510706010234,0.14022580483981173,115.56122231058676
one_shot_random,confirmation,20260427,sparse_partial_high_noise,high_skew,20260325,0.8731351834837112,-0.6812330477156526,52,91.0,16.0,19.0,0.8354184545189378,0.9414231206379413,0.5686151907990215,0.6039953537721783,0.0,0.2777349837082124,0.2731857168934427,0.1659709177209589,0.2359741538464543,0.1746633323498551,48.452301219304516
persistent_mode_informed,confirmation,20260427,sparse_partial_high_noise,high_skew,20260325,0.8731351834837112,-0.6812330477156526,52,182.0,16.0,15.0,0.7962866066976054,0.8954837367418439,0.5740724798475421,0.641075271714331,0.0,0.4450658466611763,0.2786368846664314,0.17933329920513574,0.2305626522725841,0.15590713391087,90.81565899192498
one_shot_random,confirmation,20260427,sparse_partial_high_noise,high_skew,20260326,0.8731351834837112,-0.6812330477156526,52,88.0,16.0,19.0,0.8836329683657663,0.9583876781263149,0.5232343218223362,0.5459526804907171,0.0,0.7626579663387911,0.2896438445013324,0.1777273733233466,0.24645000766484873,0.16356685963540446,40.442437559209814
persistent_mode_informed,confirmation,20260427,sparse_partial_high_noise,high_skew,20260326,0.8731351834837112,-0.6812330477156526,52,188.0,16.0,19.0,0.8078988509965568,0.8748229548659804,0.5553699058573092,0.6348369150217255,0.0,0.2939254695439249,0.2853046880417176,0.1742642041788604,0.23735430863542134,0.12254994876892768,115.68196884887098
