condition,trial,true_rho,true_t,true_h,true_w1,true_w2,true_w3,true_alpha,true_rotation_shift,baseline_geometry_mae,baseline_weight_mae,baseline_alpha_error,baseline_fit_rmse,harmonic_geometry_mae,harmonic_weight_mae,harmonic_alpha_error,harmonic_fit_rmse,pca_geometry_mae,pca_weight_mae,pca_alpha_error,pca_fit_rmse,oracle_geometry_mae,oracle_weight_mae,oracle_alpha_error,oracle_fit_rmse
full_clean,0,0.06366686813875044,-0.6393025129444404,0.7819879347386793,0.5068427722258251,0.07203577428737598,0.42112145348679897,1.624826677594979,19,0.1315477351423437,0.04177660019938045,1.013743642598147,0.007010455789014695,0.1315477351423437,0.04177660019938045,1.013743642598147,0.007010455789014695,0.1315477351423437,0.04177660019938045,1.013743642598147,0.007010455789014695,0.008682076416305253,0.11445588485515457,0.04891735539535769,0.011516163077416932
full_clean,1,0.11575352854486015,0.606777121663369,0.7713804723527385,0.38883615282490425,0.20952555541233167,0.4016382917627641,1.6189450617927703,46,0.05146612228651243,0.04988325388392335,1.0078620267959382,0.006301465140559297,0.05146612228651243,0.04988325388392335,1.0078620267959382,0.006301465140559297,0.05146612228651243,0.04988325388392335,1.0078620267959382,0.006301465140559297,0.02777421832750199,0.14574838039702506,0.02020425655329805,0.011161025910697665
full_clean,2,0.21022689352863694,-0.592333039034886,1.1707832797323534,0.06462426308567776,0.08634750187555691,0.8490282350387653,0.9565191726239064,28,0.26464336175828446,0.18821143423896847,0.0029027178422850186,0.006644083772658889,0.05216104185924384,0.3661128945220966,0.016689121083229175,0.01161363464155368,0.26464336175828446,0.18821143423896847,0.0029027178422850186,0.006644083772658889,0.26464336175828446,0.18821143423896847,0.0029027178422850186,0.006894836894232846
full_clean,3,0.06636823768339316,-0.5423089744792815,0.7398238879319663,0.360575788404879,0.14643279093025913,0.49299142066486185,0.7358681929671219,3,0.034586909789906424,0.24673440895298238,0.005948522206194906,0.005206699285035155,0.034586909789906424,0.24673440895298238,0.005948522206194906,0.005206699285035155,0.034586909789906424,0.24673440895298238,0.005948522206194906,0.005206699285035155,0.034586909789906424,0.24673440895298238,0.005948522206194906,0.005206699285035155
full_clean,4,0.21382834724331654,-0.1282187858620676,1.1077722032971633,0.46109528704727626,0.4497175311357701,0.08918718181695368,1.5229121360682243,24,0.25527753187601093,0.19429345371030995,0.0328153070684023,0.00882811910151605,0.25527753187601093,0.19429345371030995,0.0328153070684023,0.008828119101516051,0.25527753187601093,0.19429345371030995,0.0328153070684023,0.008828119101516051,0.25527753187601093,0.19429345371030995,0.0328153070684023,0.008828119101516051
full_clean,5,0.17486212535217818,-0.6031504446164943,1.046225751541354,0.3935099100817328,0.4500839804207123,0.15640610949755496,0.8699786564145536,35,0.07365097153288627,0.06374711731326006,0.005877094302495389,0.0056541186693929045,0.14001537760147653,0.1528561234928964,0.011473552916765883,0.007401041924410147,0.07365097153288627,0.06374711731326006,0.005877094302495389,0.005654118669392904,0.14001537760147653,0.1528561234928964,0.011473552916765883,0.007401041924410147
full_clean,6,0.14533851404351483,0.08989039580586408,0.5563741752509338,0.4268854543194042,0.03373245649957455,0.5393820891810212,1.7188019666554404,33,0.08229822010306524,0.11180148410441985,0.03380759410621548,0.00785199388952578,0.08229822010306524,0.11180148410441985,0.03380759410621548,0.007851993889525781,0.08229822010306524,0.11180148410441985,0.03380759410621548,0.007851993889525781,0.07952357657761223,0.038192671866897544,0.015069551549835802,0.022858017032298873
full_clean,7,0.12419965439554917,-0.14939893318111036,0.8353182541746916,0.10829799339832308,0.22124064390892545,0.6704613626927516,1.2958587398070216,17,0.0810170608326594,0.3611270781393179,0.5332256829243865,0.006660418774172713,0.0810170608326594,0.3611270781393179,0.5332256829243865,0.006660418774172713,0.0810170608326594,0.3611270781393179,0.5332256829243865,0.006660418774172713,0.11092305896877323,0.1507489277984033,0.005856749926805183,0.007249545949670966
full_clean,8,0.18915644894771902,0.03152451144211299,0.7689350279387283,0.162152542183378,0.3630597574912348,0.47478770032538714,1.0222149097371116,12,0.033376492726820285,0.03164117494480922,0.0036668229830132404,0.003916639068014438,0.033376492726820285,0.03164117494480922,0.0036668229830132404,0.005546004130434981,0.033376492726820285,0.03164117494480922,0.0036668229830132404,0.003916639068014438,0.033376492726820285,0.03164117494480922,0.0036668229830132404,0.005546004130434981
full_clean,9,0.09832691299745462,-0.4019510368513324,1.3219965004846927,0.670078175967422,0.21666911156327548,0.11325271246930249,0.8752907097431076,32,0.02290270401607335,0.048525373608916754,0.006161499588211883,0.0040975603623537755,0.02290270401607335,0.048525373608916754,0.006161499588211883,0.0040975603623537755,0.02290270401607335,0.048525373608916754,0.006161499588211883,0.0040975603623537755,0.02290270401607335,0.048525373608916754,0.006161499588211883,0.0040975603623537755
full_clean,10,0.18085506562039394,-0.44824026388744675,0.787889866905455,0.4284288151273914,0.4276738953915074,0.1438972894811012,1.070501404734099,22,0.09343300475232708,0.18510906681846043,0.012406843524054079,0.009554803699780602,0.09343300475232708,0.18510906681846043,0.012406843524054079,0.0095548036997806,0.09343300475232708,0.18510906681846043,0.012406843524054079,0.0095548036997806,0.09443189963387462,0.12935443202974084,0.003257715642986714,0.011278090653884321
full_clean,11,0.18414453182647894,-0.6179996560566202,0.7789182153887967,0.25388335253177,0.5844251843394114,0.16169146312881855,0.6880306025923729,17,0.048880926758300185,0.22545794932183685,0.7939684220192588,0.01878581749014325,0.048880926758300185,0.22545794932183685,0.7939684220192588,0.01878581749014325,0.048880926758300185,0.22545794932183685,0.7939684220192588,0.01878581749014325,0.07116071703175393,0.10908481373820572,0.026332053634064656,0.020025010424603428
full_clean,12,0.15046414586976956,-0.14657795174838592,0.8805571324606922,0.21902616283734402,0.40707406005529057,0.37389977710736544,1.5182967574886956,47,0.04185560177837894,0.04697490040493752,0.8666616014980653,0.0037321599318946804,0.126405747530138,0.029628324837425463,0.02709560901688146,0.007080897750146545,0.126405747530138,0.029628324837425463,0.02709560901688146,0.007080897750146545,0.126405747530138,0.029628324837425463,0.02709560901688146,0.007080897750146545
full_clean,13,0.17820971574240999,-0.18634174566751838,1.3532719994546318,0.402711327760141,0.11889547458018601,0.4783931976596729,1.4579717252017927,12,0.054746582052750375,0.049558111916339874,0.024027299409838943,0.01654476344095736,0.054746582052750375,0.049558111916339874,0.024027299409838943,0.01654476344095736,0.04381283279019482,0.0916249822686842,0.0031931703161904856,0.029884464066035267,0.054746582052750375,0.049558111916339874,0.024027299409838943,0.01654476344095736
full_clean,14,0.07114446450497634,0.48696598131066277,0.7424617194521815,0.3136145316450615,0.09627393598438919,0.5901115323705494,1.60765074249144,38,0.12256740711296814,0.11525766696003092,0.9965677074946079,0.006529762068765802,0.12256740711296814,0.11525766696003092,0.9965677074946079,0.006529762068765802,0.12256740711296814,0.11525766696003092,0.9965677074946079,0.006529762068765802,0.06414984992884025,0.04929309749665165,0.008909937251967648,0.008152889228819894
full_clean,15,0.139043825574408,-0.24323911532783446,1.3541688967258276,0.2883109621133981,0.12766492884806144,0.5840241090385404,1.452255727862879,56,0.05958502108502541,0.2767922846934349,0.7550539483331133,0.012933536208872855,0.0801884048957947,0.07788810800982585,0.06162607214876337,0.015734505816424788,0.0801884048957947,0.07788810800982585,0.06162607214876337,0.015734505816424788,0.0801884048957947,0.07788810800982585,0.06162607214876337,0.01573450581642479
full_clean,16,0.19768013722202496,0.19586909934137003,0.6497383927748613,0.14511197075521387,0.784430400950905,0.07045762829388114,1.6308525531169789,56,0.1426488509397905,0.07280765883456748,0.02444480005919969,0.00959708365041955,0.1426488509397905,0.07280765883456748,0.02444480005919969,0.009597083650419549,0.1426488509397905,0.07280765883456748,0.02444480005919969,0.009597083650419549,0.16579628443604622,0.1353975695368345,0.04563796630013339,0.009600541874710829
full_clean,17,0.15444395744811365,-0.3029132159782836,1.2944156815757422,0.34804274142925606,0.1365712647672755,0.5153859938034684,1.0895265957258378,42,0.05348779391162883,0.2492393003990311,0.18064790852609092,0.013145705768232265,0.0889608448278067,0.2062581544759041,0.1589165955904166,0.018921766912055462,0.0889608448278067,0.2062581544759041,0.1589165955904166,0.018921766912055462,0.06607919630869943,0.03741858570626322,0.013030913467191985,0.013858386250041505
full_clean,18,0.10222549463068283,0.2789118019468293,1.226074205108297,0.3235178920737563,0.4361227705888576,0.24035933733738613,1.338789460674236,31,0.005830847827249065,0.1479933468804485,0.003451877164486694,0.0012825419585325807,0.005830847827249065,0.1479933468804485,0.003451877164486694,0.0012825419585325809,0.005830847827249065,0.1479933468804485,0.003451877164486694,0.0012825419585325809,0.005830847827249065,0.1479933468804485,0.003451877164486694,0.0012825419585325807
full_clean,19,0.1455499702554287,0.6664052017487576,0.7185980120984388,0.419496845435991,0.3123413609771156,0.2681617935868934,1.7620225868561104,42,0.11669564133843009,0.06766338176432575,0.01581126480913886,0.009759782394541191,0.11669564133843009,0.06766338176432575,0.01581126480913886,0.009759782394541191,0.11669564133843009,0.06766338176432575,0.01581126480913886,0.009759782394541191,0.11669564133843009,0.06766338176432575,0.01581126480913886,0.013786303780216717
full_clean,20,0.1668103456362659,0.6910937217782551,0.5529004115054603,0.7409802530655085,0.0732005498897523,0.18581919704473918,1.7709916445493912,29,0.11485304655840324,0.11869272757238962,0.020995980726289387,0.010409759649209632,0.11485304655840324,0.11869272757238962,0.020995980726289387,0.010409759649209632,0.11485304655840324,0.11869272757238962,0.020995980726289387,0.010409759649209632,0.11485304655840324,0.11869272757238962,0.020995980726289387,0.010409759649209632
full_clean,21,0.18396352906330424,0.1782761556337222,1.423852764559558,0.09589956761017222,0.24109231759001767,0.66300811479981,1.3516014786220119,27,0.12544066209703392,0.3818132603087216,0.5949969975499998,0.012320283134832776,0.11535436030610263,0.03667168558196881,0.05066300064488094,0.020022490776168377,0.11535436030610263,0.03667168558196881,0.05066300064488094,0.020022490776168377,0.11535436030610263,0.03667168558196881,0.05066300064488094,0.020022490776168377
full_clean,22,0.06589806791237651,-0.011647324251779034,1.1925249482788791,0.15197082417788765,0.6594743095825124,0.18855486623959994,1.1119014524850146,15,0.03001191187871167,0.08529393738436486,0.002322403248328442,0.006852908075335248,0.03001191187871167,0.08529393738436486,0.002322403248328442,0.006852908075335247,0.03001191187871167,0.08529393738436486,0.002322403248328442,0.006852908075335247,0.03001191187871167,0.08529393738436486,0.002322403248328442,0.006852908075335248
full_clean,23,0.06593186912701618,0.5201896931036664,1.208937992010993,0.15057181827219765,0.18930009494293312,0.6601280867848692,1.3764086790298207,50,0.06769723735517924,0.11227783038209249,0.0015844975618009016,0.005544188994828855,0.06769723735517924,0.11227783038209249,0.0015844975618009016,0.005544188994828855,0.06769723735517924,0.11227783038209249,0.0015844975618009016,0.005544188994828855,0.06769723735517924,0.11227783038209249,0.0015844975618009016,0.005544188994828855
full_clean,24,0.0966036099077964,0.13130948647196536,1.2362004425951947,0.3595455038106527,0.6046354910940449,0.035819005095302336,0.6380754672290648,34,0.0459947187165381,0.2681479513944118,0.9043854967921602,0.0066153558607665985,0.09581522728629381,0.1587758322591008,0.005538068966209675,0.008963766116165294,0.09581522728629381,0.1587758322591008,0.005538068966209675,0.008963766116165294,0.02986859944307423,0.15340315900621163,0.0016622545694615631,0.010243393400617272
full_clean,25,0.16312816100624083,0.2197395304401418,0.9243987005708046,0.23281956573461768,0.08800508212795104,0.6791753521374313,0.9511083489386436,44,0.12811127716411197,0.28041789267437583,0.07606942419842389,0.008149094956669718,0.12811127716411197,0.28041789267437583,0.07606942419842389,0.008573775551739724,0.12811127716411197,0.28041789267437583,0.07606942419842389,0.008573775551739724,0.11830211148348091,0.1664114064974583,0.01856301749104383,0.01025938987451572
full_clean,26,0.11893491030874462,-0.0662789744885789,1.2011761429828944,0.26305054186716914,0.23445105535213062,0.5024984027807002,1.6736967033234607,2,0.04987334801009723,0.09106258603701851,0.04594243831011258,0.013438170087354508,0.04560640854436773,0.21395050350297784,1.0554059776615152,0.0152348177384443,0.04560640854436773,0.21395050350297784,1.0554059776615152,0.0152348177384443,0.04987334801009723,0.09106258603701851,0.04594243831011258,0.013438170087354508
full_clean,27,0.1863213115182268,0.6622953908022537,1.0355559892824533,0.14272170573105247,0.4060294205249795,0.45124887374396805,1.1799188119269988,23,0.10439142406355374,0.13651986547080389,0.3442973955527052,0.004481841617565392,0.10439142406355374,0.13651986547080389,0.3442973955527052,0.004481841617565392,0.10439142406355374,0.13651986547080389,0.3442973955527052,0.004481841617565392,0.05599134398038263,0.22566118755632378,0.040380592694284845,0.014600182191897237
full_clean,28,0.2096133533479906,-0.0659122399281159,0.7199191193869467,0.733294390956214,0.12959088062689228,0.13711472841689376,1.445351685257244,44,0.052847682824217035,0.07175236564475862,0.008332428653995416,0.01070339334511773,0.052847682824217035,0.07175236564475862,0.008332428653995416,0.01070339334511773,0.052847682824217035,0.07175236564475862,0.008332428653995416,0.01070339334511773,0.052847682824217035,0.07175236564475862,0.008332428653995416,0.01070339334511773
full_clean,29,0.16493249889418649,0.25964130291865484,1.3589544847185775,0.2893584559642928,0.21645437891754415,0.4941871651181631,0.7051563397220532,31,0.0377584441957613,0.30744212075534816,0.6918940688742271,0.0024352144103810033,0.0377584441957613,0.30744212075534816,0.6918940688742271,0.0024352144103810033,0.0377584441957613,0.30744212075534816,0.6918940688742271,0.0024352144103810033,0.037578938615804726,0.033864305879809375,0.0093863939150034,0.004819343493265371
full_clean,30,0.06391512149414925,-0.6795381347102889,0.8546642692846818,0.8337171956916165,0.10295180066094879,0.0633310036474347,0.7986872159677585,42,0.02574582778143535,0.2499496868779855,0.0045993257017955536,0.004092524781432917,0.02574582778143535,0.2499496868779855,0.0045993257017955536,0.004092524781432917,0.02574582778143535,0.2499496868779855,0.0045993257017955536,0.004092524781432917,0.041783954163565194,0.06155380496499766,0.0017343563129603723,0.004895422062964288
full_clean,31,0.12125467221640335,-0.25940544386294206,0.7655955694524939,0.2855866306700741,0.08483390881273199,0.6295794605171939,0.6122003291316451,11,0.05715940868910833,0.30938039083724567,1.0130302218343956,0.0022343853993334424,0.05715940868910833,0.30938039083724567,1.0130302218343956,0.0022343853993334424,0.05715940868910833,0.30938039083724567,1.0130302218343956,0.0022343853993334424,0.09211593179719911,0.05761346236778051,0.0049986005763030805,0.009860487932964875
full_clean,32,0.15295265171754802,-0.5436672757618073,1.1882090036431914,0.29008055815928296,0.3781492997075435,0.3317701421331736,1.7970765955597965,5,0.14101155881249966,0.2511653229764498,0.03159641812799374,0.00945056463708546,0.16548567348679147,0.20414576945292304,0.055331125422359406,0.014132907666122857,0.16548567348679147,0.20414576945292304,0.055331125422359406,0.014132907666122857,0.16548567348679147,0.20414576945292304,0.055331125422359406,0.014132907666122857
full_clean,33,0.1517261627385944,0.5794909558736469,0.8176653372455189,0.19123299697183926,0.6105030813316107,0.19826392169655005,1.7293875485829429,47,0.04073476797221651,0.1262380678829841,0.05588852338159067,0.010871293098268984,0.04073476797221651,0.1262380678829841,0.05588852338159067,0.010871293098268982,0.04073476797221651,0.1262380678829841,0.05588852338159067,0.010871293098268982,0.04073476797221651,0.1262380678829841,0.05588852338159067,0.010871293098268982
full_clean,34,0.19103792360726232,-0.1214699237626339,1.355750430609021,0.2274267864218449,0.6020219049407302,0.17055130863742496,1.2616583720267749,61,0.09744767640982087,0.06999157808141342,0.0746294557121161,0.020334113674207187,0.09744767640982087,0.06999157808141342,0.0746294557121161,0.020334113674207187,0.09744767640982087,0.06999157808141342,0.0746294557121161,0.020334113674207187,0.09744767640982087,0.06999157808141342,0.0746294557121161,0.020334113674207187
full_clean,35,0.09168977141461744,-0.13089504070518043,0.6812505304447957,0.16195185734624717,0.24570404352466774,0.5923440991290851,0.9287223230288059,4,0.019194073641373835,0.2249916342562511,0.14840669154743502,0.005553181282798889,0.019194073641373835,0.2249916342562511,0.14840669154743502,0.005553181282798889,0.019194073641373835,0.2249916342562511,0.14840669154743502,0.005553181282798889,0.03434590966740602,0.017088676965848315,0.024894131752815518,0.009165866485817834
full_clean,36,0.1290193742164786,-0.27365324793659546,0.9598415421777143,0.21526882566562802,0.5192507344378643,0.2654804398965077,0.6692805503644701,3,0.13349798216717368,0.07644523802185187,0.01264551250916146,0.004171935926309197,0.13349798216717368,0.07644523802185187,0.01264551250916146,0.004171935926309197,0.13349798216717368,0.07644523802185187,0.01264551250916146,0.004171935926309197,0.14357296635987268,0.1274493964601501,0.012322953022932848,0.013824113146401685
full_clean,37,0.1677910836878993,0.4326698947747272,0.9869818394424021,0.1992772021369625,0.7177157997459713,0.08300699811706613,0.7357043871189005,14,0.05399173707209026,0.26164219263404154,0.6052349612576134,0.004838790445538374,0.05399173707209026,0.26164219263404154,0.6052349612576134,0.004838790445538374,0.05399173707209026,0.26164219263404154,0.6052349612576134,0.004838790445538374,0.07941187923488544,0.15039493722572075,0.015491574815391873,0.011144731135404373
full_clean,38,0.1889199331579862,-0.5528432976441604,1.0433496649492486,0.0833602521116992,0.07092399756515233,0.8457157503231485,1.7997314092039487,28,0.1900716895012581,0.10729857477952814,0.03425123177214595,0.008341425807842107,0.1900716895012581,0.10729857477952814,0.03425123177214595,0.008341425807842107,0.1900716895012581,0.10729857477952814,0.03425123177214595,0.008341425807842107,0.1900716895012581,0.10729857477952814,0.03425123177214595,0.008341425807842107
full_clean,39,0.09617253548728368,0.1950823771269223,0.7013375072131951,0.2799883447243658,0.3057382222543022,0.41427343302133196,1.4087735974140392,3,0.0696661209313272,0.18536938978117146,0.010274797631087962,0.00396377889539059,0.0696661209313272,0.18536938978117146,0.010274797631087962,0.00396377889539059,0.0696661209313272,0.18536938978117146,0.010274797631087962,0.00396377889539059,0.0696661209313272,0.18536938978117146,0.010274797631087962,0.00396377889539059
full_noisy,0,0.12382867154119294,0.15054534625066365,0.8571840868023136,0.5237660730267755,0.4669435680977733,0.00929035887545121,1.7538381591931207,6,0.10699874848797068,0.12884060798735505,0.06029074538590784,0.009719698489427527,0.10699874848797068,0.12884060798735505,0.06029074538590784,0.009719698489427527,0.10699874848797068,0.12884060798735505,0.06029074538590784,0.009719698489427527,0.10699874848797068,0.12884060798735505,0.06029074538590784,0.009719698489427527
full_noisy,1,0.1031590518886579,-0.3389709810939271,1.1442258463074473,0.34640981559232464,0.36315542882268137,0.290434755584994,1.05376718472277,31,0.0439636155798386,0.023718738560190338,0.023361829853470795,0.00797389460307566,0.0439636155798386,0.023718738560190338,0.023361829853470795,0.00797389460307566,0.0439636155798386,0.023718738560190338,0.023361829853470795,0.00797389460307566,0.0439636155798386,0.023718738560190338,0.023361829853470795,0.00797389460307566
full_noisy,2,0.15490223485824298,0.10130530387596579,0.5976225701472535,0.49509130655100764,0.23590606009980777,0.2690026333491846,0.6980046117717696,42,0.042572566672460926,0.09773415908070186,0.000802832242004059,0.0027268066904550144,0.042572566672460926,0.09773415908070186,0.000802832242004059,0.0027268066904550144,0.042572566672460926,0.09773415908070186,0.000802832242004059,0.0027268066904550144,0.042572566672460926,0.09773415908070186,0.000802832242004059,0.0027268066904550144
full_noisy,3,0.13521174186810397,0.5205344449828412,0.711539654041009,0.23387892590547008,0.3915638369155737,0.37455723717895617,1.4397279961717562,61,0.0794285631353603,0.16182490455032603,0.02295384136839629,0.00590382006912174,0.0794285631353603,0.16182490455032603,0.02295384136839629,0.00590382006912174,0.0794285631353603,0.16182490455032603,0.02295384136839629,0.00590382006912174,0.018013309388600435,0.04350401559351385,0.0028829204358600258,0.006412167773911638
full_noisy,4,0.14578617484706352,0.1656628294001171,0.5959450282315815,0.4761678968843113,0.21280122899362472,0.311030874122064,1.1500822354052027,7,0.09558981102037879,0.11345259891299653,0.011003061674916603,0.006620594084836461,0.09558981102037879,0.11345259891299653,0.011003061674916603,0.006620594084836461,0.09558981102037879,0.11345259891299653,0.011003061674916603,0.006620594084836461,0.0295801016101498,0.03329248991315695,0.007658555153974955,0.008591464283918876
full_noisy,5,0.19872980414291452,-0.44303794905744087,0.9202634494101641,0.1418569807725392,0.45349390931821887,0.40464910990924197,1.055546423091428,14,0.1326037551657664,0.16226309264643413,0.02736182516672514,0.007771995466484904,0.16865393721751967,0.107076590924094,0.02002171505241357,0.02936390723028752,0.1326037551657664,0.16226309264643413,0.02736182516672514,0.007771995466484904,0.03693378024245777,0.09750378161035507,0.01003372348626863,0.013393493743455673
full_noisy,6,0.14806868201361095,-0.4435134985255374,1.0947644166650958,0.3858178700581866,0.21041960075985816,0.40376252918195527,0.7996695637063057,8,0.12860737393946084,0.07976914975944831,0.019127077130243753,0.010568302993041994,0.12860737393946084,0.07976914975944831,0.019127077130243753,0.010568302993041994,0.12860737393946084,0.07976914975944831,0.019127077130243753,0.010568302993041994,0.12860737393946084,0.07976914975944831,0.019127077130243753,0.010568302993041994
full_noisy,7,0.14981413884557018,0.46563869443404415,1.1365330576431008,0.40982631455476803,0.43582789261199,0.15434579283324196,1.1162381446893996,45,0.057915654813417955,0.18517997096405678,0.2306160531748317,0.004400608578513774,0.057915654813417955,0.18517997096405678,0.2306160531748317,0.004400608578513774,0.057915654813417955,0.18517997096405678,0.2306160531748317,0.004400608578513774,0.11520162944519052,0.17719183891503584,0.002014288956056598,0.00737912323749035
full_noisy,8,0.2159354268386,-0.22779139401490078,1.1763980788502106,0.4669930766812421,0.44218720093566793,0.09081972238308994,1.4904149329404275,34,0.08472028113675979,0.07391231078511222,0.024381503616916822,0.011062227383108534,0.08472028113675979,0.07391231078511222,0.024381503616916822,0.011062227383108534,0.08472028113675979,0.07391231078511222,0.024381503616916822,0.011062227383108534,0.08472028113675979,0.07391231078511222,0.024381503616916822,0.011062227383108534
full_noisy,9,0.21019964242245956,-0.017801442504586994,1.2311359499927146,0.16492159696319555,0.6827088266587867,0.15236957637801773,0.6453657586391554,43,0.08490049100858114,0.18234323548338005,0.008842686265770228,0.008405174173919158,0.08490049100858114,0.18234323548338005,0.008842686265770228,0.008405174173919158,0.08490049100858114,0.18234323548338005,0.008842686265770228,0.008405174173919158,0.06749385162130042,0.16192154294614328,0.013870727755253331,0.014032169933769779
full_noisy,10,0.1254501332212465,-0.001061339390593008,1.0858563940896735,0.34925541544775046,0.304360251238504,0.34638433331374546,1.7298496392433096,17,0.07367926508522159,0.29396711135283615,0.012375700146529,0.006846120454907391,0.07367926508522159,0.29396711135283615,0.012375700146529,0.006846120454907391,0.07367926508522159,0.29396711135283615,0.012375700146529,0.006846120454907391,0.10027028390909709,0.04520651347675438,0.016361682803661903,0.009305608582978431
full_noisy,11,0.11402104807088959,0.5336287755918357,0.8494721039995935,0.5107558451223749,0.28197507986988224,0.20726907500774283,1.365391916270283,34,0.1001077841808301,0.085569687780409,0.001972738538026375,0.0032824278053899306,0.1001077841808301,0.085569687780409,0.001972738538026375,0.0032824278053899306,0.1001077841808301,0.085569687780409,0.001972738538026375,0.0032824278053899306,0.1001077841808301,0.085569687780409,0.001972738538026375,0.0032824278053899306
full_noisy,12,0.18017014827541414,-0.46377486184107836,1.3966879431356516,0.7680436325762078,0.0971624274249471,0.13479393999884512,0.864007757665267,60,0.17869553012401726,0.052669501328235835,0.2960141707612217,0.007576080157876449,0.17869553012401726,0.052669501328235835,0.2960141707612217,0.007576080157876448,0.17869553012401726,0.052669501328235835,0.2960141707612217,0.007576080157876448,0.17810838874033785,0.07887342020084905,0.017444451666052463,0.008388514300032087
full_noisy,13,0.1714191945011776,0.20405775595145279,1.117311123780115,0.10105097767768484,0.1651010549240118,0.7338479673983033,1.0179579193774555,1,0.04380809094424096,0.02480009981301016,0.0022212299821471326,0.003220899303973669,0.04380809094424096,0.02480009981301016,0.0022212299821471326,0.0029774649550252776,0.04380809094424096,0.02480009981301016,0.0022212299821471326,0.03316596115139327,0.04380809094424096,0.02480009981301016,0.0022212299821471326,0.0029774649550252776
full_noisy,14,0.16946047720236898,0.35594856538558767,1.355141341087951,0.34136261022423664,0.1817586061084241,0.47687878366733927,1.2195434306217279,31,0.07468887343554333,0.10970098054769532,0.03880028672313762,0.01845493425984346,0.07468887343554333,0.10970098054769532,0.03880028672313762,0.01845493425984346,0.07468887343554333,0.10970098054769532,0.03880028672313762,0.01845493425984346,0.018340892821345905,0.12939058080343072,0.0030152183787128806,0.03374018735331625
full_noisy,15,0.09950328689357858,-0.547064921347256,1.3552177549032245,0.4644674558111343,0.4126787072225629,0.12285383696630275,0.6394453843097762,45,0.043670713120505904,0.2101247301470781,0.9030155797114489,0.0066165397710073615,0.043670713120505904,0.2101247301470781,0.9030155797114489,0.0066165397710073615,0.043670713120505904,0.2101247301470781,0.9030155797114489,0.0066165397710073615,0.08088545844600983,0.10045755587516993,0.006907986046921,0.011897839751922911
full_noisy,16,0.0970132704004428,0.12985831189819283,0.6893187914782596,0.48175333953812044,0.08492411283753884,0.43332254762434075,1.3840854204533402,39,0.08232164125044944,0.1441274655665252,0.6659869692139386,0.004183987804268787,0.022376629172801022,0.28651365764666314,0.6541657496924131,0.005193657102452474,0.08232164125044944,0.1441274655665252,0.6659869692139386,0.004183987804268787,0.0288304361813955,0.10901099716555183,0.011878658701635514,0.0052045263172727
full_noisy,17,0.14955115361282117,-0.1481542513568671,0.622223473878094,0.09210357919801727,0.4774808689954351,0.4304155518065476,1.2688598323939675,50,0.07609183225747024,0.20003503482544938,0.4719069727391694,0.0070660721983738595,0.07609183225747024,0.20003503482544938,0.4719069727391694,0.0070660721983738595,0.07609183225747024,0.20003503482544938,0.4719069727391694,0.0070660721983738595,0.07460511136103619,0.1070530652821529,0.02732296694769909,0.009912288424799826
full_noisy,18,0.1934200252500196,0.31175924767009444,0.876156367524059,0.4624543484640143,0.15220267316596928,0.3853429783700165,0.8258654271695097,9,0.060741632017590835,0.1789750944457141,0.011212322058791857,0.007006769671298453,0.060741632017590835,0.1789750944457141,0.011212322058791857,0.007006769671298453,0.060741632017590835,0.1789750944457141,0.011212322058791857,0.007006769671298453,0.14648374940610873,0.12245280159604749,0.02124325200512378,0.007926779398859931
full_noisy,19,0.07844928203550176,0.04313820396583494,1.0149457570444103,0.15139863392092445,0.7432955167338906,0.10530584934518494,1.606996536628402,55,0.13462797682795247,0.19814558590442344,0.011666026755524195,0.007686443517899745,0.13462797682795247,0.19814558590442344,0.011666026755524195,0.007686443517899745,0.13462797682795247,0.19814558590442344,0.011666026755524195,0.007686443517899745,0.13462797682795247,0.19814558590442344,0.011666026755524195,0.007686443517899745
full_noisy,20,0.19639791624182842,-0.2793847983785539,0.7991295531640411,0.27049839561331446,0.20670008378921584,0.5228015205974696,0.7124085504092152,14,0.10813024426823263,0.013472507169662473,0.011847471600196946,0.007596371330603,0.10813024426823263,0.013472507169662473,0.011847471600196946,0.007596371330603,0.10813024426823263,0.013472507169662473,0.011847471600196946,0.007596371330603,0.10813024426823263,0.013472507169662473,0.011847471600196946,0.007596371330603
full_noisy,21,0.20720922191942287,-0.5990209521649564,1.2232035072669794,0.515971924323371,0.27371774651749786,0.21031032915913112,1.3947037692706665,35,0.15309245757065934,0.019669048876825985,0.0020660675178925114,0.014203154120343245,0.15309245757065934,0.019669048876825985,0.0020660675178925114,0.014203154120343245,0.15309245757065934,0.019669048876825985,0.0020660675178925114,0.014203154120343245,0.15309245757065934,0.019669048876825985,0.0020660675178925114,0.014203154120343245
full_noisy,22,0.20467372022158695,-0.2759205380979501,1.3587110213343356,0.37384226229845896,0.3224983895875398,0.30365934811400125,1.3523376797040696,20,0.25510657176215057,0.21198626427335707,0.006760675487026857,0.003310045052076648,0.25510657176215057,0.21198626427335707,0.006760675487026857,0.003310045052076648,0.25510657176215057,0.21198626427335707,0.006760675487026857,0.003310045052076648,0.25510657176215057,0.21198626427335707,0.006760675487026857,0.003310045052076648
full_noisy,23,0.1830993606596164,-0.22399887913550318,1.0370352883820069,0.31374979730788355,0.41664528220208696,0.2696049204900295,0.9477628020770601,18,0.1010476599408352,0.110792592814438,0.013153312973476106,0.004652955093557812,0.1010476599408352,0.110792592814438,0.013153312973476106,0.012085266741315881,0.1010476599408352,0.110792592814438,0.013153312973476106,0.0048001107061621025,0.1010476599408352,0.110792592814438,0.013153312973476106,0.004652955093557812
full_noisy,24,0.09944927796813262,-0.6777924100304625,0.8063563089818474,0.13727222978765038,0.309254444964298,0.5534733252480516,1.2412084034335522,56,0.08826374249538911,0.0830960163930272,0.43652453153860904,0.007444290908027167,0.08826374249538911,0.0830960163930272,0.43652453153860904,0.007444290908027167,0.08826374249538911,0.0830960163930272,0.43652453153860904,0.007444290908027167,0.036560527305071276,0.04362907892810843,0.02548762218496381,0.009944512539669414
full_noisy,25,0.13246616632381278,0.26037350144114296,1.4280217265302781,0.14378767266814835,0.4996602825113162,0.3565520448205354,1.317209715442232,27,0.04849701082830543,0.05400891270732689,0.01907811229665901,0.01609658728083281,0.04849701082830543,0.05400891270732689,0.01907811229665901,0.016096587280832807,0.04849701082830543,0.05400891270732689,0.01907811229665901,0.016096587280832807,0.04849701082830543,0.05400891270732689,0.01907811229665901,0.016096587280832807
full_noisy,26,0.16428463706694785,0.6798539125031413,1.2442671725758672,0.7478430853826316,0.17492261527899977,0.07723429933836867,1.6049720818206106,63,0.10962803221667287,0.19084487735800879,0.020815133178667233,0.01030660128851431,0.10962803221667287,0.19084487735800879,0.020815133178667233,0.01030660128851431,0.10962803221667287,0.19084487735800879,0.020815133178667233,0.01030660128851431,0.10962803221667287,0.19084487735800879,0.020815133178667233,0.01030660128851431
full_noisy,27,0.07114821432383,-0.4278887821132278,1.1716219464930457,0.38698088358361904,0.27040709213429814,0.3426120242820828,1.344995786450223,6,0.08735393728101004,0.03506618524718371,0.016133562173950455,0.004600916708541508,0.08735393728101004,0.03506618524718371,0.016133562173950455,0.004600916708541508,0.08735393728101004,0.03506618524718371,0.016133562173950455,0.004600916708541508,0.03513389594682096,0.20322718341658366,0.014102568740873345,0.00922632925271585
full_noisy,28,0.09808896594553364,0.19192426201173657,1.1713292564701516,0.19018005742927946,0.5193932480035748,0.29042669456714576,1.492341235331482,25,0.1694288633486767,0.07191714734998629,0.012999979533404149,0.006425940689179355,0.1694288633486767,0.07191714734998629,0.012999979533404149,0.006425940689179355,0.1694288633486767,0.07191714734998629,0.012999979533404149,0.006425940689179355,0.1694288633486767,0.07191714734998629,0.012999979533404149,0.006425940689179356
full_noisy,29,0.18355189624121535,0.0062370993202185195,0.8709088591130155,0.562446742679977,0.29049845290792414,0.1470548044120989,1.358250858379682,62,0.07162782105129288,0.0618393987081808,0.03438684337309206,0.009992433064224534,0.07162782105129288,0.0618393987081808,0.03438684337309206,0.009992433064224534,0.07162782105129288,0.0618393987081808,0.03438684337309206,0.009992433064224534,0.07162782105129288,0.0618393987081808,0.03438684337309206,0.009992433064224534
full_noisy,30,0.06388176134354838,0.06451478842209923,1.0725366990599892,0.09586029165783236,0.8734317698056907,0.03070793853647691,1.4295369158413327,33,0.09774049402701755,0.28375422639162023,3.735380546388001e-05,0.0018984632782842496,0.10034046075564838,0.28353121915370066,0.021816963293318725,0.008055413047324565,0.09774049402701755,0.28375422639162023,3.735380546388001e-05,0.0018984632782842496,0.09774049402701755,0.28375422639162023,3.735380546388001e-05,0.0018984632782842494
full_noisy,31,0.2098231972262213,0.34263783861159725,1.3837238289318738,0.3139311878725082,0.15765248151260264,0.5284163306148892,1.5598838168110547,9,0.03761512987475054,0.24473574000278253,0.9497810733728187,0.029251408953032052,0.03761512987475054,0.24473574000278253,0.9497810733728187,0.029251408953032052,0.04312944392204001,0.11476795636615754,0.12476223724717772,0.03760360539325182,0.11711127646579333,0.019025295668876913,0.07788479219942301,0.03350344107030631
full_noisy,32,0.09035005395250524,-0.5890582328011537,1.3156917653633826,0.12202778172874759,0.4872478860175804,0.390724332253672,1.3457248153658037,44,0.08932342553464105,0.038088705064592915,0.028574884637855957,0.009004026612472214,0.08932342553464105,0.038088705064592915,0.028574884637855957,0.009004026612472214,0.08932342553464105,0.038088705064592915,0.028574884637855957,0.009004026612472214,0.08932342553464105,0.038088705064592915,0.028574884637855957,0.009004026612472214
full_noisy,33,0.15655898516007155,-0.6975298033909634,1.4007978081247499,0.0544186185906862,0.524129142775597,0.42145223863371684,0.9874591339712798,16,0.07356214561927495,0.2293499963686897,0.00894150873172539,0.004600491031025577,0.07531031762388339,0.14895971356624532,0.014250840264144249,0.06573026466103674,0.07356214561927495,0.2293499963686897,0.00894150873172539,0.007793803835520543,0.0969864175121069,0.14235894085971904,0.012511841858590333,0.030229360956056172
full_noisy,34,0.19264566020480436,-0.3260128219613354,1.3283004317875455,0.6621177053244897,0.1276794014136799,0.21020289326183045,1.1013941588421834,56,0.06243179119977338,0.23909091004186686,0.18222140931154607,0.010991004044514448,0.06243179119977338,0.23909091004186686,0.18222140931154607,0.011084505422163778,0.06243179119977338,0.23909091004186686,0.18222140931154607,0.011084505422163778,0.16108802314163917,0.07230612725504959,0.027635038465097628,0.01519885047978149
full_noisy,35,0.17123962685679578,0.6072941597407292,0.7592073579435297,0.14675214642995266,0.3377336389023186,0.5155142146677287,0.8162742519097632,13,0.12966588368044366,0.18977470072452363,0.37709814098086825,0.007439619619064385,0.12966588368044366,0.18977470072452363,0.37709814098086825,0.007439619619064385,0.12966588368044366,0.18977470072452363,0.37709814098086825,0.007439619619064385,0.07398424386529072,0.10840209011324244,0.011590380014820045,0.007854847257528342
full_noisy,36,0.20924402279501977,-0.16654900482133334,0.8778945993599996,0.1485987254488605,0.3767211408560351,0.47468013369510437,1.0198692263678424,40,0.07393658450241396,0.031712886031664396,0.006012506352282454,0.010990975703100899,0.019169409542100613,0.18230162207970882,0.004132536972534018,0.05420088609252327,0.07393658450241396,0.031712886031664396,0.006012506352282454,0.01461299928823848,0.0921282953174215,0.05931477617972464,0.03692271841564443,0.015051674870349982
full_noisy,37,0.17287562853437982,0.420294754864285,1.391750520410606,0.6106642154221812,0.09276087459056755,0.2965749099872513,1.7778766886058792,53,0.06656179159345817,0.08992544766824112,0.017475328815365954,0.016551694795734123,0.06656179159345817,0.08992544766824112,0.017475328815365954,0.016551694795734123,0.06656179159345817,0.08992544766824112,0.017475328815365954,0.016551694795734123,0.06656179159345817,0.08992544766824112,0.017475328815365954,0.016551694795734123
full_noisy,38,0.16523204162894756,0.4839368931392737,0.7908602611832418,0.23647227590968845,0.6320026177466394,0.1315251063436722,1.011794273352765,57,0.08336039902240235,0.1405069461502098,0.0034466624309994476,0.007809257450134902,0.07004239709082735,0.13981313329487605,0.038585979645629376,0.03815837609229608,0.08336039902240235,0.1405069461502098,0.0034466624309994476,0.008764223153892416,0.08043676854632888,0.08407191573776157,0.029143902221003826,0.008550090680057574
full_noisy,39,0.1426777902541676,0.3499866920952986,1.3890076610100635,0.2300810648641805,0.3572545515446117,0.41266438359120783,1.2503430009110315,10,0.161575092374586,0.1424975102871529,0.011046982705843256,0.007906465744530432,0.161575092374586,0.1424975102871529,0.011046982705843256,0.007906465744530432,0.161575092374586,0.1424975102871529,0.011046982705843256,0.007906465744530432,0.161575092374586,0.1424975102871529,0.011046982705843256,0.007906465744530432
partial_arc_noisy,0,0.1556802874201922,-0.1432067304962389,1.3587551670773024,0.17745513699598459,0.5121702722283324,0.31037459077568297,1.6458048541091952,25,0.027753761718236198,0.08639315973896193,0.010328870075153596,0.015165997325477699,0.0150475581170779,0.1631878383798059,0.023042475283810093,0.03739963366716681,0.03508488683901139,0.03582445421046656,0.004032393818550473,0.07080262169737452,0.027753761718236198,0.08639315973896193,0.010328870075153596,0.015165997325477699
partial_arc_noisy,1,0.18520908006657796,-0.14927366766187386,1.0326425561332422,0.07039844173754617,0.4270682957546972,0.5025332625077567,0.6219930091850493,45,0.03146734656393968,0.3158972073080882,1.0715544046221637,0.04404795429573702,0.06124139351768693,0.05927037505973013,0.558750134713541,0.11033141971458774,0.12249654938377086,0.21237887412535741,0.1847022686496803,0.11278710181867335,0.05325171428819511,0.09735705197623101,0.016662562502252176,0.009785251657225434
partial_arc_noisy,2,0.13203832770743693,0.4838498142522986,1.0638708282653868,0.29734039413695057,0.11365855114411035,0.589001054718939,0.8137318537975075,46,0.03258192947660038,0.10083768405447087,0.44918963622794317,0.025794279330410626,0.1471487069720878,0.3410492070921712,0.18266878890549776,0.07911870932639146,0.054503846965733294,0.3652854042167399,0.17727965382241884,0.07138056150581654,0.004701287913769577,0.16239111631503708,0.028643777608358234,0.015158235005563925
partial_arc_noisy,3,0.12807947846715392,0.6385954612193399,0.5567696017750366,0.5880283801941668,0.3910876103102165,0.020884009495616696,1.1454842352545707,33,0.11012333802660039,0.273573137219119,0.296005031374012,0.005936157658272391,0.02631352501212289,0.10872062788273588,0.33878895741984105,0.051696820096889654,0.1309349374607354,0.2618291269483632,0.03525890864401959,0.03977090585889635,0.051878730455000126,0.15061610016005825,0.025978666053000365,0.012576298675551371
partial_arc_noisy,4,0.08045254523845287,-0.5834665668685954,0.6781652395436827,0.3689216343216504,0.3430500364748698,0.2880283292034798,0.635393614488821,1,0.07500531283873028,0.22919537473462745,0.9114845169259136,0.013523694855209333,0.23325449727581904,0.12977006025446858,0.777483595676671,0.0910596155941712,0.1435920176864303,0.14123337193872937,0.8466054101228107,0.045198043629815686,0.1416572058858261,0.011292033360452536,0.0028562162259658797,0.012074996773233607
partial_arc_noisy,5,0.0886881819578579,0.11073023097750091,1.0364576070587053,0.7206267880678506,0.19696037729007654,0.08241283464207283,1.391723963371684,21,0.05637976264261088,0.29039389654106956,0.6674679413622718,0.0070017812184362165,0.22316759541339878,0.08490173345549264,0.3953233206686788,0.11917291860019248,0.053420391924398736,0.2685300612381995,0.38667863993542806,0.11655108866327782,0.03086562507706418,0.07961038020983875,0.03262560818058757,0.01025518929519525
partial_arc_noisy,6,0.1299333373405299,0.031748053708968736,1.123902567826287,0.1771694894475367,0.4429599023058534,0.37987060824660995,0.739083676465969,3,0.08103037523697261,0.32214828389848366,0.009164005705041944,0.009161161748062412,0.13457769784082194,0.09431140776154782,0.2067559735793968,0.11232184868102497,0.0781960856106846,0.1534196713827493,0.11049188739442473,0.05337871637352584,0.08103037523697261,0.32214828389848366,0.009164005705041944,0.009161161748062412
partial_arc_noisy,7,0.20674651262762717,-0.301107055858243,0.8887828282732204,0.6396979286522458,0.0899325445983351,0.27036952674941905,0.8222524909070494,6,0.1498331752695127,0.07204176626438004,0.031013770824401266,0.01666644847203849,0.12264333474425292,0.11868299018795309,0.15269480120564005,0.08042426176732963,0.08919028991016793,0.0953448808926895,0.06856188044798095,0.032064911004597366,0.1498331752695127,0.07204176626438004,0.031013770824401266,0.01666644847203849
partial_arc_noisy,8,0.11723959984013761,-0.251774680817859,0.7146589480292658,0.6368882275582765,0.06288588792951569,0.3002258845122079,1.2007212889329573,38,0.05687334211300984,0.23874205432555562,0.35361260975832376,0.028553852010607932,0.12306109137944972,0.0725067479547569,0.1694913859757896,0.05922032192069739,0.037993050074357285,0.15600972362621263,0.20970978131303097,0.06639707970119871,0.041907505920431375,0.05675194445281587,0.026403925962371844,0.009009910076539049
partial_arc_noisy,9,0.08687539049002099,-0.10231186311527533,1.4436773715457267,0.4818154767923261,0.3396597020054239,0.17852482120224994,0.8794953289232175,30,0.14831584094581435,0.2463532707586981,0.042631159321039,0.025721015942099128,0.17026130942739906,0.0972498778613508,0.06634432112214828,0.047511673059770325,0.17058438297298384,0.37973849707494517,0.1362413604720909,0.05642493872996347,0.05996562193465165,0.08071550125458683,0.02938335827652938,0.013116445524858024
partial_arc_noisy,10,0.13734816475689302,-0.6729729407046836,0.5831576265528414,0.5250900566018998,0.3427018324239563,0.13220811097414392,0.6154283183502786,62,0.08719452424037562,0.05826563041259266,0.0028624073116669813,0.00672048641781964,0.16623856151260624,0.036121829775598746,0.005325574912042552,0.0980707270372996,0.09103953896359068,0.2819654915808319,1.0073340604751064,0.022285248231169646,0.08719452424037562,0.05826563041259266,0.0028624073116669813,0.00672048641781964
partial_arc_noisy,11,0.1610366791332256,-0.2010488092596766,0.9703932562744079,0.3578964269556698,0.3244902639891596,0.3176133090551706,1.2629337359306738,24,0.11372555780144933,0.2556600408589668,0.4659808762758757,0.005754765468390394,0.10986226119070774,0.16024223432688825,0.2665330932276686,0.09290818578118629,0.09179029274711333,0.32491471567092706,0.2719222283107475,0.08227714094501107,0.09139655132244305,0.06116090968069254,0.021396870484405417,0.007967987904325588
partial_arc_noisy,12,0.15695054793434485,-0.5436154893192763,1.094840861292082,0.3238354621065218,0.2322836416393365,0.4438808962541417,1.186795142868343,11,0.07615081274429719,0.11456655118290877,0.004971962553245168,0.003294058971970157,0.019376799775668363,0.23057317254954135,0.033504261752940634,0.01994238795694909,0.08118227667483324,0.06771355527463527,0.3486411847235753,0.041379874093293245,0.07615081274429719,0.11456655118290877,0.004971962553245168,0.003294058971970157
partial_arc_noisy,13,0.18807545007771323,-0.4581995107506414,0.737661953788252,0.34861645207287895,0.46715800521287626,0.1842255427142448,0.9604378631313065,56,0.1739724684668994,0.16541453748744242,0.016144012362424687,0.011502875295249555,0.14576405010179067,0.16355513311799938,0.009233503298380907,0.022177439993108974,0.060951696665282114,0.3759380160669486,0.055298826264001844,0.012397524030788396,0.05930077480784948,0.07708890036091715,0.01277043057582905,0.006958198143919755
partial_arc_noisy,14,0.1436270600125111,0.3218546982469417,0.7989530726488616,0.434344671218483,0.16137917639139238,0.40427615239012454,1.0591012829605027,6,0.06155801018189807,0.09232640128404962,0.009766573978733595,0.008721142054972998,0.079448529955153,0.10138100934088305,0.16614572454588494,0.02402853472883257,0.06452476430164644,0.16959370845207297,0.023806965297650473,0.024325382528311887,0.048534089922922415,0.1002106979175829,0.047904590443157424,0.017793967964758753
partial_arc_noisy,15,0.17532147211177368,0.3004753525704878,1.2459622083689517,0.26366712877778037,0.21378274203513462,0.5225501291870851,1.375578989009026,63,0.0897534245383994,0.27151872567374097,0.07909174377168826,0.029369389184247724,0.10394156237692335,0.18812275432783707,0.4006316968963365,0.10642269479165076,0.04507577451937361,0.026555108795335746,0.2176235514771383,0.11654962250085546,0.05049743890294043,0.04102267327733627,0.03729822115646608,0.02542683430502529
partial_arc_noisy,16,0.16354457955868898,-0.4874280035770316,0.6812330371961687,0.2802747972242804,0.21804664291741643,0.5016785598583031,1.5932503646907012,11,0.02809950104691177,0.13884651132681744,0.9901447603396524,0.012377956278735896,0.08531605669611982,0.23317665017659842,0.6474107146453355,0.15640968513352038,0.0415258237139822,0.2742602236810503,0.8366458836186892,0.09968129996603353,0.029864617662226794,0.07355167797880985,0.11125134007906956,0.0445730390795925
partial_arc_noisy,17,0.12884393057410226,-0.08340455287788485,0.5839730780489679,0.3231528721148331,0.20695170434133434,0.4698954235438325,1.1217301371413722,44,0.08315429596880348,0.2511202268461534,0.22826949227639493,0.0040761512379424,0.048932058343148656,0.1187784001901735,0.13291150503673332,0.06058193105069576,0.0944419940115923,0.047605450141400635,0.11668481370511619,0.04091048657979757,0.08297166936472102,0.08416638517968163,0.014724263737712073,0.007547101081993126
partial_arc_noisy,18,0.09444340287542516,0.4861363769038928,0.7796362674550457,0.12256030873035269,0.29312271645083504,0.5843169748188122,1.4858201586289548,49,0.01933403271013452,0.266671711425775,0.8307554269408899,0.009655156133108364,0.2223873998894994,0.3379264871587533,0.48941951592594957,0.14582049994797355,0.05420058744829809,0.120339033721866,0.4807748351926988,0.1387798951098814,0.037275605448266025,0.11064980697020572,0.05957220787662232,0.018684917222442185
partial_arc_noisy,19,0.08195426457728727,-0.21787118970772565,1.1107102356798326,0.14601146490405767,0.5783855865522045,0.2756029485437378,0.9378964373335118,27,0.07391187448664045,0.035779686863440054,0.018414761315283523,0.010880608367452756,0.17254911567279038,0.1972739492127503,0.13859924492513398,0.044529287349047444,0.07391187448664045,0.035779686863440054,0.018414761315283523,0.010880608367452757,0.07391187448664045,0.035779686863440054,0.018414761315283523,0.01051049882159333
partial_arc_noisy,20,0.10331241383765821,0.6583476710140621,1.1564461060054334,0.4030549167118578,0.03988642693802369,0.5570586563501185,0.9881986870876992,8,0.07179508266800401,0.06975664697815445,0.03768304563242564,0.009281017857194823,0.04016819067640576,0.09779158541574884,0.08736945105614236,0.04435234829490674,0.07179508266800401,0.06975664697815445,0.03768304563242564,0.018934587609509636,0.04057839006911517,0.08500027597258313,0.01852732065801177,0.010067367389723183
partial_arc_noisy,21,0.0896420984213333,0.02377607603313936,1.1632488225501192,0.3105344430525855,0.37803258667717204,0.31143297027024247,0.611452769402587,39,0.025141208891108175,0.0972827306726114,1.0137777815634537,0.0032271701160593086,0.16710353866047703,0.15338414934435105,0.5692903744960033,0.12392604464290255,0.1776926425501396,0.09528661525437417,0.9182869534106947,0.06307232949287668,0.12413413159519926,0.1744763798751502,0.0057461603053612365,0.012485198145901955
partial_arc_noisy,22,0.08210787950094323,0.4155769208947805,1.131369976829294,0.17005703735111594,0.5782631805313508,0.2516797821175333,0.7869614005325534,11,0.07554674335234164,0.20172134272592426,0.005609810527189674,0.007083248862425119,0.190820405297952,0.015818565241521216,0.15887824951281238,0.10322349865104723,0.03691042093075056,0.1448023231842145,0.10649924433242386,0.045638885057140234,0.07554674335234164,0.20172134272592426,0.005609810527189674,0.007083248862425119
partial_arc_noisy,23,0.21887917218108247,-0.5782893278148582,1.2290997632292446,0.34989357368867224,0.42953163052318155,0.2205747957881462,0.8018892006492795,57,0.17756934786073245,0.1745245727131021,0.03373221572501406,0.012437645230176191,0.04482764852231225,0.2525589808669815,0.3799339796658183,0.027541575568834104,0.24792085455408577,0.10437663416775352,0.04768636321111419,0.016634967877423436,0.24268614334859828,0.20790323848062564,0.00493634099448137,0.012651215466352712
partial_arc_noisy,24,0.061517830570898116,0.4172161138748221,0.7263688473661234,0.5951707102131905,0.32382747636446924,0.08100181342234031,0.9037428505544123,21,0.17563885022053374,0.17509602156797985,0.2032630228492478,0.014701849422354623,0.23205852369529478,0.14590471988885348,0.0694654431527233,0.030891539718058948,0.012477893272621015,0.21520440720911527,0.10130247288184369,0.040833835225625795,0.03342836226714657,0.20154997492727567,0.003411694504212859,0.006315866106977251
partial_arc_noisy,25,0.10832314870600918,-0.4285083338975634,1.1653634463751046,0.15958220557825545,0.6462923734728644,0.1941254209488802,1.4707116790682337,62,0.15034103805918622,0.1344025657654977,0.0346295357966524,0.009321430917930829,0.22102599437829484,0.2810187950927651,0.06841041639695544,0.06249306123406948,0.025694063014403457,0.14692725508024904,0.7141071979962217,0.0687789662543662,0.15034103805918622,0.1344025657654977,0.0346295357966524,0.009321430917930829
partial_arc_noisy,26,0.09660004755130794,-0.42970923830596186,0.6815840468825004,0.3421505928454237,0.33291343613565716,0.32493597101891913,1.3156565002195897,2,0.1789314978667382,0.0998561963170096,0.006159609682323097,0.006380325249922643,0.1745284513229887,0.1683034780663988,0.13491335632099943,0.06244926296727053,0.03494491358460277,0.14003887913550775,0.5089612223848601,0.03591547173077815,0.047812964548237996,0.011358273136886069,0.0017041431060433876,0.0010640996243591696
partial_arc_noisy,27,0.19936356582198086,0.05870620529896111,0.7031067572857634,0.16635713171786637,0.45083393673028427,0.38280893155184936,1.6668364218724137,46,0.04324435380941998,0.12689240568741225,1.0496374921644653,0.015398783524972561,0.07213313183920386,0.2035877916474447,0.6704357791694084,0.18264799630866435,0.12951942209861722,0.2629563758211841,0.6758249142524874,0.1810664641638006,0.1691440662954898,0.14612580440304498,0.04160587090637291,0.010947608115063377
partial_arc_noisy,28,0.08026577790881516,0.058108636049050914,1.2699776183963731,0.12912376001156178,0.39772186072450727,0.47315437926393095,1.580625570902054,45,0.1016850484218413,0.09532072015497317,0.9474950675812942,0.01273177906492831,0.01899643063027497,0.10039010984847778,0.03767330528027357,0.01628960657309882,0.038133479299554525,0.1026284086879337,0.01811523433741824,0.040760240493861094,0.16310019701755274,0.07492652989119186,0.04471523462981608,0.013587466642943285
partial_arc_noisy,29,0.07024092937540961,-0.24288551389293933,1.0993457566317857,0.27771636819008233,0.6068186212858285,0.1154650105240892,1.0108288089735908,1,0.13488955563995417,0.2711896348123412,0.015052923746533997,0.021453526506130333,0.20789166564340647,0.12302380232100214,0.03762051526645527,0.024491008231985214,0.2133999266094083,0.42177837086038567,0.004907880421717525,0.022177775417553006,0.012706917222203934,0.0998346301709541,0.016348964163476642,0.007115084824439512
partial_arc_noisy,30,0.10448938699646793,-0.4179821946458823,0.72707020737092,0.2565567750406737,0.42434344258301054,0.3190997823763158,0.7245421245059205,8,0.011745628765329136,0.052559497147552446,0.6338976875049431,0.005043462423639636,0.24907454165655665,0.16503024791373788,0.6777591381653578,0.08350334971062921,0.05374261029266524,0.15254103869305874,0.03206235656609158,0.03034893239063496,0.03439950295099145,0.1553695189363306,0.00028610249650828923,0.007124197253644757
partial_arc_noisy,31,0.06111903030468856,-0.5290351655285611,0.7994236993101317,0.3577517469292992,0.45817739660985163,0.18407085646084914,1.6031821837523026,19,0.022861713991406348,0.1475296085096767,0.014181957743193863,0.00264234905318004,0.31187350892321547,0.2550495318573823,0.2008809210810243,0.08891987490112302,0.1699649236688213,0.21053835376714977,0.1211831591406709,0.059601200193332045,0.022861713991406348,0.1475296085096767,0.014181957743193863,0.00264234905318004
partial_arc_noisy,32,0.07486716358756172,-0.05851359889790204,0.813670334297416,0.2637768345847552,0.07934500388472818,0.6568781615305166,0.934693794754471,59,0.21604701535101486,0.0905839529201724,0.08104289464083736,0.02325520677744273,0.041474728804869146,0.15154661275951517,0.03497757167521642,0.020979124669625135,0.21604701535101486,0.0905839529201724,0.08104289464083736,0.026673501369671174,0.22803184632073234,0.21013930187664184,0.039519440377419834,0.022022630651900018
partial_arc_noisy,33,0.19780398840104535,-0.4108142817852962,1.438104623953923,0.5344078335038184,0.17377944514573762,0.291812721350444,0.605830228613636,32,0.23884103910949603,0.1367510997040664,1.12804128959164,0.02966648766506568,0.04862532142849795,0.08120998571181164,0.5749129152849543,0.14037453875113282,0.04455614249828519,0.16189690326623732,0.9239094941996456,0.036716455009316445,0.1314945904156727,0.06832861250807247,0.012460497048309538,0.015372988797687505
partial_arc_noisy,34,0.14213730488364834,-0.625807092312333,0.6297376198545455,0.6603026376815722,0.25255568060006617,0.08714168171836167,0.8641629386418177,29,0.04055455366858063,0.10600166918911613,0.0008103965236754274,0.01914226402148596,0.08659620769033129,0.12331057518699214,0.1268485689781086,0.05919675205196158,0.08659620769033129,0.12331057518699214,0.1268485689781086,0.05017358903228459,0.05260922633317349,0.08315225470169933,0.01817500214839729,0.012710027733511925
partial_arc_noisy,35,0.21323970102806633,-0.4341443644716961,1.2924047180587432,0.7881085141040287,0.07922996162541494,0.13266152427055633,0.748346433263702,49,0.27463835059833186,0.14639932549053794,0.011786268665639144,0.011991133478116261,0.059649916548809655,0.1633886772319337,0.24805420943930323,0.1074537783631753,0.21374235202252453,0.04430015013177827,0.2426650743562243,0.09950601509894316,0.27463835059833186,0.14639932549053794,0.011786268665639144,0.011991133478116261
partial_arc_noisy,36,0.21328331127413397,-0.4464052237281898,0.9513847080852927,0.6163013279087063,0.14602085580896265,0.23767781628233106,1.7952224954661042,62,0.04434241602701764,0.09368352265925785,0.034821135675590975,0.014437488439560713,0.026000662451484125,0.14783940776121351,1.1851197520278682,0.05659817055785907,0.09592380224980639,0.18039471838484933,0.07558335383253101,0.03145817072159941,0.04434241602701764,0.09368352265925785,0.034821135675590975,0.014437488439560713
partial_arc_noisy,37,0.17305372791219853,-0.5782860297081768,1.037481838388322,0.26649142773299556,0.25341038780848246,0.48009818445852204,1.3011277224563111,25,0.03265687473656945,0.1466737727116858,0.07072713824263865,0.05544849079946192,0.07865511248305966,0.26844729358522645,0.30472707975330593,0.10582604219690275,0.12299744145476142,0.38585138181937656,0.31011621483638485,0.09837999970984283,0.08940930779246721,0.033584353239353014,0.054731120636578146,0.03821028631726261
partial_arc_noisy,38,0.08772342459880207,0.6769533968540503,0.9832903991192995,0.44301440554464133,0.4426239514346385,0.11436164302072016,1.0147647660617491,40,0.012720339579767556,0.19694341598971518,0.034569942920019914,0.02464740571735556,0.034522522577482936,0.21199047061645884,0.038182890568017935,0.0061302897216530166,0.054601223691725265,0.1929645208101954,0.00971944262549318,0.01545517256869443,0.025384914517618973,0.20977301900065823,0.012413007075318339,0.007474254114981865
partial_arc_noisy,39,0.10869087174500495,0.47276418374121626,0.614632200055595,0.44725866627989097,0.1509757408117649,0.4017655929083441,0.8636845290582803,47,0.2197742094275464,0.14041945153065027,0.30705923616288067,0.02013963719768969,0.06862863793906315,0.08628464671289303,0.14136079437797566,0.0573241100609921,0.016885205112373416,0.2653398894547796,0.127326978561646,0.050690723561766377,0.19304163843132768,0.10242634433154586,0.00041703305377793765,0.012833885033966578
sparse_full_noisy,0,0.18627712769392926,0.482010883678832,1.226996778757816,0.07662423115474205,0.5982934943713608,0.32508227447389715,1.1082199436076807,11,0.1208474503097098,0.10738724933999373,0.19904870610188885,0.014557783731209636,0.053850344691765216,0.31359505944457616,0.09248325421237236,0.05731982409072681,0.17788521744853947,0.2036096476261886,0.03265180546383917,0.046861694507824125,0.08870505331660479,0.048275213995180755,0.0006265898371220491,0.005032080668542158
sparse_full_noisy,1,0.10587199324672912,0.5761197734341881,0.8005733098344415,0.42300984665591396,0.11347409521434984,0.4635160581297362,0.7016169246423194,2,0.09893847024537833,0.1964535840875654,0.004415145112553809,0.012553838819018366,0.1857783483606247,0.07967336979008668,0.4563385128895683,0.07977248467480913,0.0464059001657802,0.24881855586200566,0.05498755642969266,0.06836694371373236,0.04578327688894015,0.11141456089270156,0.018595887661189248,0.023491129260777375
sparse_full_noisy,2,0.1689098482722615,-0.6952061618595106,1.3109501903636382,0.6823436930024486,0.14326450496695045,0.17439180203060098,1.083888842651157,16,0.12552607834227167,0.08579011904035554,0.010129722274071273,0.010366897723928884,0.053118819079702756,0.02254037498254251,0.15327884251573587,0.014151991811245313,0.12552607834227167,0.08579011904035554,0.010129722274071273,0.007158266196755433,0.12552607834227167,0.08579011904035554,0.010129722274071273,0.0066197537950558145
sparse_full_noisy,3,0.06742562480524046,-0.21822912305886563,1.1908870140696013,0.2534552481121269,0.3753989455700235,0.37114580631784966,1.5296733919528496,50,0.09608619383179966,0.04545170329917172,0.8780382359622192,0.01052874928692512,0.23545786299164842,0.09797444201794436,0.3717179544209619,0.11496053383994985,0.23917124049568986,0.07435840884488869,0.11679618178735751,0.0817241408475766,0.012016070096797204,0.21947038711153313,0.02139143492543738,0.01469017127021101
sparse_full_noisy,4,0.14220200870856523,0.034686327780370924,0.9462865717961136,0.5115215705148595,0.3401247206035104,0.14835370888163013,0.8241344761533169,40,0.047369177429415425,0.044707617841433143,0.017439198318587312,0.01260713229194598,0.026481519822116818,0.2492638359073139,0.20174725656680792,0.057833485332968615,0.07034263878128875,0.049730796583209745,0.14292699978707946,0.057568230256141585,0.047369177429415425,0.044707617841433143,0.017439198318587312,0.012607132291945978
sparse_full_noisy,5,0.2112171152517108,-0.5956271469009098,1.1859084824435784,0.5205406117114265,0.29618564821569404,0.18327374007287944,1.5318336971253261,59,0.08608009440600846,0.02342205769487038,0.017037260567981827,0.014908430908455884,0.11449415984014406,0.2044745403955649,0.46095877672841956,0.1441700639759704,0.15598752894550005,0.16984479474269368,0.01062726689589888,0.07516529455811378,0.08608009440600846,0.02342205769487038,0.017037260567981827,0.014908430908455882
sparse_full_noisy,6,0.08823222919098934,0.35967136710986025,0.9105280058115757,0.4216188711174312,0.12441431543245526,0.4539668134501136,0.7199689387010204,0,0.027370008344008993,0.06290373970199996,0.007115620209002027,0.004577994107488793,0.12804594920049758,0.15925893161195653,0.2939605698791665,0.10988542999987527,0.153982698228662,0.08405475163334797,0.3368230060824664,0.10286058124273133,0.10915676518479832,0.1325927238242359,0.012301435280704487,0.009817993006172875
sparse_full_noisy,7,0.16199462389790178,0.5473273755658711,1.0187296770172132,0.4595982123606608,0.2942081870510471,0.2461936005882921,0.7127408167532587,3,0.13735394311595037,0.09107563289829652,0.6832232624017169,0.014769428607728506,0.0866418633576876,0.06326030439932792,0.15061172536488354,0.07608163936047888,0.11486559305675555,0.12675685994284894,0.16871139257806078,0.07286314515886205,0.11325188660144177,0.13783892713632037,0.002850778686534161,0.009153874235347585
sparse_full_noisy,8,0.15393447741083155,0.36337975727428706,0.9564598046010118,0.7392407805513076,0.16459999293301808,0.09615922651567432,1.7445163041640543,48,0.10090341779044731,0.10763791595532186,0.005479359659047445,0.006239845518152359,0.05977155518915992,0.23331759799926335,0.7423938886714294,0.19797878230869484,0.1560432132690103,0.28093938956050407,0.7394709807277984,0.19887587996618372,0.10090341779044731,0.10763791595532186,0.005479359659047445,0.006239845518152358
sparse_full_noisy,9,0.1830204341444241,-0.26843394759460754,1.1897187638999773,0.10770969732315341,0.6074724932267618,0.28481780945008484,0.9479984497873212,31,0.07288784974946289,0.23294075060654965,0.03074209240429948,0.02715450151623438,0.038491181975216636,0.12345971694829098,0.0252098439198144,0.054869534812816145,0.12922843366784223,0.0707680138844456,0.040820182317317655,0.04740701292709729,0.06361138277419671,0.052546031573648344,0.017388449651900006,0.01247103604649073
sparse_full_noisy,10,0.17962777764763377,-0.16034512439790014,0.7848223302117844,0.1363439233633384,0.5073350270687472,0.35632104956791444,1.0036014459557479,52,0.025540888239877175,0.014972100007640618,0.027628457001419804,0.026777296512598362,0.10652070520220858,0.22528898226220875,0.01258993833582156,0.05301246398006535,0.025540888239877175,0.014972100007640618,0.027628457001419804,0.01881617599663464,0.09810196738826686,0.11223931599572905,0.037336729618020925,0.020765851095062533
sparse_full_noisy,11,0.1662747194909585,-0.29408143445559987,1.3971977864038336,0.288472699069224,0.33143995965270784,0.38008734127806815,1.0067060080683283,29,0.10518143332578107,0.09394119398866498,0.04578989301779213,0.018018789332118094,0.13723926263034628,0.3425523605395684,0.015694500448402038,0.024210322565074334,0.13723926263034628,0.3425523605395684,0.015694500448402038,0.006186170570196208,0.0475548953374982,0.0605619721010783,0.033497714361192754,0.011844450063839603
sparse_full_noisy,12,0.13877625779766786,-0.1628027841617212,1.1311920123283499,0.11485214298154733,0.36483646727202146,0.5203113897464312,0.7706401004929333,7,0.11786640524129492,0.10459000072383423,0.03608081651579176,0.023057559757591627,0.11786640524129492,0.10459000072383423,0.03608081651579176,0.02305755975759163,0.11786640524129492,0.10459000072383423,0.03608081651579176,0.02305755975759163,0.11786640524129492,0.10459000072383423,0.03608081651579176,0.023057559757591627
sparse_full_noisy,13,0.09608091072355067,-0.1695006013250394,1.0815011976785052,0.33013992282230603,0.27797989708423365,0.39188018009346026,0.6404895515945751,60,0.025988517496738844,0.12239724817425647,0.9436673970473682,0.01146613414715619,0.1877146859391308,0.044972151641035706,0.945799800868219,0.018270806108074925,0.025988517496738844,0.12239724817425647,0.9436673970473682,0.01146613414715619,0.11683391089374291,0.14875617425929755,0.023290621886626894,0.017609093901037768
sparse_full_noisy,14,0.154680396097206,-0.47949168031564976,0.6141812726735014,0.1381918990370264,0.32888246075264904,0.5329256402103246,0.8217757930985803,51,0.09376149450759347,0.25550971862464816,0.010529007712817395,0.011450204925071632,0.07396592802511712,0.26093239800360185,0.08710289410116656,0.06278556158052125,0.07396592802511712,0.26093239800360185,0.08710289410116656,0.06241686386414959,0.027299749239567284,0.1406576592470812,0.014544948309263672,0.018857487863777948
sparse_full_noisy,15,0.11276710950671086,0.5302176116239047,0.9173668795775144,0.18202331570259153,0.40075994719162444,0.417216737105784,1.677308137021777,59,0.13808906934063245,0.04803598835677669,0.005345910971825463,0.00879734127961162,0.020713956176194936,0.11790049294030307,0.7023608449090876,0.1779438810842278,0.1209192348463961,0.018080822592908375,0.3755926472879503,0.09562570396548481,0.13808906934063245,0.04803598835677669,0.005345910971825463,0.00879734127961162
sparse_full_noisy,16,0.12941041641955522,-0.13626106565804694,1.4033215448472338,0.763260872443626,0.0185563716501683,0.21818275590620576,0.8269177819358643,26,0.042884217779944854,0.14951070384270992,0.019070154557556118,0.024761904475073076,0.08957668392139495,0.22731863642620045,0.14629051177127128,0.06372691168899611,0.016574573917942637,0.2866878217276549,0.19896395078426055,0.06344762440303235,0.018610391789072377,0.05921325075821726,0.010159967292437289,0.01130302646819155
sparse_full_noisy,17,0.06644922497711488,0.33259304663706435,0.6734703565972177,0.31071259726386724,0.39242885339465144,0.2968585493414813,1.674181969270948,63,0.22069967492114348,0.1338288427309605,0.002219743220996495,0.012518431859344408,0.009305968455559005,0.185655213213196,0.00043793628061150613,0.007611043444982178,0.22069967492114348,0.1338288427309605,0.002219743220996495,0.008400681033562037,0.07438202644362896,0.3755104400002735,0.014609065792608344,0.012379307907208795
sparse_full_noisy,18,0.08896634189056728,-0.2335961618574318,0.8503461248984328,0.3113287072512154,0.24779335955505233,0.44087793319373225,1.1664551176117197,40,0.028215234548709483,0.0796673910653287,0.3193464384370862,0.010190128846084346,0.06425994754156165,0.10591006636719719,0.20553900256118351,0.04715415147711067,0.1756997454148311,0.09376559145547457,0.1008749710340231,0.029342371245511225,0.18350562629251263,0.1299765433360692,0.017599374703522352,0.014220502600280372
sparse_full_noisy,19,0.21940045959274831,-0.5906624384677259,1.0853383020242526,0.5143646917669542,0.05654139732231961,0.4290939109107262,0.8045672465292704,4,0.1785754210828199,0.10196893247901266,0.46212877908924566,0.014328538803927787,0.20600441647002588,0.24192174122522483,0.18644426109065593,0.08710267229785264,0.1785754210828199,0.10196893247901266,0.46212877908924566,0.014328538803927789,0.059154626329467073,0.1105331758740838,0.030569296141182756,0.021788013333570753
sparse_full_noisy,20,0.17564254413284858,0.02294049571801757,1.4032170172323049,0.3553185044378191,0.25474028925852105,0.38994120630365986,1.1830617449808827,41,0.18585345471149375,0.16548873789876506,0.008744382010297258,0.015797898788854056,0.15294645085369843,0.3266333306828275,0.1920502373609564,0.059725656854362257,0.22788188425367484,0.024991205484845107,0.1780164215446267,0.05960895967042061,0.0306958387809035,0.09601872540935429,0.034206002072685315,0.009132438530416504
sparse_full_noisy,21,0.21953094467843154,-0.12103767061752914,1.19944511226789,0.3645811047242773,0.19058286030328422,0.4448360349724385,0.9458520409816665,15,0.03822637692337255,0.24493919392783745,0.05054860172133868,0.014784554930430842,0.07732282283031156,0.10903133393457587,0.08537786197550112,0.025622853607296638,0.07732282283031156,0.10903133393457587,0.08537786197550112,0.017808623072393438,0.02533931754955963,0.07101315827156,0.02859568359864484,0.024305621820520627
sparse_full_noisy,22,0.14946008389588208,0.050769670936197525,0.8227686404486041,0.6967015753918749,0.23910503711635697,0.06419338749176809,0.7793685227660554,31,0.05420356465021855,0.16621121562128008,0.011870197316592779,0.006165941859618795,0.13772147587238223,0.2525799194542157,0.22567680067020057,0.09062841108395381,0.07371440762816577,0.10727482482909008,0.18769295317434098,0.07762236430886307,0.05420356465021855,0.16621121562128008,0.011870197316592779,0.006165941859618795
sparse_full_noisy,23,0.20796357658325482,-0.3981672880578305,1.0052398265348184,0.24512333476151935,0.27533099957651813,0.4795456656619625,0.6691772827880481,44,0.04822384075639372,0.29006255303438083,0.012426220599354831,0.015318413335327961,0.025470450553233114,0.17386049752284016,0.5115658611105421,0.08507817069387512,0.07535919376590702,0.24424103039702816,0.028024496741717475,0.05805354122479914,0.030823336878786894,0.10214365745598726,0.009938794864897904,0.011312864863373937
sparse_full_noisy,24,0.161495250292211,0.5816801097180606,1.1974700492296868,0.2901689986949825,0.1902498661712577,0.5195811351337598,1.4110773379540194,61,0.037599964580791935,0.15289370292538337,0.6967146817275818,0.013018728602812009,0.06797517715911544,0.008887195517200954,0.2531219004221317,0.1175025064991996,0.05910875168732144,0.05322142130323909,0.22925415763892154,0.10359074453571487,0.03739276481001556,0.09689264880388049,0.039222477255069554,0.019186275411842816
sparse_full_noisy,25,0.09518328691884416,-0.5582770876061843,0.7833813844640738,0.4090998262357429,0.4458819085441663,0.14501826522009076,0.7885181340824712,8,0.04872656152910224,0.03782076136736882,0.47287184953440353,0.011714067151855153,0.05633654305675249,0.17252677267728167,0.2165271893537848,0.0805545662156501,0.019408740578562452,0.2662577279452627,0.2024933735374551,0.08320138853058327,0.042604888740297366,0.21982769230618207,0.014768407587082866,0.01777817961959293
sparse_full_noisy,26,0.06118814816987994,0.5290636857605858,0.9261713402006309,0.37856674640272236,0.42359910635261017,0.19783414724466747,1.457370960468508,17,0.03242811629161491,0.12331526846071295,0.061406881313532224,0.02175484318974824,0.13539931866435714,0.22146523933823067,0.25960645320275866,0.07560957249103979,0.13539931866435714,0.22146523933823067,0.25960645320275866,0.07560957249103979,0.03242811629161491,0.12331526846071295,0.061406881313532224,0.02175484318974824
sparse_full_noisy,27,0.09892281690058613,0.0922909173057006,1.3584987787577352,0.21556805126539638,0.14894929162549206,0.6354826571091116,1.0607240076884557,55,0.029721556939174543,0.374483428734864,0.09366253174805927,0.01835153843209997,0.04337242825507895,0.2634111062758548,0.08577671557576616,0.01701251964956705,0.03361476576380826,0.27765804372131214,0.10441280903966033,0.01277051671401427,0.15302816839845418,0.07509993980370407,0.04498731829314728,0.014636162186854521
sparse_full_noisy,28,0.06282650143066627,0.3021094214694268,0.8428418263959856,0.2627407473288703,0.16697493122596518,0.5702843214451645,0.9516937248855428,39,0.1006989124355231,0.1383020396487606,0.009222390164993377,0.01349793609824662,0.06864108313095789,0.3883518354221267,0.039317782734383466,0.02332616460077748,0.007612444443955493,0.11098393147276751,0.05335159855071314,0.01989605522601575,0.016589942987233746,0.09195798166650404,0.024888150608188386,0.01005906473956888
sparse_full_noisy,29,0.10138329525177933,-0.25313788486908917,1.1362452068918787,0.3159095017532978,0.1233220542826161,0.5607684439640861,1.5623181100920531,48,0.09212505287092261,0.1914855154566856,0.929780711829198,0.008740638426861146,0.034122300112074004,0.2136016308458378,0.5873708179793636,0.1500968680016195,0.035657022129997135,0.16346026792680102,0.5734994779874143,0.16340392486232486,0.056527176694215364,0.047368631560889884,0.0154399786773185,0.01447940545092007
sparse_full_noisy,30,0.07052810023081074,0.6409860802871905,0.8796430197724849,0.2675360115982099,0.34363185702836363,0.3888321313734264,1.5405745229899943,56,0.038765913697243255,0.03261168927687411,0.0069579865401505625,0.004619342398996554,0.15074844086886272,0.1987071254291312,0.8433727434602287,0.04825961048895231,0.15074844086886272,0.1987071254291312,0.8433727434602287,0.04825961048895231,0.005211787659579294,0.05750574007432641,0.004817843515582787,0.009525340256525494
sparse_full_noisy,31,0.1488420404333667,0.08717474907852815,0.5691750145121848,0.386647674730498,0.4889648386338883,0.12438748663561372,1.3377424885330387,11,0.06440661161164833,0.04298614239743145,0.007778335467576225,0.0030489585689916486,0.058487109114312395,0.033753315085865467,0.3706810125926423,0.11024093551982031,0.09669341730005065,0.13087064359777964,0.1685035614669228,0.04712946298502428,0.06440661161164833,0.04298614239743145,0.007778335467576225,0.0030489585689916486
sparse_full_noisy,32,0.16941330322044967,0.4572408161856494,1.4165142220530067,0.39054258571907285,0.3313066420099636,0.2781507722709635,0.7802149168642457,20,0.2034065938534675,0.16437282628556824,0.01758185998161066,0.02034053989499905,0.12610784638980918,0.04701032282930765,0.22190749862837922,0.08498204296430646,0.1474440710696831,0.3031506098286583,0.21079659075568058,0.08312856740554295,0.09863464214377853,0.3268684059341096,0.0011366731411179831,0.006081549268564691
sparse_full_noisy,33,0.20409636416985705,0.011450805785816897,1.4227267596797635,0.1133767382749496,0.16033403838924276,0.7262892233358077,0.9625012453730477,50,0.21437346167529828,0.29755488262028723,0.08683346360872135,0.010288440034927434,0.20675959154681467,0.4566229747152118,0.02851026224687858,0.03312411911820594,0.2816950249467911,0.21498719939986297,0.04254407806320826,0.02675013094744837,0.27180268448076456,0.10638542643699668,0.008884790591426328,0.019268984406923935
sparse_full_noisy,34,0.09958921521440799,0.4670192938787017,0.9454294220607469,0.2375600504104687,0.4251346381680656,0.3373053114214657,1.3282332196702133,41,0.07715958932878966,0.05696421306307001,0.0006290046060593024,0.007671811886497875,0.0520298511913572,0.09694671796843386,0.18915404593992724,0.05538389029424027,0.10359283981945171,0.301623562437992,0.10793381504892974,0.03631693489254405,0.07715958932878966,0.05696421306307001,0.0006290046060593024,0.007671811886497875
sparse_full_noisy,35,0.06562147185545365,-0.4291368836606995,1.0324535103301633,0.16731291119161396,0.5205453740693724,0.31214171473901364,1.5302743476564316,40,0.05824504738679825,0.0903708854527651,0.005056482818397212,0.0012969398163878115,0.16390041450154258,0.07594584561312234,0.09655358736809849,0.03591949082832007,0.16390041450154258,0.07594584561312234,0.09655358736809849,0.03591949082832007,0.05824504738679825,0.0903708854527651,0.005056482818397212,0.0012969398163878115
sparse_full_noisy,36,0.07289347377948235,0.6541515159968401,1.1827410480292053,0.16644514250874745,0.5761969474504353,0.2573579100408173,0.6179029010919515,47,0.008773763756647276,0.19765868177743787,1.0003959750903761,0.00846868787689,0.17608151711419504,0.08381680119690027,0.8193399409923361,0.06058387830110715,0.2080426083901056,0.08774042396367432,0.8874383137729347,0.04034602279016256,0.11377947092114808,0.23918503297038227,0.015227602228808368,0.02334506693298896
sparse_full_noisy,37,0.10668258645735937,0.4459544940014352,0.7621808946540228,0.2735625394786734,0.3253656425424528,0.4010718179788738,1.2805946526437864,25,0.029747774256058488,0.1638098102776152,0.005833654495428275,0.0065728795848495865,0.05831526388651753,0.16127735805327473,0.1789148105000551,0.07016801615755494,0.0313125326622812,0.08961538263213113,0.3934726465530428,0.049380739534469684,0.05410366052110475,0.22126311221133008,0.017673162618335736,0.008574978967067728
sparse_full_noisy,38,0.19084375867896256,-0.3517602742706509,1.089190114725823,0.09566616191652133,0.42640186200608726,0.4779319760773914,1.6623099938043089,62,0.015266653319509068,0.08491110630880343,0.031954469839827526,0.013678648283929758,0.04928405067380156,0.2670031546644727,0.6659093511013037,0.18308164814362474,0.11659618491657246,0.15837731892137466,0.6873627016916194,0.1874461037523169,0.015266653319509068,0.08491110630880343,0.031954469839827526,0.013678648283929758
sparse_full_noisy,39,0.11744409171240869,0.1510459067285831,0.9474328004673117,0.12869996649095264,0.45860822899470954,0.41269180451433785,1.287190890660558,23,0.030048695911577505,0.21739837373806647,0.4799600458712414,0.016996124733500727,0.07749041574527665,0.25136590037607726,0.06689148603927442,0.026252820559616228,0.04247084266137002,0.188518839499607,0.4902380310057599,0.012335388756724837,0.08786102947936021,0.17363386666810698,0.02580090704368332,0.008143577964192067
sparse_partial_high_noise,0,0.18380484215445722,0.20198390643465183,1.3468971440695963,0.07261033963567898,0.4646047991262643,0.46278486123805673,1.736156775554657,22,0.0574139391418989,0.22846230692472325,0.24458155770077283,0.07130706519652402,0.032334687182331824,0.01788672612457147,0.30103519599078,0.11343161338063992,0.06429391034401614,0.09082042616042203,0.2541577509430253,0.09513504743042295,0.037047694392498894,0.26837302078237674,0.16343002326972567,0.0477769426658456
sparse_partial_high_noise,1,0.10278761052993653,0.02841723869413466,1.2989718264861696,0.3763689004144556,0.3363491930933501,0.2872819064921943,1.026178618761101,55,0.08269477298699068,0.10525709012500346,0.13536424740607067,0.0632229466708031,0.023962893478060538,0.053097745643461515,0.02405620326847613,0.01643090711900246,0.1439535844198556,0.038994002768863945,0.052970325053965484,0.01237568947968291,0.04142199832071589,0.11790954818812953,0.05650725233141363,0.030287047908131977
sparse_partial_high_noise,2,0.2071985041909233,0.06765266423140825,1.3455156426017427,0.14728494179610596,0.419192710014349,0.43352234818954505,0.6267256702741086,21,0.09148261373783555,0.15054415851650377,1.158550401690425,0.05628219481707682,0.044999922547220884,0.08910896995594969,0.34648262343302694,0.16507257178375423,0.27883325939829523,0.08738329183821957,0.37831965316214733,0.1653400738933837,0.10699208464052633,0.1418020964796284,0.005811727988746518,0.02756962510495868
sparse_partial_high_noise,3,0.11829126854976357,0.4008879007756663,0.8208514290650932,0.4678913424200868,0.13509023949305488,0.39701841808685834,1.4261448350997556,44,0.0708432781903852,0.07344966793600995,0.05132065363173588,0.02525934384236605,0.023195953996628924,0.11856717965764736,0.6782275524672599,0.03022064013106031,0.023195953996628924,0.11856717965764736,0.6782275524672599,0.03022064013106031,0.0708432781903852,0.07344966793600995,0.05132065363173588,0.025259343842366045
sparse_partial_high_noise,4,0.10111782292559308,0.15617943532629242,1.3170116375707832,0.3723524850490889,0.06727920031197179,0.5603683146389393,1.3917618174689617,32,0.12334730020618778,0.11070391885295279,0.06684768588461609,0.06771953367335894,0.21618960402850226,0.2013494147501503,0.09527457223162394,0.030723152808990635,0.024883719214159068,0.17598273189883695,0.671549005165453,0.004764564992148637,0.06894091945711406,0.10649871389170133,0.006736982313989559,0.015417972517667553
sparse_partial_high_noise,5,0.2028317415144783,-0.6824380719725114,1.0630144447842267,0.3198394850997351,0.29886458073446587,0.3812959341657991,1.3750624071037576,19,0.054899376660629585,0.10092799445778693,0.7111393368163781,0.04178084678972162,0.05515038863479347,0.06829562180306015,0.401854113396622,0.11053711770121237,0.17885919724539825,0.3502860102415502,0.3840508994838313,0.1129887884912879,0.2312398637980401,0.24798811573917298,0.015964051912661148,0.016303621625679585
sparse_partial_high_noise,6,0.10789677464368207,-0.3549263584569273,0.8433439175455957,0.34955531357169445,0.1152633105507309,0.5351813758775746,1.2616291462395153,34,0.13021597604954915,0.06929177370218625,0.41214994235895663,0.05313044372379737,0.05044895511082794,0.1883332021837801,0.30531794759071995,0.06858143484203454,0.18514231509938592,0.1887697269400864,0.39752758412745703,0.034952795263573866,0.03136918175356189,0.19224881076124703,0.09016624493194425,0.05125510983551549
sparse_partial_high_noise,7,0.07271408217824384,-0.3636400545535085,1.0907469699490122,0.039601371935997824,0.38986987867139056,0.5705287493926117,1.6142233385751423,19,0.24542724035845062,0.19793779875259943,0.05803482122873915,0.01264732987696782,0.24811857360792078,0.2728106858545975,1.0041205951369063,0.08172471694452892,0.24811857360792078,0.2728106858545975,1.0041205951369063,0.08172471694452892,0.24542724035845062,0.19793779875259943,0.05803482122873915,0.01264732987696782
sparse_partial_high_noise,8,0.18955845584459494,-0.6105607750029955,1.045925956408443,0.38292542632676246,0.2010187115295734,0.4160558621436641,1.3819533401794322,19,0.06534860541282152,0.07624831222374451,0.14135197554448964,0.06736333911308125,0.18736034504219878,0.03161459803752876,0.014010738975543502,0.009735617727587461,0.18736034504219878,0.03161459803752876,0.014010738975543502,0.009735617727587461,0.09583334574006423,0.03774507520097301,0.060657576428184035,0.02837607413581321
sparse_partial_high_noise,9,0.14841259377017926,0.5804742331540282,1.0480358272894439,0.38492735573987474,0.30136360945051366,0.31370903480961165,0.9126484341034473,20,0.0958292475617788,0.2344620327833832,0.24737349432304145,0.027233014207857755,0.0824614456966956,0.12192284162829292,0.03319121594191843,0.0494606886393555,0.09360783899072256,0.15996768053519742,0.05441304183694906,0.026582850964652033,0.10984945009478607,0.13411281735662475,0.06307287024305364,0.029990206659637586
sparse_partial_high_noise,10,0.14614642045598658,0.23659574604132716,0.7625044010131942,0.08583244826798699,0.5290317454744337,0.38513580625757937,1.4563326609522116,16,0.05163427671349296,0.1337717237258683,0.0256663636594201,0.07608685355019688,0.06577043817471756,0.2075855281671759,0.4892711850118152,0.12593553951917674,0.06577043817471756,0.2075855281671759,0.4892711850118152,0.1263592610644105,0.0396166956589136,0.0628055170610175,0.06697265477171022,0.01757822784512119
sparse_partial_high_noise,11,0.16703746114252851,0.18117197905150428,1.0231508584003601,0.5995022661872189,0.3059926828967105,0.09450505091607059,0.7371094710067987,57,0.06638990365724232,0.09395644071799941,0.6676550470471883,0.06612374137942617,0.10540820790372606,0.16384415618322765,0.2539020366131276,0.11394758868329115,0.05899795651337366,0.43575167726573144,0.2786272183885097,0.11347606818739528,0.032145765464028635,0.07768060671143934,0.0399076914770331,0.022899941147236712
sparse_partial_high_noise,12,0.0821099633772082,0.04215036749227987,0.796166857037035,0.3849343611995058,0.24456326882310042,0.37050236997739383,0.7877678419066718,60,0.07708230744172768,0.116219222402883,0.03985055927417602,0.027952879472821855,0.19381986663311732,0.1094033665246943,0.39297530199191844,0.051823846081033395,0.08661697032730416,0.18680943042711076,0.03116336083465976,0.04565457712421113,0.11876275738642716,0.21814178499341033,0.023478943479091074,0.02336837917734022
sparse_partial_high_noise,13,0.16009817638330917,0.18058764680267736,1.188713926505337,0.4602681680315781,0.42727438636447473,0.11245744560394716,0.8482404580709927,61,0.039051797828618645,0.11980952666955691,0.5191241967373167,0.07235908800699781,0.020093981670058842,0.451522139649671,0.3720589465502909,0.020210434148335718,0.020093981670058842,0.451522139649671,0.3720589465502909,0.02605957881630708,0.061423694978947084,0.23383623532853917,0.036993672685229795,0.027425215916710828
sparse_partial_high_noise,14,0.21943314756656537,0.17024326478057922,0.9347739927642311,0.34813812404548744,0.3443230270882677,0.30753884886624483,0.9137765774041268,38,0.16318070204131283,0.10748102770816376,0.07504205470051206,0.05261787482080248,0.18134076433098079,0.33142025094438193,0.07723493021579952,0.036471666664329244,0.25627619773095717,0.06417971691317892,0.0912687460321292,0.03228053027385469,0.17292202651703906,0.10517108006300635,0.127161598169642,0.054628561259054895
sparse_partial_high_noise,15,0.15746937536204253,0.17952838645951164,1.036936841321961,0.3721037582649696,0.3972704689479439,0.23062577278708657,1.7736538676463465,10,0.01451411939534399,0.18509608071501238,0.05401472601277324,0.0636935687026233,0.11270556552309378,0.049091228660371876,1.1635511242081105,0.07882207618152465,0.11270556552309378,0.049091228660371876,1.1635511242081105,0.07882207618152465,0.15237682460352053,0.050988453646384956,0.043883891416719445,0.011548290477283278
sparse_partial_high_noise,16,0.11771888221326723,0.05332729975213557,1.1951370941679582,0.2747552120275168,0.38905478010978917,0.3361900078626941,1.7526958885595212,23,0.09637212011413769,0.06545773705482566,0.02292591232989416,0.008827676152623776,0.034891971880684505,0.3041424802348475,0.7616843809395949,0.19698268596007104,0.12951419253641522,0.27462837263464907,0.7369591991642128,0.19391711925655233,0.09637212011413769,0.06545773705482566,0.02292591232989416,0.008827676152623776
sparse_partial_high_noise,17,0.08479364704140684,0.3190792662408289,0.9916478914659584,0.4053964258579749,0.13695300526753654,0.4576505688744885,0.9112292063706863,30,0.20467544696924214,0.10453021885250134,0.27059397394441154,0.0675733452171104,0.022126742529556095,0.17223642896875688,0.22784996735959984,0.02300967222250375,0.022126742529556095,0.17223642896875688,0.22784996735959984,0.02300967222250375,0.21548706016770655,0.13708252227136233,0.04712764425862803,0.022444141122188975
sparse_partial_high_noise,18,0.15579181678849,-0.10161961128221442,1.04995084655029,0.7565925768394915,0.09549602986072003,0.14791139329978842,1.1792730149387787,46,0.10187530834049846,0.0439245324609403,0.019251086512289906,0.04551076311689176,0.08872553461368225,0.05911728241504588,0.18826150731885238,0.06047155907056126,0.16366096801365868,0.2925072537526267,0.1742276915025227,0.0592071194079773,0.04446887762354016,0.22721863276064166,0.06592134216890222,0.020488350254746664
sparse_partial_high_noise,19,0.2091922385713905,-0.3030211738855241,1.1133021103869432,0.596794343356936,0.3331512962583976,0.07005436038466634,0.6995295608348275,2,0.10693585523384715,0.010871830299758689,0.9389915529054293,0.09888621662128787,0.19558366258815937,0.23733434564658853,0.010360477231897036,0.05295659044679805,0.19558366258815937,0.23733434564658853,0.010360477231897036,0.05295659044679805,0.0790227019719325,0.2372200461456143,0.045321115929901956,0.03987553464602646
sparse_partial_high_noise,20,0.06549605254357088,0.6857811033328143,0.5629711124965311,0.6185050901645138,0.2036382613257663,0.17785664850971988,0.9134374998351237,41,0.14079139341558625,0.14582238396581723,0.19991417293475278,0.03179568189065327,0.2282811807780546,0.13081478157345902,0.059770793872011896,0.02759426645368439,0.02379503612472192,0.2004489293026416,0.09160782360113229,0.03760923532068364,0.1007538515029629,0.17390557210423666,0.027815408320555735,0.030363222791953855
sparse_partial_high_noise,21,0.06332521058472912,-0.06699193518380125,1.2424469271952479,0.23965255658796092,0.48798193895385844,0.27236550445818064,1.54271863076121,33,0.2204010547313948,0.2618005210478664,0.028836830749567666,0.08286284304729576,0.10175816472949369,0.12138485341430198,0.7861141496891979,0.07800909586295586,0.10175816472949369,0.12138485341430198,0.7861141496891979,0.07800909586295586,0.21085083417672804,0.14958212716514074,0.03983786627247321,0.013611017573766487
sparse_partial_high_noise,22,0.07846418421622157,0.3692722412125502,0.8830669747554732,0.0635363949770789,0.7635366118052431,0.17292699321767802,1.1696684803861517,56,0.07398875025617167,0.27059325319805616,0.28404638887158373,0.026474871214590065,0.14025726809839845,0.1528547174688549,0.2788541090311213,0.03941036320372761,0.14025726809839845,0.1528547174688549,0.2788541090311213,0.03962978772209407,0.11433819773812302,0.1497120681659935,0.062075126615593,0.031993605557844196
sparse_partial_high_noise,23,0.09938283816901106,0.01733946278757432,1.4034091141524354,0.34702725879017293,0.24381562457384925,0.4091571166359778,0.8107453601771523,33,0.01710802390406178,0.15503617255517946,0.4582788407012569,0.038312005114783526,0.15245022404906797,0.1471895729280941,0.13509428986821348,0.0833843281949578,0.03223793957004525,0.2235997350861082,0.1563161157632441,0.07115032608623408,0.07428280206803435,0.10963822453158632,0.007458818507598219,0.01248530138520204
sparse_partial_high_noise,24,0.2143980405565941,-0.1314458602094241,0.5506687226124437,0.35981338809180063,0.3616463790551589,0.27854023285304047,0.6620786266148102,10,0.05202429299740243,0.0427712167305034,0.005443588759501572,0.04205466021541114,0.09566954418750422,0.1802724918614705,0.2942325720339851,0.12765327039633315,0.16760135850415672,0.14963346847976863,0.18749693724558347,0.08689244537360916,0.06574286324714067,0.03950189296626111,0.01703745103813581,0.015134862795178686
sparse_partial_high_noise,25,0.07756118839171218,0.673450995081252,0.7022951492420881,0.6165639397304549,0.19389383589981113,0.189542224369734,0.7692741428225746,54,0.13423406556142028,0.08874610473891566,0.7540311729013472,0.09248916384110692,0.047273308334374646,0.15246970715440367,0.22173736479735173,0.09399994008038938,0.03400877898623517,0.19915482901326897,0.2357711806136814,0.09374431277040184,0.046697206932120955,0.10685132490943827,0.03271397822451172,0.019595734292334254
sparse_partial_high_noise,26,0.1750028685994145,0.42939529983806457,0.6883841844292897,0.26138454022834023,0.15276060437259353,0.5858548553990662,0.8643154824492142,29,0.12262028642202161,0.2907425028177202,0.014739918588820511,0.02454109507480945,0.06344759328889978,0.19066397476229713,0.10889281125792138,0.04904826219707061,0.09545031016219817,0.38925597348914676,0.1266960251707121,0.049285810437198464,0.09128453280821625,0.22255204662108077,0.00021392033715594838,0.016238374651093148
sparse_partial_high_noise,27,0.1952446531130477,-0.23563753524647107,0.7143693592591127,0.42162043061610804,0.39278967770145296,0.18558989168243906,0.8616312240880706,5,0.10136173432731017,0.11135124050017971,0.04080876886951734,0.032798017425635866,0.08944481935068788,0.08322176521412546,0.11331606802461891,0.04211551667795693,0.18886487305532254,0.06526930932123465,0.03182942077690665,0.010856435671765167,0.08298985085944001,0.21460422195396575,0.040206758006752,0.039388076375113046
sparse_partial_high_noise,28,0.13718115367802242,-0.5831210201974479,1.1107605008007582,0.40724500037065486,0.3239768011474259,0.2687781984819192,1.2399239480456152,43,0.06778156410470457,0.24086266858875457,0.07068502097949936,0.027241106563100935,0.09587016111770814,0.16255654468992545,0.2940842980002495,0.09290254442064542,0.07914129490956678,0.13001378965006913,0.27286247210521886,0.07903493836592744,0.06778156410470457,0.24086266858875457,0.07068502097949936,0.027241106563100935
sparse_partial_high_noise,29,0.14851173916012253,-0.4789797558684046,0.6701810951180082,0.40754834518107336,0.2474996545132524,0.3449520003056743,0.7324557420385208,11,0.11179446151168888,0.08102664786933532,0.046115551874749694,0.05215544715423163,0.12043593014330023,0.1696408445219628,0.449367438276577,0.06516214180280408,0.08479839214564322,0.19429986614917205,0.49010290696191994,0.056003939591631184,0.0922095257729339,0.07912096067109332,0.019602423546502434,0.027078852694216553
sparse_partial_high_noise,30,0.2128680151525921,-0.5862483822970742,0.5519234685579658,0.30924300855067477,0.2979269641687845,0.39283002728054073,0.7595749506149101,50,0.047547547032997926,0.185180083577682,0.4129882088897865,0.055337051485493664,0.047547547032997926,0.185180083577682,0.4129882088897865,0.05691673373236817,0.047547547032997926,0.185180083577682,0.4129882088897865,0.05691673373236817,0.07208077390615092,0.017459880067657214,0.047145966393814964,0.030532036215996875
sparse_partial_high_noise,31,0.15801908392533806,-0.10427606847871497,0.603649047159218,0.6214454402132691,0.25834106460996736,0.12021349517676355,0.9660512630776834,34,0.04270247198738253,0.26802397837722497,0.05983046964244143,0.05596917001692528,0.03920364665399865,0.3817611437941899,0.047878245502503525,0.029274351421445174,0.03920364665399865,0.3817611437941899,0.047878245502503525,0.02239063621534503,0.04270247198738253,0.26802397837722497,0.05983046964244143,0.04761780155179658
sparse_partial_high_noise,32,0.2121054960148518,0.6812829769069206,0.8320844103923917,0.3216790980171861,0.30512787414770814,0.3731930278351058,0.9456939737495096,17,0.2003860339912896,0.1108226557152127,0.006470360499298833,0.015755870026269735,0.0714220352353481,0.07810336243774475,0.027514319957625988,0.038356146038687255,0.17110754318877527,0.34905960162991617,0.045317533870416704,0.02702075027206124,0.13152991852392268,0.11811564836580017,0.03652273624371771,0.017055684915868008
sparse_partial_high_noise,33,0.1679942603227167,-0.1232747108258215,0.609189340205965,0.07447516254209297,0.6648499704923727,0.2606748669655343,0.8558616602063931,53,0.15205663758228039,0.004063497864012684,0.4406255850309446,0.09015713417186134,0.11882537443771364,0.04732862989310661,0.07474833992902807,0.03095449260925657,0.14105840303767705,0.20852357305689648,0.037598984658584134,0.019483215637528813,0.1045806439403129,0.12645810300707283,0.006286096345999415,0.0071643821746281075
sparse_partial_high_noise,34,0.19977469177742985,-0.35148645506529075,0.5877629271116193,0.4070602382034319,0.10805482047261997,0.4848849413239482,1.635450073005221,9,0.1025409515147706,0.19977462231209395,0.9921647571811211,0.025300139915185416,0.1236816176177291,0.29213884150575237,0.6444385653852948,0.17480804010738105,0.19861705101770552,0.11353670605387693,0.6304047495689651,0.17556753450610663,0.09562702937036532,0.052457385545200415,0.15345104839358936,0.040825203542590616
sparse_partial_high_noise,35,0.17310772539600808,0.5613338591629217,1.3148313731226269,0.43830727306849226,0.36321422408975795,0.19847850284174978,1.1463864056975834,43,0.010920497091273998,0.2385660360216222,0.03435673820100682,0.051711865595579776,0.17274792852174747,0.05916170631263653,0.2534308472829657,0.016424604716728443,0.17274792852174747,0.05916170631263653,0.2534308472829657,0.016424604716728443,0.15295765778947368,0.05721096946832618,0.009184254283947535,0.010789737492639786
sparse_partial_high_noise,36,0.1415822015402379,-0.14494996199225496,1.0315196357756198,0.24700201864587332,0.2735157166105569,0.47948226474356975,1.0974549407689633,19,0.08401913163072183,0.10069270559403794,0.020959258510317547,0.014593386420473255,0.06442522060034693,0.38116852256766903,0.10644343314903704,0.05038873401789155,0.09998094381675278,0.1791002013807319,0.08171825137365496,0.052479940184221106,0.03632068492502075,0.14357034416474138,0.004224901374767942,0.023970953750984014
sparse_partial_high_noise,37,0.1445083678312564,-0.1259785498378773,0.9802289692046713,0.2833533287976176,0.2621919917504313,0.45445467945195117,0.8581484513949128,32,0.02832196558825012,0.16159198234236452,0.3319081464526107,0.04856794482024278,0.04023451344039174,0.1427257878377478,0.11679884071777669,0.05321360641288895,0.09882021091427162,0.195785258241811,0.15758823800039556,0.05262844592947279,0.02338325284213652,0.10378113035357218,0.01852787329429284,0.013868381991179159
sparse_partial_high_noise,38,0.0660651237649964,-0.4888568582392082,1.365227092191593,0.4616082503771387,0.1690625187488041,0.3693292308740572,1.7712805632900583,48,0.009312123212399387,0.2261259304825273,0.005800385858255597,0.01468492855706602,0.1841550408586156,0.09461230010524525,0.14092503932557698,0.0830076075650422,0.1841550408586156,0.09461230010524525,0.14092503932557698,0.0830076075650422,0.020661506469199297,0.14850646900652625,0.02953509315262126,0.013668761193083715
sparse_partial_high_noise,39,0.08037333161121392,-0.007975736760795703,1.1842984902860394,0.10902671462947407,0.4159487174416289,0.47502456792889697,0.9794914674151742,29,0.07151099181628218,0.07961192454739889,0.09236946132443069,0.04550201338452669,0.1881865038213848,0.11677711644885098,0.0062831737080386585,0.029595188503079756,0.030197633740531835,0.2862131886802876,0.011520040204752058,0.020445420544947895,0.21218468022133755,0.07557878499685461,0.024337932494895576,0.019018670855178027
