condition,trial,true_rho,true_t,true_h,true_w1,true_w2,true_w3,pred_rho,pred_t,pred_h,pred_w1,pred_w2,pred_w3,equal_pred_rho,equal_pred_t,equal_pred_h,geometry_mae,weight_mae,weighted_fit_rmse,equal_weight_baseline_fit_rmse,weighted_fit_improvement_factor
full_clean,0,0.12404299613835927,0.6548448394158368,1.3701729460310121,0.4008171232372844,0.28851565587328465,0.310667220889431,0.12226927276859147,0.44213546906685863,1.2017458119599644,0.41727764457715283,0.3531460112771913,0.2295763441456558,0.0750664121537911,0.6656096834173434,1.294648533236646,0.01793207685283631,0.054060584495850085,0.001799624892923983,0.0013085854795674922,0.7271434645701844
full_clean,1,0.08243253553257489,-0.5353967694714966,1.3500833451137133,0.3265162655786999,0.19953404947706532,0.47394968494423473,0.15915648015454992,0.2585213153013714,0.6116970591546228,0.18367436596258624,0.4287514721259325,0.38757416191148125,0.1714906199752382,-0.03825622612685033,0.7427876624870742,0.0809695759290742,0.06815680436482173,0.0018798890499396633,0.004235772459547455,2.2532034322362833
full_clean,2,0.2179792358929769,0.10853153473355001,0.9082974926942929,0.09980451780810147,0.5124484610650432,0.38774702112685533,0.17275395663547777,-0.37250957943010315,0.8918093272657547,0.09253546751596717,0.5486931623771032,0.3587713701069296,0.2087532626839395,0.5957829503434754,1.2295946261161328,0.0732694719960012,0.02416313420804002,0.007777554787359435,0.041249397302501156,5.303645995466626
full_clean,3,0.2046554762498537,0.5857684104447208,0.7215416316353029,0.22485968852680607,0.13728353286501094,0.637856778608183,0.15053853151027866,0.5882110617285703,1.241472922969562,0.400829052951723,0.17243132291317814,0.42673962413509886,0.20049632174913917,0.5535149317932143,0.6783981610296312,0.06265091417531947,0.14074476964872276,0.004388243207032623,0.003109629454318467,0.7086274182194272
full_clean,4,0.1703614719524184,0.4960772947314652,0.563571765154204,0.048695031978561884,0.4788031634719251,0.47250180454951307,0.1555866542669342,-0.10499399274905212,1.1187735133082182,0.05609336179110185,0.22929100959562645,0.7146156286132718,0.19655482239655236,-0.33025694382270976,0.936944171228365,0.06495192708440813,0.16634143591753245,0.0014853833838156677,0.003861556676428139,2.5997036983869672
full_clean,5,0.06636823768339316,-0.5423089744792815,0.7398238879319663,0.360575788404879,0.14643279093025913,0.49299142066486185,0.06964700713479001,0.43431264096532,0.6292994401928749,0.11208911535186238,0.4571066741389235,0.43080421050921414,0.0945998025343647,-0.018273913419943777,0.939241713936536,0.004064727349909797,0.0643539238226963,0.0010290741166128444,0.0012178179094851855,1.183411272157523
full_clean,6,0.07811575906228292,0.6459980383790196,0.9175736376600994,0.025003766455523227,0.5080260301500868,0.4669702033943899,0.08354426821429067,-0.5236561395128152,1.361664509541,0.049581403093851624,0.7366204049149495,0.21379819199119887,0.06823114673748548,0.522729240506221,1.4338981849649084,0.04381224558055413,0.16878134093546068,0.007399510599814445,0.012825214801038806,1.7332517641586214
full_clean,7,0.20437455700656018,0.3767308254129281,1.0457708799860255,0.1897725933927871,0.5935650474430941,0.2166623591641188,0.18363394820040546,-0.5528983840117733,0.8862468771159189,0.1324034952788745,0.6322080316088629,0.23538847311226263,0.19957149104447017,0.6767835695891308,0.9290951560315296,0.0973552301393989,0.038246065409275054,0.005221182678750222,0.029403369218057578,5.631553429020371
full_clean,8,0.16198815305127404,-0.42358118931848326,1.0283601009669139,0.40166617318794884,0.12543791098168422,0.47289591583036694,0.18895945815233675,-0.4985988779755093,0.849278624128125,0.43259796273179985,0.11768167642405807,0.4497203608441421,0.21623277762055287,0.05567791289911849,0.6670626572797924,0.0331858446491457,0.02062119302923401,0.0007311339127710376,0.0058290768680079,7.972652842644624
full_clean,9,0.07800472559695952,0.5138451750913811,0.6154362988627982,0.46975367794148626,0.31518507502568266,0.21506124703283108,0.06350804425877435,0.4888429342462709,1.3403324914600692,0.34313507773652535,0.33648159169689684,0.32038333056657775,0.06823114673748548,0.522729240506221,1.4338981849649084,0.019721630810349982,0.08441240013664059,0.001200086204570747,0.001611160306000143,1.3425371443015888
full_clean,10,0.18843304584428613,0.3157771020379724,0.676760559363356,0.7576781427393935,0.040714787245556175,0.20160707001505035,0.11525585066834862,-0.696509672002176,0.9579192356912207,0.4995814842508078,0.25494925845882604,0.24546925729036623,0.13710943547647145,-0.628192924587362,1.0171189408024142,0.11751847654174585,0.17206443899239052,0.002296226574278953,0.017760540262761294,7.73466367026013
full_clean,11,0.0989217827446628,0.003958138338551986,0.9743970105815614,0.4205246492521107,0.5499368272821312,0.029538523465758137,0.09811306195720443,0.6405282701439459,1.4096584915352284,0.43364397251751874,0.48834088187767527,0.07801514560480599,0.19957149104447017,0.6767835695891308,0.9290951560315296,0.02677689480357867,0.04106396360297062,0.002894461629267371,0.012899831011478556,4.456728975448082
full_clean,12,0.19724382230838983,-0.18205084904787577,1.3211679238219836,0.670078175967422,0.21666911156327548,0.11325271246930249,0.12102172570466557,0.4918054606808345,1.0671619459108022,0.5220423891050944,0.23353606447455771,0.2444215464203479,0.13876488094254377,-0.6617454695106213,0.6116003847625688,0.14785994870244107,0.0986905245748851,0.0023603581422839475,0.027313268769018035,11.571662909845099
full_clean,13,0.09670542796574767,0.35748182417844704,0.7118455446437842,0.4618496130764465,0.09335051948392611,0.4447998674396274,0.14229205828469657,0.5465182120164213,0.5982317432204434,0.24189150681681856,0.18344107960747086,0.5746674135757106,0.1967133757822957,0.550490071418936,0.9703078390281473,0.0643242877702651,0.14663873750641862,0.004128096290465811,0.0035190730001710756,0.8524687295445782
full_clean,14,0.1366467062716608,-0.15108169447688444,0.7983650595459899,0.37516814436862816,0.3371308605947606,0.2877009950366113,0.1589655117118297,-0.6486069470357789,0.7553713438739502,0.18320096661502405,0.08070749621216584,0.7360915371728101,0.08821444618286038,-0.20274495330259334,0.7896595271312484,0.05609811844859919,0.29892702809079924,0.002255594140983041,0.0014255875916899452,0.6320230957279578
full_clean,15,0.14176009925330824,0.5629097107502531,1.0064445627050411,0.07448859413572616,0.5442981553389723,0.38121325052530153,0.14149566889756987,0.45259518231307294,1.2369363984650383,0.1323422858203229,0.5563338726869383,0.31132384149273873,0.09485562054651549,0.6425430186660883,1.3176899946763492,0.014270547045785953,0.046592939355041864,0.005987992802510079,0.0219374227680629,3.663568660080395
full_clean,16,0.11225227340559764,0.3485672072702493,1.4016743025729301,0.17291974163595647,0.47138999430981066,0.3556902640542329,0.14149566889756987,0.45259518231307294,1.2369363984650383,0.1323422858203229,0.5563338726869383,0.31132384149273873,0.16483156558611445,0.549603765682672,1.3856461319542908,0.04266545038408104,0.05662925225141847,0.0013102164675715495,0.025030082640843537,19.103776559331536
full_clean,17,0.07590746721484133,-0.5071633445270407,0.9809304355666644,0.36082516396173475,0.11291366752414768,0.5262611685141175,0.08464220068171224,-0.14088695476709734,0.930254405052745,0.3609253643580924,0.25183903004898067,0.3872356055929269,0.08999362460752484,0.06810120959510617,0.7308046326570682,0.017740912431039525,0.0926837086141271,0.0005022834382291313,0.0023040524389668655,4.5871559036270755
full_clean,18,0.21955866645405347,0.01916405663718026,1.0508256354962873,0.07473504639326885,0.4580888097902958,0.4671761438164353,0.21748096028007483,-0.12831049609627868,1.4162317291368718,0.09879322311181736,0.34106132224234065,0.560145454645842,0.19206235481473535,-0.377016723843952,0.6427866062601602,0.040871987906395825,0.07801832503197012,0.00791436426676635,0.02614117697544336,3.3030040183030542
full_clean,19,0.139043825574408,-0.24323911532783446,1.3541688967258276,0.2883109621133981,0.12766492884806144,0.5840241090385404,0.11409569068563417,-0.27869687405575566,1.1507813663700044,0.3903145353395113,0.16277796797664104,0.44690749668384766,0.21623277762055287,0.05567791289911849,0.6670626572797924,0.056654294106308546,0.09141107490312854,0.002527174391796605,0.00511252425946538,2.0230199688873913
full_clean,20,0.17363409704838387,0.5047012006927183,1.125915849576595,0.08191802894819751,0.5229214699115634,0.39516050114023904,0.12551305690661171,0.2475657977473271,1.3426837523265462,0.12242260468475841,0.47857908654891296,0.39899830876632864,0.16483156558611445,0.549603765682672,1.3856461319542908,0.07096909325827457,0.029561588908433648,0.004189221722625994,0.03183108035084836,7.59832791349492
full_clean,21,0.1735807463792175,0.5026613119698086,1.1496867930511057,0.15510803525848388,0.5936090025476962,0.25128296219381985,0.13499376508916444,0.29314859784926595,1.3973143616664379,0.19878876891552716,0.5840636914412376,0.2171475396432352,0.16483156558611445,0.549603765682672,1.3856461319542908,0.05154273113040176,0.02912048910469552,0.0033476145665915133,0.025137451658590788,7.509063889689466
full_clean,22,0.1966745743072272,0.04915447798308825,1.3136316841020108,0.4634408614048446,0.08271733949393881,0.4538417991012166,0.098718238581842,0.26075560060474484,1.1491808345486474,0.3101930475024783,0.3022494302677872,0.38755752222973444,0.20858934416541317,0.1764181207733121,1.215815980499597,0.1807330607492791,0.14635472718256562,0.0032177076262998447,0.004058254904321436,1.2612254982868554
full_clean,23,0.17567820569017922,0.557120105722711,0.559252207492658,0.4966432669878003,0.3917135905919456,0.11164314242025414,0.13466959045686516,-0.6088148154191569,1.4016586904713466,0.49258047962449364,0.45144494388532325,0.05597457649018306,0.13876488094254377,-0.6617454695106213,0.6116003847625688,0.05199154789909457,0.0672445926883654,0.003196599102360541,0.030494575014489295,9.539693292152418
full_clean,24,0.0645923151245706,-0.5314770604809239,1.3487744051370834,0.5004289166838677,0.29520319481319973,0.20436788850293258,0.11889311424485574,0.4385680122631987,1.2814937970780713,0.7855407962204997,0.088626066823987,0.12583313695551335,0.1019893232211992,-0.6249004815355238,1.4368459196769838,0.09331891338723292,0.19007458635775465,0.001313360780630885,0.010009927112688976,7.621612629456329
full_clean,25,0.06051562871208183,-0.41500123968314245,0.9620897912975411,0.20180988447924028,0.5122932921419739,0.28589682337878575,0.08302072203128545,0.35623141734236696,0.8613816705627917,0.22393645619155692,0.46806835729691887,0.30799518651152424,0.16483156558611445,0.549603765682672,1.3856461319542908,0.04150879899229432,0.029483289896703402,0.0012271527437668825,0.010144234916540528,8.266481062008356
full_clean,26,0.18396352906330424,0.1782761556337222,1.423852764559558,0.09589956761017222,0.24109231759001767,0.66300811479981,0.21734248476761497,-0.045257615086343024,1.4389597798595515,0.1102585632269088,0.17219921994766452,0.7175422168254266,0.2158442860710749,0.004964491459897191,0.5544650690711633,0.06207079363590732,0.045928731761568774,0.0004599788216678839,0.008952227862039556,19.462260957099645
full_clean,27,0.1602135304829349,-0.6483919057667055,0.9925124344095706,0.13689977127053002,0.8276603281364289,0.03543990059304114,0.08172991409502277,0.6299865273706254,0.6346603118473939,0.3101610695673819,0.5360852304922863,0.15375369994033183,0.16483156558611445,0.549603765682672,1.3856461319542908,0.14364429900156261,0.1943833984294284,0.0018699962050934358,0.008231826617465373,4.402055252862967
full_clean,28,0.10068544972155444,-0.10278163876748307,1.2543311433431255,0.49458690988834353,0.056755747698916316,0.44865734241274013,0.11724226038356363,-0.6995897104657888,1.2990556039296042,0.44558476944568953,0.19979678229162517,0.35461844826268524,0.1019893232211992,-0.6249004815355238,1.4368459196769838,0.03893439048500009,0.0953606897284726,0.0030836702101326393,0.02293032500812594,7.436049721782546
full_clean,29,0.07022319799494436,0.20581012553479067,0.7558953057313548,0.6130640023979759,0.14428940098953974,0.2426465966124844,0.08752910420280859,-0.4298845726638974,1.3610766517625448,0.6833239230012981,0.20866832794953155,0.10800774904917038,0.1019893232211992,-0.6249004815355238,1.4368459196769838,0.05321165033403442,0.08975923170887601,0.00046935290522456217,0.007961567930625713,16.96286065773151
full_clean,30,0.15397113252757377,-0.04966551790324842,0.5785566004217987,0.11126073087478675,0.3925866259838082,0.49615264314140506,0.20502165849676002,-0.1432932803545396,0.6421797447531075,0.0844600782344995,0.23578024868039085,0.6797596730851097,0.16337978491479585,-0.5055141005678832,0.5789180465155999,0.07820271614343692,0.1224046866291364,0.0026906614951016363,0.0021616240617499194,0.8033801597433076
full_clean,31,0.0883888528225989,-0.6458623058209931,0.7710384538757745,0.06800228258710025,0.4984135473615222,0.4335841700513775,0.11632873958709627,-0.1970292135692168,0.9609425241088444,0.1548623829333081,0.5500403721664511,0.2950972449002408,0.2087532626839395,0.5957829503434754,1.2295946261161328,0.048159137618645424,0.09232461676742447,0.0014410306261483045,0.01869080910514408,12.970445433975465
full_clean,32,0.16032357764062324,0.40484320105212274,0.876980015897041,0.42951876897636604,0.20534640935428497,0.3651348216693491,0.14229205828469657,0.5465182120164213,0.5982317432204434,0.24189150681681856,0.18344107960747086,0.5746674135757106,0.15196162017539597,0.4360574964202097,0.9108482595820376,0.042910749705035334,0.13968839460424104,0.0015513832679380705,0.001981598053181633,1.2773104455453854
full_clean,33,0.14632106476132503,-0.40061237742307093,0.7273836393983697,0.3763053486904383,0.41821443520234935,0.20548021610721234,0.18773572734019653,-0.5597517189792399,1.1480110517572009,0.4168424242355598,0.18679229400441266,0.3963652817600276,0.11601455613187638,-0.5260486603001003,1.046042487712656,0.1028681035079052,0.12725671043521017,0.004527471364677343,0.002717424237169608,0.6002079346918784
full_clean,34,0.13246717257964388,-0.43568136984252737,1.2906910655569863,0.29714450504021933,0.5731586331926078,0.12969686176717288,0.15738964844804043,0.6680906334697596,0.6758750856540645,0.2934774626260355,0.559607359573979,0.14691517779998553,0.19957149104447017,0.6767835695891308,0.9290951560315296,0.09458023406345883,0.011478877355208436,0.00302387113582574,0.021982989122845634,7.269816779689805
full_clean,35,0.139187406699773,0.21815936532413183,1.1669122661619924,0.34873795156834697,0.4812688928924463,0.16999315553920674,0.1650042887954095,-0.5404393393755749,1.1354833278320084,0.22370604807355782,0.5974794168367726,0.1788145350896696,0.19957149104447017,0.6767835695891308,0.9290951560315296,0.06818963220568232,0.08335460232985946,0.003161183357284913,0.026197787070245507,8.287335503609112
full_clean,36,0.09560494325300135,-0.5773176036576046,0.5720225584045896,0.2415001277508495,0.6751311177016724,0.08336875454747805,0.08172991409502277,0.6299865273706254,0.6346603118473939,0.3101610695673819,0.5360852304922863,0.15375369994033183,0.2087532626839395,0.5957829503434754,1.2295946261161328,0.06769312204768087,0.09269725813959077,0.0017605989620556011,0.008500310947127897,4.828079040330282
full_clean,37,0.11695620086780018,0.08864375776170469,0.6990154119758188,0.4552086288632843,0.20122305716035568,0.34356831397636,0.07779084874955704,0.4005075911856641,0.6722342006132693,0.1342389716304812,0.1524261579198365,0.7133348704496822,0.12015527633669697,0.12061197879107642,1.248743381941719,0.057686217555167806,0.2465110376488815,0.001828103528415599,0.0006777494132746333,0.3707390761736742
full_clean,38,0.11875017497789214,-0.4918473423028651,0.6259487723973663,0.3273985059179591,0.41728589170993013,0.2553156023721107,0.18773572734019653,-0.5597517189792399,1.1480110517572009,0.4168424242355598,0.18679229400441266,0.3963652817600276,0.13710943547647145,-0.628192924587362,1.0171189408024142,0.14817411187959698,0.09403311959194456,0.005097865662909344,0.0015313331980170075,0.30038712262634987
full_clean,39,0.2195154373325435,0.30294179532848625,1.3321635835768142,0.7087377336699427,0.04027118025057029,0.25099108607948695,0.17794679184240159,-0.11211254840041686,1.3411946632155978,0.5512174419792588,0.093102413626676,0.3556801443940652,0.1019893232211992,-0.6249004815355238,1.4368459196769838,0.07532445658992819,0.1050135277937893,0.005228519836653253,0.03590941352924366,6.86798838889537
full_noisy,0,0.1075849488436478,0.0700380856781843,0.7792792916673089,0.7273733189723175,0.2362181144808257,0.03640856654685681,0.09430081133414149,0.6757025500135259,0.7662200711927406,0.6800588047520116,0.2543234590070651,0.06561773624092326,0.13710943547647145,-0.628192924587362,1.0171189408024142,0.036661268088582194,0.03154300948020391,0.0013461669595392905,0.008906278137832497,6.616027881772232
full_noisy,1,0.21151067406514554,0.4754005770842337,0.9088872308070411,0.17640013811671568,0.21793339133452477,0.6056664705487596,0.1101984558808526,0.11248076239823547,1.436396244174273,0.4241321424650493,0.03846002117992369,0.5374078363550271,0.19396243485567127,0.3794208423110398,0.6573407521734577,0.13494442613678134,0.13746583408701632,0.006674549529376571,0.008309063367607119,1.2448875135372943
full_noisy,2,0.10126045930355118,0.2243513164782512,1.3611619731702793,0.05313099993966554,0.3965211043914113,0.5503478956689232,0.10240557637763971,-0.24791245389595792,1.3532401341148643,0.1273937281572063,0.3082298656359845,0.5643764062068093,0.1975695410674559,-0.21613481076791255,0.7738571950940594,0.019667377744890736,0.058860825836951236,0.0019160211967710935,0.004242234269462057,2.2140852494800844
full_noisy,3,0.15490223485824298,0.10130530387596579,0.5976225701472535,0.49509130655100764,0.23590606009980777,0.2690026333491846,0.14703049351498537,0.43320605641092097,0.9379262360420865,0.5553768106065974,0.2553033868050673,0.1893198025883353,0.13876488094254377,-0.6617454695106213,0.6116003847625688,0.026513257719027055,0.05312188717389953,0.0015353617144089036,0.030097567529194926,19.602916528879412
full_noisy,4,0.1068013013761627,-0.6572739544635497,0.9730660480080849,0.28540398124519467,0.4350708873057288,0.2795251314490765,0.08180611357674185,-0.4748659579339945,0.9201762486369613,0.34816921013767904,0.4160880776429656,0.2357427122193554,0.07620779101478183,-0.5506417569844945,1.245263537114628,0.04551494109077734,0.04184348592832288,0.0015406114179286582,0.001434736488459448,0.9312773303916193
full_noisy,5,0.13490119925054783,0.3728260765015781,1.0325472335147323,0.40780486436716196,0.4092843956107358,0.18291074002210228,0.12087632392475811,0.6548693109325036,0.7554646129038286,0.1297455666564943,0.8121788310105197,0.05807560233298603,0.16483156558611445,0.549603765682672,1.3856461319542908,0.034155723106967184,0.2685962902665226,0.0030013680751922894,0.0023811383677654428,0.7933510013139224
full_noisy,6,0.07248919506527736,0.34596880125256696,1.092785493842805,0.23942030328113226,0.4769272117525174,0.2836524849663503,0.10085442547620754,0.6079398382088052,0.8698573412570245,0.1812221948657803,0.5072000814686638,0.3115777236655559,0.16483156558611445,0.549603765682672,1.3856461319542908,0.039780005967616903,0.03879873894356798,0.0017750529682769624,0.011799635419791229,6.647483557206235
full_noisy,7,0.20801228482784784,-0.35206028646339044,0.7764913313595826,0.39439127444805955,0.4399897327362734,0.16561899281566705,0.18773572734019653,-0.5597517189792399,1.1480110517572009,0.4168424242355598,0.18679229400441266,0.3963652817600276,0.11601455613187638,-0.5260486603001003,1.046042487712656,0.03342419757451214,0.16879829248790715,0.006273641423170849,0.005297769726088139,0.8444489202907806
full_noisy,8,0.07120060910065558,-0.48183734977488635,1.1797272790660738,0.09007384175208535,0.2853836141356864,0.6245425441122283,0.1155395149312633,-0.24604424013239787,0.9316966962890505,0.07634795905345125,0.20762678989652184,0.7160252510500269,0.15659762750493156,-0.37571063059474846,1.1005176395627705,0.060105515298476735,0.06098847129186576,0.0013252892658908106,0.0024539905709059172,1.8516641114243353
full_noisy,9,0.16253882391476704,-0.39963614972853334,1.1358782766270934,0.6794122045711286,0.09988968163183615,0.22069811379703524,0.10256439883695723,-0.3945665981690582,1.2650237737254482,0.5268032072297143,0.16081043947609736,0.31238635329418835,0.1019893232211992,-0.6249004815355238,1.4368459196769838,0.09493573805744564,0.10173933156094288,0.0008481891826305365,0.018435934861738505,21.73564016056195
full_noisy,10,0.12057783420131868,0.2390353052014318,1.1480568218202016,0.4252434075940929,0.1702330966597833,0.40452349574612373,0.1665332005363087,0.435674633797495,0.5517707206230298,0.1744993331848731,0.2227297853810773,0.6027708814340496,0.12355047412386196,0.26841333207159485,0.7981039094699032,0.08473602810600334,0.13500908147534374,0.002578487708385708,0.001987687701235284,0.7708734444500023
full_noisy,11,0.20037333844147048,-0.3669245638032883,0.992620682942192,0.4508909075940039,0.5030775949935784,0.04603149741241763,0.21908967462958007,-0.6812360665031115,1.0952530947335888,0.3149744854836368,0.5992457703940584,0.08577974412230482,0.21472018130540177,0.6431500059987969,0.574662504364543,0.050853134981082855,0.09061094807357807,0.009597409566502745,0.044836283135427576,4.671706758448335
full_noisy,12,0.15312734484112883,-0.5764034090576143,0.9636411185619842,0.11999491673322445,0.290328117880436,0.5896769653863395,0.12905655634725544,-0.32080485890921834,0.9692841422196233,0.04168867380402713,0.3950734363629585,0.5632378898330144,0.1821681748931911,-0.47563235311113544,0.6694547540123024,0.0426892184921654,0.06983021232168164,0.002321498331239354,0.006236046606743667,2.686216278008046
full_noisy,13,0.1779183134737913,-0.013006608564546274,1.401102919308245,0.45398659424604393,0.3828542820909416,0.1631591236630145,0.1034474490424841,0.4130377954051476,0.6331771948985838,0.5975237191573983,0.245253037953687,0.15722324288891468,0.13876488094254377,-0.6617454695106213,0.6116003847625688,0.17066079062469167,0.0956914166075696,0.002820019689133041,0.01745765835876055,6.190615769823777
full_noisy,14,0.18712398373151748,0.19950379495306714,1.2026392120547127,0.4042155831577182,0.48718145936511625,0.10860295747716553,0.19824954431044395,0.5801517152646827,1.3288908353051925,0.422766533252128,0.46465369588273403,0.11257977086513798,0.21472018130540177,0.6431500059987969,0.574662504364543,0.03989234410306691,0.015018508988254816,0.0015039482780037578,0.0398936682527777,26.52595759857509
full_noisy,15,0.08395746165472126,0.4478364760190063,0.7468091874251411,0.13419037707827347,0.14270671533383208,0.7231029075878944,0.07779084874955704,0.4005075911856641,0.6722342006132693,0.1342389716304812,0.1524261579198365,0.7133348704496822,0.12293144169015614,0.10562668777427568,1.4137617004836613,0.012056806617555982,0.006512024758808105,0.0011388502415992207,0.002305433273611338,2.024351569152721
full_noisy,16,0.21761496089457796,-0.3569855811526813,0.5581193694512175,0.09510146925252336,0.336141043855782,0.5687574868916947,0.14370567596107853,-0.6614059403021859,0.5542372694520895,0.08918603686213523,0.33935759304388136,0.5714563700939834,0.1821681748931911,-0.47563235311113544,0.6694547540123024,0.10246209460804905,0.003943621593592077,0.007531576891610619,0.012507441254013315,1.6606670069245768
full_noisy,17,0.12068416774985773,-0.1834874816571881,1.349662028330323,0.282934056824376,0.3060682714639652,0.4109976717116588,0.06996305513192885,-0.5504512680071114,1.3376279180713257,0.35771898132535546,0.15321554753300892,0.4890654711416357,0.11308892629963278,-0.2001619957070446,0.5817678004877604,0.08881831075549203,0.08647900619424474,0.002023617150542321,0.0033239869086176045,1.6425967272153184
full_noisy,18,0.20299273110241747,-0.13013627515013695,1.1236066859928482,0.10405761437135469,0.7560881982004154,0.13985418742822986,0.11632873958709627,-0.1970292135692168,0.9609425241088444,0.1548623829333081,0.5500403721664511,0.2950972449002408,0.2087532626839395,0.5957829503434754,1.2295946261161328,0.15367695821064783,0.1373652173559762,0.0019849695121972395,0.019365943774588078,9.756292807314287
full_noisy,19,0.2123246092162902,-0.1748950084460622,1.162277843255397,0.49314607423743095,0.1574712559567193,0.34938266980584975,0.21017152162508887,0.11270693831847191,1.3147707956594787,0.5282633601397817,0.1628795884458769,0.3088570514143414,0.13710943547647145,-0.628192924587362,1.0171189408024142,0.027067229391352032,0.027017078927672245,0.004863227854618147,0.048560170977879506,9.985172899469744
full_noisy,20,0.06397496612502734,0.6735706616933612,1.0045594417502068,0.24328270999878138,0.4224899532764286,0.3342273367247901,0.17697339913807128,0.15201029323673357,0.9170666176832163,0.04524814785290947,0.9318610047425759,0.022890847404514636,0.0750664121537911,0.6656096834173434,1.294648533236646,0.17172715157001442,0.3395807009774316,0.0028458263833691117,0.004529912594977628,1.5917740525037802
full_noisy,21,0.1020586938060288,0.24011907323899703,0.9171460624883204,0.49766972744757637,0.2240621055079649,0.2782681670444588,0.12069840257398377,-0.4548127390763185,0.7955577052514298,0.46665668055776116,0.2623387817415708,0.27100453770066796,0.13710943547647145,-0.628192924587362,1.0171189408024142,0.05228931736023804,0.025517784155737317,0.002427578778145202,0.021106888937430773,8.694625742921327
full_noisy,22,0.11875332305562913,-0.44295036961284273,1.1146681719642615,0.29937346868414066,0.11001904739183276,0.5906074839240265,0.06996305513192885,-0.5504512680071114,1.3376279180713257,0.35771898132535546,0.15321554753300892,0.4890654711416357,0.15002415967298674,0.012913229299493989,0.6377805919946473,0.07336523583669154,0.0676946751882606,0.0031958796969485006,0.0022653433221497547,0.7088324771150668
full_noisy,23,0.21253358757677882,0.358313707985357,0.8637726442954795,0.19001828690167813,0.6643593701973439,0.14562234290097797,0.1459337522337921,-0.4533982988898181,0.8966595666681116,0.19885300880953832,0.5660514744617755,0.23509551672868612,0.19957149104447017,0.6767835695891308,0.9290951560315296,0.114195415265894,0.06553859715704559,0.003604854153083936,0.022562770558337875,6.25899678605181
full_noisy,24,0.18463458958931928,0.36091504667814356,0.8367956091090155,0.21811559634984626,0.13543201826289866,0.6464523853872551,0.14009022383584324,-0.06061789643927648,0.7122135165136975,0.4136503668964503,0.16108542162630016,0.4252642114772496,0.19396243485567127,0.3794208423110398,0.6573407521734577,0.07811611352480337,0.14745878260667036,0.003202244475260944,0.0036782203416015967,1.1486382036155645
full_noisy,25,0.11857037092361347,0.6735569454274404,1.21652343042548,0.38044415319906993,0.06459561119722204,0.5549602356037081,0.17580279604404145,0.22812869895112844,0.6024002767122572,0.4263164099076426,0.15035394390255608,0.4233296461898013,0.1924848663749407,0.4533084292835367,0.6315892569084989,0.047362625840859734,0.08775372627593785,0.002359854169234589,0.008536875885972687,3.6175438284568218
full_noisy,26,0.06579357680799312,-0.6869374752313977,1.2856034856134033,0.20980164645159294,0.28266914381447666,0.5075292097339303,0.12278332271958754,-0.337806622013735,1.378292293797418,0.06717764024357964,0.19540236061282554,0.7374199991435948,0.11308892629963278,-0.2001619957070446,0.5817678004877604,0.10365561551994834,0.15326052627310963,0.0012832653260781326,0.004468614063284472,3.4822214646298306
full_noisy,27,0.21262752033060972,0.2711610467350384,1.1226995148360155,0.28381989286814946,0.24213601193788842,0.4740440951939621,0.17555009867448165,0.2956520780327816,1.252236015578478,0.27650225681107415,0.28493992274539237,0.4385578204435334,0.21623277762055287,0.05567791289911849,0.6670626572797924,0.050277215909907656,0.028535940538335986,0.005817365620724256,0.021155184963424563,3.636557566204815
full_noisy,28,0.12355842686382773,0.6216473888686308,0.5553112613239126,0.18403050788387532,0.4424164920512146,0.3735530000649101,0.1692874299938017,0.3185021123964474,0.9445844196310798,0.37153241504718143,0.3666776397893538,0.2617899451634647,0.08412558830082599,0.5931770403792269,0.7082378763484043,0.08946538829320212,0.1250012714422041,0.003237810809170461,0.0021904156253256184,0.6765113079250022
full_noisy,29,0.07626025688798245,0.28820280904030915,0.755319298343673,0.7221022509892773,0.08451670838825305,0.1933810406224697,0.12229154712457818,-0.6115888459694468,1.3832894113904277,0.4161215712942217,0.2067773229962996,0.37710110570947875,0.1019893232211992,-0.6249004815355238,1.4368459196769838,0.11148978369909764,0.20398711979670373,0.003970703864578012,0.005382674789465639,1.3555971366899415
full_noisy,30,0.164636968207991,0.07217578118819232,1.2309595538227485,0.2942379353941487,0.31275282208948796,0.3930092425163634,0.21117706732901456,-0.4960050043041584,0.5539978350120979,0.42457492339000863,0.11028275902567634,0.46514231758431496,0.1815195763291672,0.14527731324234816,0.6798063313666718,0.08561065756845061,0.12263678424564821,0.0027647258213224024,0.004920551911896575,1.779761260211696
full_noisy,31,0.1605651842096486,-0.661898982251214,1.0380525519035277,0.352585961997673,0.43149512579784033,0.21591891220448667,0.18773572734019653,-0.5597517189792399,1.1480110517572009,0.4168424242355598,0.18679229400441266,0.3963652817600276,0.13710943547647145,-0.628192924587362,1.0171189408024142,0.05294667886346197,0.16313522119561846,0.00224589904120589,0.005146757760967042,2.2916247197841964
full_noisy,32,0.1869888848109379,-0.6078385744047943,0.9269435063609922,0.3783401249737422,0.3361413968401794,0.28551847818607845,0.08132257951058243,-0.5009820488322518,0.7717474749818902,0.5060553308060377,0.3875314922681048,0.1064131769258575,0.13876488094254377,-0.6617454695106213,0.6116003847625688,0.1781921120376413,0.11940353417348061,0.006301813155247955,0.008227355517284624,1.3055537056716982
full_noisy,33,0.17672197475312196,0.5988290794668478,0.743341658097797,0.12358738409062607,0.7160382745239402,0.16037434138543372,0.10609802680603521,0.19204129230068745,1.201030912620655,0.19096038899954373,0.6581127909095303,0.15092682009092595,0.16483156558611445,0.549603765682672,1.3856461319542908,0.09253597952384507,0.0449153366059451,0.0013657740572394072,0.012506068900692497,9.156762668322013
full_noisy,34,0.09270922958337326,-0.02916469027182955,0.8995018984611439,0.19960283069207876,0.17212857327339282,0.6282685960345284,0.07023736235475478,-0.6869957089722262,1.300730091078725,0.2685892010281233,0.06767810170309979,0.6637326972687769,0.0945998025343647,-0.018273913419943777,0.939241713936536,0.03219239445566089,0.06963364771352867,0.0013607885538920164,0.002340720285460198,1.7201204983430092
full_noisy,35,0.21655716045881074,-0.6066943990832541,0.5698013754411212,0.6484368627141444,0.019073091049704394,0.33249004623615125,0.09841760637335213,-0.4693598948127297,0.9876645969691666,0.5138220874044138,0.11583433917678908,0.3703435734187971,0.1019893232211992,-0.6249004815355238,1.4368459196769838,0.15693343784425334,0.08974318353982036,0.0027451790628393673,0.015734273592788724,5.731601921994335
full_noisy,36,0.08752684869753986,-0.5863502398167886,1.2499378695488197,0.08867821658044715,0.468051290285415,0.44327049313413786,0.07693717134762494,-0.4236584687974584,1.1925343530971115,0.21938996266680869,0.40990708938176434,0.370702947951427,0.06761241218136878,-0.37689139304413927,1.1141198949500561,0.02280078868970252,0.08714116405757434,0.001124237419993547,0.0009276503558513728,0.8251374125731354
full_noisy,37,0.06958696205907076,-0.505735223398646,1.1106375963815462,0.4989195456820769,0.3221597076878377,0.17892074663008534,0.13041364021820523,-0.6962108025919518,0.7346017697658055,0.4415345269547352,0.23869900689866375,0.319766466146601,0.1014375554610495,-0.6641454475963553,1.1132619529137044,0.08386482546732299,0.09389714634434376,0.0036009827286890166,0.011091201114588597,3.0800484062933813
full_noisy,38,0.1105701239697607,0.5278384505159243,1.1914120485699486,0.18411233026331675,0.4889516438088168,0.32693602592786647,0.10229507248463957,-0.14999589771179972,1.339084827427337,0.10994090557762676,0.513018183147534,0.3770409112748392,0.16483156558611445,0.549603765682672,1.3856461319542908,0.035795803576377905,0.04944761645712664,0.004578292832633137,0.01979370577725787,4.323381334669634
full_noisy,39,0.1524675644421038,-0.16257869448086243,0.9904887442370157,0.29415997240335,0.5832050125167111,0.1226350150799389,0.15738964844804043,0.6680906334697596,0.6758750856540645,0.2934774626260355,0.559607359573979,0.14691517779998553,0.19957149104447017,0.6767835695891308,0.9290951560315296,0.06990399922040122,0.016186775146697734,0.004290128177196666,0.022888492405446093,5.335153510588653
partial_arc_noisy,0,0.08824467229954067,0.45978006879904304,1.10695632527236,0.24581270714625927,0.15660129549792406,0.5975859973558166,0.1665332005363087,0.435674633797495,0.5517707206230298,0.1744993331848731,0.2227297853810773,0.6027708814340496,0.12550721038340396,0.2751724364865805,0.6004133088361727,0.11141655596220063,0.01538861451012131,0.0021306527294187288,0.0021532470570522866,1.0106044158776273
partial_arc_noisy,1,0.1776846366114411,0.07088596854542373,1.093565696506145,0.3134077305226566,0.650012033942939,0.03658023553440437,0.2115184808225872,0.24558933532440366,0.9796988693318465,0.2814413909076387,0.6799248356210349,0.03863377347132635,0.19957149104447017,0.6767835695891308,0.9290951560315296,0.04582451490774878,0.021310893076678567,0.003221014130811771,0.022042695639892536,6.843402339975845
partial_arc_noisy,2,0.08539780077968416,-0.030052344636189176,0.649805166437793,0.6078495015764122,0.06426248531447071,0.32788801310911714,0.12229154712457818,-0.6115888459694468,1.3832894113904277,0.4161215712942217,0.2067773229962996,0.37710110570947875,0.1019893232211992,-0.6249004815355238,1.4368459196769838,0.10183854697719537,0.12781862018812698,0.0014035693001146746,0.008671112888273194,6.177901502665202
partial_arc_noisy,3,0.19345561087578586,0.5540056719522951,1.1612081273485895,0.34320548362955006,0.38644210933814,0.27035240703230995,0.2119042412969173,-0.30423911787475416,0.9587615744510248,0.22304351833744349,0.472181692684848,0.3047747889777085,0.2087532626839395,0.5957829503434754,1.2295946261161328,0.026518890642388254,0.10893239400046434,0.0054892027062990525,0.008353875925617581,1.521874190587135
partial_arc_noisy,4,0.08011387035808928,-0.673292993498827,0.9125375896828686,0.17375807359639395,0.5207932346177867,0.30544869178581935,0.0923394638167232,-0.5271152545855188,0.8841734077495532,0.17972563760432966,0.5059678776366597,0.3143064847590106,0.2087532626839395,0.5957829503434754,1.2295946261161328,0.01654599527590778,0.009883571320751303,0.0033274560884329007,0.015478168918266233,4.651652345487701
partial_arc_noisy,5,0.16458458394808148,-0.12240356500393318,1.0367521161133142,0.23240449839484822,0.3101700826252081,0.45742541897994365,0.13797712210964294,0.0851260021186299,1.4154238492879823,0.12234146503396871,0.33499664598557444,0.5426618889804569,0.2158442860710749,0.004964491459897191,0.5544650690711633,0.03155937708560044,0.07337535557391968,0.00208414631355317,0.010483981689667578,5.03034821571327
partial_arc_noisy,6,0.1996106207188915,-0.23412276776056926,1.0866677347052949,0.3405928602906027,0.5229780314185067,0.1364291082908905,0.19824954431044395,0.5801517152646827,1.3288908353051925,0.422766533252128,0.46465369588273403,0.11257977086513798,0.21472018130540177,0.6431500059987969,0.574662504364543,0.031575616617400624,0.08270722372808753,0.0026025862484074856,0.04173229581945395,16.03493288454506
partial_arc_noisy,7,0.13273123136727608,-0.28834263558371814,0.6126645778825579,0.19118710344813916,0.5166078463353986,0.29220505021646226,0.15738964844804043,0.6680906334697596,0.6758750856540645,0.2934774626260355,0.559607359573979,0.14691517779998553,0.19957149104447017,0.6767835695891308,0.9290951560315296,0.09293055469959695,0.09685991494431784,0.0033232681379527624,0.021855350041008262,6.57646302788912
partial_arc_noisy,8,0.08556235370546511,0.5181598565988516,0.5765452108666158,0.21892396422114457,0.6098818099234893,0.17119422585536614,0.182057591151242,0.34522974132462186,1.0753688855586507,0.3833568004612117,0.40672124584410135,0.20992195369468697,0.16483156558611445,0.549603765682672,1.3856461319542908,0.17750356995240382,0.13544037605292528,0.005120049886347484,0.006854158545642988,1.338689797519253
partial_arc_noisy,9,0.20660711842498292,0.12322108352862642,1.4098399497660354,0.47647241882569497,0.3637162414142427,0.1598113397600623,0.21267121112033363,0.15947387380002723,1.3821323520278255,0.4840697816145195,0.29942814160870945,0.21650207677677102,0.13876488094254377,-0.6617454695106213,0.6116003847625688,0.008128920344317761,0.04285873320368885,0.008246399471061544,0.04997839906324972,6.06063279357677
partial_arc_noisy,10,0.1487835116237132,-0.43344058534534613,1.1991051993927637,0.3549833869473638,0.446044579039151,0.19897203401348523,0.06431525151870032,-0.0396285136885425,0.8198498508208272,0.21494978408990267,0.4469362218954382,0.3381139940146592,0.07453020749727052,0.2404751400300519,1.2739036163556194,0.15931456802431662,0.09335573523830742,0.004503181662198186,0.004886510086669976,1.0851239086554354
partial_arc_noisy,11,0.19901767550140653,0.4311534408727634,1.09369681825942,0.21214766334888377,0.2721984690806447,0.5156538675704715,0.17555009867448165,0.2956520780327816,1.252236015578478,0.27650225681107415,0.28493992274539237,0.4385578204435334,0.2158442860710749,0.004964491459897191,0.5544650690711633,0.03198637688288485,0.051397364751292036,0.0038976184058718147,0.014230731478552755,3.6511351283424682
partial_arc_noisy,12,0.11122575076367326,-0.44386385862114214,0.8993387785601926,0.11711152707778619,0.25279241430321564,0.6300960586189982,0.21946497700945897,-0.404369740763215,0.9396247707357003,0.4016891574136155,0.21720829405177816,0.3811025485346064,0.19655482239655236,-0.33025694382270976,0.936944171228365,0.17488614482249795,0.16599567338959453,0.004777578438959764,0.004108447797224957,0.8599435571212729
partial_arc_noisy,13,0.08687539049002099,-0.10231186311527533,1.4436773715457267,0.4818154767923261,0.3396597020054239,0.17852482120224994,0.17702517583463767,-0.10774241402168484,0.8028338583733997,0.6569596826535832,0.13841270083052026,0.20462761651589656,0.1019893232211992,-0.6249004815355238,1.4368459196769838,0.10982448817287986,0.13416466744993577,0.004202758076051931,0.01944538661941758,4.626815597647859
partial_arc_noisy,14,0.0944677640875526,-0.6540892326389196,0.9850834267575233,0.4330633311610657,0.3430463124799484,0.22389035635898596,0.06688468746541738,-0.6548731031696174,1.0274783880604033,0.4984530994173821,0.3171536869586381,0.18439321362397976,0.13710943547647145,-0.628192924587362,1.0171189408024142,0.04429475396978197,0.04359317883754429,0.0029920867470708172,0.011490321585708976,3.84023678356175
partial_arc_noisy,15,0.106412417313504,-0.23181053661966455,0.9673414444372122,0.3137104364037677,0.19522067088138548,0.49106889271484677,0.15915648015454992,0.2585213153013714,0.6116970591546228,0.18367436596258624,0.4287514721259325,0.38757416191148125,0.1714906199752382,-0.03825622612685033,0.7427876624870742,0.06102270068098644,0.07669402381477651,0.005324858444788862,0.003124405973894511,0.5867585037781033
partial_arc_noisy,16,0.06902574862635673,-0.18287877651500303,1.0121738330285663,0.2814916941326753,0.6248727005067343,0.09363560536059046,0.12087632392475811,0.6548693109325036,0.7554646129038286,0.1297455666564943,0.8121788310105197,0.05807560233298603,0.09485562054651549,0.6425430186660883,1.3176899946763492,0.08028909414189674,0.12487075366919027,0.004577329516546131,0.008825456658467413,1.9280798174055749
partial_arc_noisy,17,0.16168621539762842,-0.06210995007200397,0.8805613315749705,0.5845727718780906,0.10364505674761451,0.31178217137429487,0.20966856530951616,-0.15271776364004974,0.6977146447410986,0.6163421089146364,0.07192780840045278,0.31173008268491087,0.1019893232211992,-0.6249004815355238,1.4368459196769838,0.059176395557498644,0.021179558024363818,0.0018740782393453115,0.026085328531910968,13.919017885306426
partial_arc_noisy,18,0.16027095869484692,0.15313786485053138,0.7048814823970717,0.2120063371320095,0.6926906556390062,0.09530300722898422,0.09811306195720443,0.6405282701439459,1.4096584915352284,0.43364397251751874,0.48834088187767527,0.07801514560480599,0.2087532626839395,0.5957829503434754,1.2295946261161328,0.05418909336871525,0.14775842359033947,0.0029154681222505717,0.014341441800082792,4.9190871581240385
partial_arc_noisy,19,0.07700960207699527,-0.5943854491702791,0.8843161482172633,0.1774598685518033,0.2761845535301641,0.5463555779180327,0.07179512707496015,-0.38128449028350403,1.2093175554101407,0.27970892478427845,0.28886192944151795,0.4314291457742036,0.10804290746043468,-0.1855721284972699,0.5783710088393523,0.01387704793170444,0.07661762142921937,0.006125962546755549,0.006297508059579687,1.0280030299752636
partial_arc_noisy,20,0.18243397910671114,-0.1712754920962164,0.6087150965795113,0.3650173600893967,0.1167579621323573,0.518224677778246,0.06393938631542335,0.6786026927281735,1.4162170980499156,0.2110171172727368,0.28901298256053976,0.4999699001667234,0.12550721038340396,0.2751724364865805,0.6004133088361727,0.14403783433428663,0.06283943676025304,0.005946810301847354,0.004657083508500301,0.7831229301283742
partial_arc_noisy,21,0.19008310496695244,-0.24669694543103768,0.9283917798527462,0.3543240784273858,0.2850801919308235,0.3605957296417907,0.10240557637763971,-0.24791245389595792,1.3532401341148643,0.1273937281572063,0.3082298656359845,0.5643764062068093,0.1975695410674559,-0.21613481076791255,0.7738571950940594,0.11700860314454924,0.13585378437667903,0.004797844929840331,0.0024263049938437905,0.5057072559292858
partial_arc_noisy,22,0.144856039275844,-0.6721481022924044,1.2210564837046072,0.12030722276028598,0.3368823642299539,0.5428104130097602,0.16291398142652663,-0.2810782516246457,1.3560853214491175,0.08823379401263229,0.3496017746049967,0.562164431382371,0.19206235481473535,-0.377016723843952,0.6427866062601602,0.0356717362602248,0.021382285831769123,0.0074440358148317376,0.014067007991329004,1.8897018151499814
partial_arc_noisy,23,0.137781566242119,0.5995634827580778,0.8108354223217813,0.5108914114647755,0.17127336740985957,0.317835221125365,0.14703049351498537,0.43320605641092097,0.9379262360420865,0.5553768106065974,0.2553033868050673,0.1893198025883353,0.13876488094254377,-0.6617454695106213,0.6116003847625688,0.01992542628303036,0.08567694569135313,0.0034988346880591267,0.03220556749020016,9.204655367146035
partial_arc_noisy,24,0.13877963404607857,-0.2935102930687028,0.6806388561595619,0.17457343062335573,0.13950765444010868,0.6859189149365356,0.06964700713479001,0.43431264096532,0.6292994401928749,0.11208911535186238,0.4571066741389235,0.43080421050921414,0.0945998025343647,-0.018273913419943777,0.939241713936536,0.10307908990858461,0.18835549567704515,0.002780880137318867,0.0029642723344312093,1.065947537490471
partial_arc_noisy,25,0.08221022299093571,0.4888247964536331,1.3334840870948619,0.14455273509312594,0.620400001156635,0.2350472637502391,0.08354426821429067,-0.5236561395128152,1.361664509541,0.049581403093851624,0.7366204049149495,0.21379819199119887,0.09485562054651549,0.6425430186660883,1.3176899946763492,0.033258406064111325,0.0774802691722097,0.0011021406160681944,0.011045803836081341,10.022136626709607
partial_arc_noisy,26,0.0644759230787437,0.5341888144955914,1.2397175177619848,0.2888964826142994,0.5171829647574515,0.19392055262824903,0.07337829042773546,-0.37050737418509505,0.7888636310733643,0.18218118568792727,0.6192905696299696,0.19852824468210306,0.2087532626839395,0.5957829503434754,1.2295946261161328,0.03385737689808682,0.0711435312842481,0.001943304021637379,0.01232329430676497,6.341413473935835
partial_arc_noisy,27,0.1274195061578763,-0.2700405599002721,1.0325396976388972,0.6327403197513708,0.2734097602962209,0.09384991995240832,0.13257264002789484,-0.30502816527117477,1.075702135801694,0.6028887286742064,0.25558422812087184,0.14152704320492177,0.13710943547647145,-0.628192924587362,1.0171189408024142,0.011537989410860114,0.03178474883500896,0.0029165852031617077,0.01714475583812141,5.878366186434648
partial_arc_noisy,28,0.18317623111411144,-0.6376144410834863,0.9323152751759761,0.39678902836899166,0.5395457523260698,0.06366521930493851,0.21908967462958007,-0.6812360665031115,1.0952530947335888,0.3149744854836368,0.5992457703940584,0.08577974412230482,0.21472018130540177,0.6431500059987969,0.574662504364543,0.07764877559420381,0.054543028590236554,0.004429940093688288,0.03607943124908539,8.144451276099833
partial_arc_noisy,29,0.20497813036555404,-0.0023151552942565876,0.9867762735353368,0.322113257364911,0.3603816887451619,0.31750505388992706,0.17419509850194423,-0.013801519714685349,1.3334900533235243,0.20363464300162604,0.06683361620771283,0.7295317407906612,0.1995917364833085,0.09469222219569157,0.9801430017127063,0.022109099816547257,0.27468445793382273,0.011618120589296009,0.004153597539079201,0.3575102794944294
partial_arc_noisy,30,0.17596002679210654,0.09147704912268874,0.6475612620966734,0.5182230684682949,0.04051627082158846,0.4412606607101166,0.20966856530951616,-0.15271776364004974,0.6977146447410986,0.6163421089146364,0.07192780840045278,0.31173008268491087,0.1019893232211992,-0.6249004815355238,1.4368459196769838,0.05347668500451486,0.08635371868347051,0.005134818687231909,0.03260542615643706,6.349869029945062
partial_arc_noisy,31,0.15542086669594526,0.6324203240328438,0.8858798766469584,0.15753511218010793,0.09700303076610772,0.7454618570537843,0.1540674572140322,0.5935962262320282,1.1656680162959463,0.1316029675782265,0.0427282984741808,0.8256687339475927,0.15196162017539597,0.4360574964202097,0.9108482595820376,0.01978800908425467,0.0534712512625389,0.0022567820465691064,0.0015801801368978755,0.7001917350858754
partial_arc_noisy,32,0.18358266877614135,-0.2616359833189369,1.3501273164043102,0.5097831836851523,0.23903599129501008,0.25118082501983763,0.1744896635379765,-0.4425732091902054,1.3752141958799964,0.4992429274814376,0.32763675888889215,0.17312031362967023,0.13876488094254377,-0.6617454695106213,0.6116003847625688,0.01676594837861319,0.059067178395921384,0.00828886826221027,0.04051398996105735,4.8877589412012306
partial_arc_noisy,33,0.18215585274141638,0.10894605775424505,0.9246364599648141,0.19232649518839537,0.1965333526595063,0.6111401521520983,0.17419509850194423,-0.013801519714685349,1.3334900533235243,0.20363464300162604,0.06683361620771283,0.7295317407906612,0.21623277762055287,0.05567791289911849,0.6670626572797924,0.0332381002198267,0.08366191932045507,0.006188909134819292,0.005402966534847211,0.8730078947919423
partial_arc_noisy,34,0.14676118317715514,0.10009103387032153,1.0370707883410761,0.3905835541618155,0.353811405823076,0.25560504001510853,0.07047800549941625,-0.2699123784539041,1.2039420255889655,0.28895373279796904,0.40139017051582027,0.30965609668621075,0.06495194210280553,-0.29148671712307056,1.2844370526198805,0.11779997897093579,0.04323844868340465,0.003724158138897382,0.004700090901187445,1.26205459754698
partial_arc_noisy,35,0.17162625104292947,0.49621910982548706,0.5987059362090519,0.7298286829081039,0.05948110104586352,0.2106902160460326,0.1034474490424841,0.4130377954051476,0.6331771948985838,0.5975237191573983,0.245253037953687,0.15722324288891468,0.13876488094254377,-0.6617454695106213,0.6116003847625688,0.0992464060070181,0.12384795793854897,0.004321984240536973,0.019325112236375428,4.471351851568628
partial_arc_noisy,36,0.07953883822530729,-0.31200757885090635,0.6096890481688054,0.5317559341351364,0.26833942017105744,0.19990464569380612,0.06688468746541738,-0.6548731031696174,1.0274783880604033,0.4984530994173821,0.3171536869586381,0.18439321362397976,0.13710943547647145,-0.628192924587362,1.0171189408024142,0.013713972686013607,0.03254284452505379,0.0026866388546665787,0.010683542169964833,3.976545694412172
partial_arc_noisy,37,0.07486716358756172,-0.05851359889790204,0.813670334297416,0.2637768345847552,0.07934500388472818,0.6568781615305166,0.07243673994644748,0.16827404434170323,0.6186637315027095,0.30248075864106216,0.31050053103383873,0.3870187103250991,0.1303914316067376,0.1569217398301579,1.228040269008875,0.009044212742819182,0.1799063008036117,0.0030351472179443286,0.001441007918847036,0.47477364864792776
partial_arc_noisy,38,0.19549659711641512,-0.3851798445416671,1.32514743475588,0.5344078335038184,0.17377944514573762,0.291812721350444,0.17794679184240159,-0.11211254840041686,1.3411946632155978,0.5512174419792588,0.093102413626676,0.3556801443940652,0.1019893232211992,-0.6249004815355238,1.4368459196769838,0.033485455975882726,0.05378468767937442,0.006217143416375009,0.03945060439673207,6.34545509965641
partial_arc_noisy,39,0.11554939394793277,0.01870141773192304,0.5976954406563574,0.23791837984191613,0.578470518052197,0.18361110210588694,0.1418808114763863,-0.09312233727807386,1.0309480855447524,0.1524833221975933,0.6883859021389502,0.15913077566345646,0.16483156558611445,0.549603765682672,1.3856461319542908,0.06380691469907822,0.07327692272450219,0.004722965279328713,0.016269142087877234,3.4446880562690922
sparse_full_noisy,0,0.11017829838491255,-0.045610735715362644,1.4227892650713347,0.2763000362110178,0.582669748796847,0.1410302149921353,0.17015758878230802,-0.05723090048820403,1.2424269096805893,0.23768329636038565,0.7208891265722883,0.04142757706732603,0.19957149104447017,0.6767835695891308,0.9290951560315296,0.09320971994494713,0.09214625185029425,0.006601391218861099,0.017825865184846433,2.700319462042401
sparse_full_noisy,1,0.09198749143574154,-0.5876546749264188,0.6232255218589496,0.3025062540556513,0.31675258515910304,0.3807411607852456,0.18316515638231123,-0.3517551799710371,0.7563986467555246,0.09584938057963215,0.4782661898172801,0.4258844296030878,0.13876488094254377,-0.6617454695106213,0.6116003847625688,0.1409688408341068,0.1377712489840128,0.0036425394807150665,0.007194655729493352,1.9751757716242984
sparse_full_noisy,2,0.1937332280327907,0.07099028460376837,0.9648348470406828,0.1018928064624157,0.6484206819396634,0.24968651159792088,0.14282618666033067,0.513703008449241,1.2915409197546663,0.2814679390445866,0.5333950030579965,0.18513705789741686,0.19957149104447017,0.6767835695891308,0.9290951560315296,0.05637373605059989,0.11971675505478062,0.005824562488204637,0.026927557282336742,4.623103853185184
sparse_full_noisy,3,0.10503071151205014,0.11541489234289702,1.1163135095937815,0.6212688622074587,0.27499894852870255,0.10373218926383876,0.1968587100146858,-0.5797578598097815,1.1525424923426875,0.39263207341366757,0.2842389920329366,0.3231289345533958,0.13710943547647145,-0.628192924587362,1.0171189408024142,0.1649239173089443,0.15242452586252742,0.004294943367862214,0.014832683619744125,3.4535225145767217
sparse_full_noisy,4,0.08223429252515498,0.6594074785906235,0.7836133775666153,0.48679865993720633,0.2942428561339957,0.21895848392879802,0.0885560333953689,-0.45051314575389195,1.1819581874557121,0.4016606436114697,0.3565586330969251,0.24178072329160522,0.1019893232211992,-0.6249004815355238,1.4368459196769838,0.04785320243030389,0.05675867755049108,0.0010079198967662146,0.002743722065880784,2.722162817386257
sparse_full_noisy,5,0.14562053858162252,-0.3509425658179814,0.9225589878699345,0.5210418745774661,0.18050719396825565,0.29845093145427826,0.20966856530951616,-0.15271776364004974,0.6977146447410986,0.6163421089146364,0.07192780840045278,0.31173008268491087,0.1019893232211992,-0.6249004815355238,1.4368459196769838,0.07941929410562365,0.07238625704520192,0.00296396026132462,0.025102047606794714,8.469090471400715
sparse_full_noisy,6,0.12158262063496458,0.5123924153475741,0.8121853498180568,0.16756335623417115,0.1177929286037512,0.7146437151620776,0.1709047301096213,-0.19826453625467255,1.1808671759504779,0.25530264320111945,0.43884084515782135,0.30585651164105926,0.07325371868488677,0.42941266049934645,0.6259602767112046,0.10206825548871234,0.2725248023473456,0.009700834920276064,0.0028529410296884027,0.2940923181493758
sparse_full_noisy,7,0.1626357796417471,-0.5928597070838739,0.8663712490072542,0.14200520990248314,0.23704745755178872,0.6209473325457282,0.14370567596107853,-0.6614059403021859,0.5542372694520895,0.08918603686213523,0.33935759304388136,0.5714563700939834,0.21534386778340747,-0.4833851276557275,1.0281225958185152,0.047806729404879546,0.06820675699472845,0.0111572362439932,0.006736164745456579,0.6037485088731697
sparse_full_noisy,8,0.0992144219671532,0.07397028927078413,1.333702267133767,0.44141674104357925,0.060456959106518986,0.4981262998499018,0.1101984558808526,0.11248076239823547,1.436396244174273,0.4241321424650493,0.03846002117992369,0.5374078363550271,0.19396243485567127,0.3794208423110398,0.6573407521734577,0.025754645517378577,0.026187691003416835,0.0034671801364190135,0.005170549558947034,1.4912837970649258
sparse_full_noisy,9,0.18395645226037993,-0.1102333764292967,1.3950199280588294,0.28440535164338526,0.5805285784488593,0.13506606990775538,0.1986655879477071,-0.45349378167013693,0.6431920165070591,0.09915952543577986,0.5827251906436716,0.31811528392054855,0.19957149104447017,0.6767835695891308,0.9290951560315296,0.05944163641819008,0.12349721747173696,0.0026640377542839974,0.032310373588081615,12.128346730868888
sparse_full_noisy,10,0.10913964495073786,-0.08761052765565948,0.7181008571149877,0.25594556277661995,0.431022888962487,0.313031548260893,0.08567322175899271,-0.5246656523605812,0.8792280348373076,0.04963621301579746,0.0872707528898671,0.8630930340943355,0.12619265153670234,-0.2814036836620496,1.4372705542270698,0.03218971795959035,0.366707657222295,0.004159074570189133,0.004655047677150689,1.1192508329897535
sparse_full_noisy,11,0.07787966172978171,0.01863052229402049,0.8816588978762662,0.5603377793194468,0.159066859039644,0.28059536164090915,0.08559601531376464,0.4814117442262673,0.6323499305727227,0.5400011256697691,0.20524752639523372,0.2547513479349972,0.1019893232211992,-0.6249004815355238,1.4368459196769838,0.02704249343208716,0.030787111570393138,0.00751171732815216,0.011092761811350417,1.4767278009487044
sparse_full_noisy,12,0.13394227377096196,0.11857388746584065,1.3377655162785635,0.24857789210864276,0.4767802359711458,0.2746418719202114,0.14282618666033067,0.513703008449241,1.2915409197546663,0.2814679390445866,0.5333950030579965,0.18513705789741686,0.2087532626839395,0.5957829503434754,1.2295946261161328,0.028623365051693123,0.05966987601519635,0.005847131837204299,0.028940887482224658,4.949586957844655
sparse_full_noisy,13,0.20286776773494028,0.10131123000949853,0.5929698950192518,0.22425588237449853,0.24656406617100798,0.5291800514544934,0.06996305513192885,-0.5504512680071114,1.3376279180713257,0.35771898132535546,0.15321554753300892,0.4890654711416357,0.15002415967298674,0.012913229299493989,0.6377805919946473,0.16532951023375878,0.07410327676956495,0.005605385581266067,0.001608886686683667,0.28702515881526103
sparse_full_noisy,14,0.18152911511706138,-0.06772919284287061,1.3064790302162177,0.43714433932512525,0.18599142011466466,0.37686424056021006,0.07359569235119753,-0.31406043309395393,1.4194874034464686,0.7754075901648156,0.21320228708628558,0.011390122748898779,0.0850098869647406,-0.6288759165013879,1.0138847575443968,0.18504212462943725,0.24364941187420755,0.001576474780278134,0.005228023025600288,3.316274444097304
sparse_full_noisy,15,0.1830204341444241,-0.26843394759460754,1.1897187638999773,0.10770969732315341,0.6074724932267618,0.28481780945008484,0.12551305690661171,0.2475657977473271,1.3426837523265462,0.12242260468475841,0.47857908654891296,0.39899830876632864,0.16483156558611445,0.549603765682672,1.3856461319542908,0.08856315196234595,0.08592893778523254,0.013719736849485744,0.03562740665025896,2.596799562638432
sparse_full_noisy,16,0.21705380231380483,0.4400325809117663,1.22290624926794,0.27188378140601827,0.15422940557702142,0.5738868130169603,0.21749961540254062,0.1848464473460074,1.1129148739306731,0.34240898433891087,0.22338813034207003,0.43420288531901907,0.21623277762055287,0.05567791289911849,0.6670626572797924,0.021833674041497997,0.09312261846529417,0.010763490179037868,0.025188988501975682,2.340224971917732
sparse_full_noisy,17,0.08696581747061159,-0.5424996336517308,0.6967355317894054,0.5607470840440272,0.17412224750191424,0.2651306684540586,0.06722779265399008,-0.09314590027647741,1.3020531059711495,0.5681861088846735,0.11562728935876511,0.31618660175656144,0.1019893232211992,-0.6249004815355238,1.4368459196769838,0.03552084695679384,0.038996638762099425,0.004661308309822703,0.008696047275008967,1.8655807977095016
sparse_full_noisy,18,0.09759320241685078,-0.5194256811224145,0.8805463246438447,0.48230751307860453,0.085844658762823,0.4318478281585725,0.08159392489120718,-0.4710261402353857,1.3444384348246186,0.49812235972929503,0.040369399093154165,0.46150824117755085,0.1019893232211992,-0.6249004815355238,1.4368459196769838,0.020254745328772517,0.030316839779779236,0.006078404431107326,0.014423293583739895,2.372874945590343
sparse_full_noisy,19,0.1932291240692625,-0.46112772315961714,1.219630136186539,0.06318248060886068,0.6921396887495568,0.24467783064158255,0.17275395663547777,-0.37250957943010315,0.8918093272657547,0.09253546751596717,0.5486931623771032,0.3587713701069296,0.19957149104447017,0.6767835695891308,0.9290951560315296,0.0650732630340568,0.09563101758163571,0.008633228250940633,0.031916874718136146,3.696980294093191
sparse_full_noisy,20,0.21862328114528284,-0.04363246337690125,1.1408758080718409,0.6217580416583861,0.25086653391128233,0.12737542443033156,0.17676685501998426,0.0903538636578442,1.0757038584828482,0.5427203499600957,0.3393853850088387,0.11789426503106565,0.13876488094254377,-0.6617454695106213,0.6116003847625688,0.0758152517233532,0.05901256739837091,0.004216529075841177,0.036745945253395404,8.714737783721974
sparse_full_noisy,21,0.11952174375161922,-0.35137217926231007,0.934938829959664,0.21891173557587543,0.23592679375425304,0.5451614706698715,0.16020530170351874,-0.2144652931093033,1.0102788627217798,0.12191930022863598,0.3067103508536152,0.5713703489177488,0.19206235481473535,-0.377016723843952,0.6427866062601602,0.06902029456225514,0.06466162356482631,0.01063661261250569,0.009433441347043665,0.8868839818376547
sparse_full_noisy,22,0.0763946168347371,-0.48179720248520674,0.5739312904034957,0.721746721789978,0.1227251510313448,0.1555281271786772,0.18773572734019653,-0.5597517189792399,1.1480110517572009,0.4168424242355598,0.18679229400441266,0.3963652817600276,0.1014375554610495,-0.6641454475963553,1.1132619529137044,0.2122085805123377,0.2032695317029455,0.006546182120185996,0.005821996392939247,0.8893728109070432
sparse_full_noisy,23,0.21948892048185656,-0.4301460575854834,1.14424907079929,0.10522281592653344,0.3895658005621354,0.5052113835113311,0.21748096028007483,-0.12831049609627868,1.4162317291368718,0.09879322311181736,0.34106132224234065,0.560145454645842,0.19206235481473535,-0.377016723843952,0.6427866062601602,0.03110647611185689,0.03662271408967391,0.01666788532722082,0.03348798579087289,2.0091322404398033
sparse_full_noisy,24,0.1380354944045408,0.5919947812024458,1.3662800129568247,0.2467351696452916,0.575069346295294,0.17819548405941432,0.11632873958709627,-0.1970292135692168,0.9609425241088444,0.1548623829333081,0.5500403721664511,0.2950972449002408,0.2087532626839395,0.5957829503434754,1.2295946261161328,0.0685268964808481,0.07793450722721766,0.001176285416988473,0.020235871420341525,17.203198414335034
sparse_full_noisy,25,0.06824479920492882,-0.10023850657095647,1.4098709306359871,0.30442092292838835,0.4778527114239511,0.21772636564766062,0.06041408058013985,0.626709075490201,1.1456637714562565,0.2100550535354474,0.5428935247429776,0.24705142172157502,0.09485562054651549,0.6425430186660883,1.3176899946763492,0.023658458727159482,0.06291057959529395,0.00965002931360055,0.014913089052530608,1.545393134869799
sparse_full_noisy,26,0.08192338211173682,-0.07494563201821597,1.0617849547419482,0.4676282626331323,0.3518977124392292,0.18047402492763853,0.18773572734019653,-0.5597517189792399,1.1480110517572009,0.4168424242355598,0.18679229400441266,0.3963652817600276,0.13710943547647145,-0.628192924587362,1.0171189408024142,0.18896328121076703,0.14392750455492603,0.004844561386004349,0.00927860138914609,1.9152613931059723
sparse_full_noisy,27,0.13508196412231316,0.03483521722366871,1.419927996259196,0.26432864745453377,0.46518802376861096,0.27048332877685527,0.17275395663547777,-0.37250957943010315,0.8918093272657547,0.09253546751596717,0.5486931623771032,0.3587713701069296,0.2087532626839395,0.5957829503434754,1.2295946261161328,0.05838232267218599,0.11452878662571107,0.009463312497521954,0.026642477580397526,2.815343737974845
sparse_full_noisy,28,0.18007182304017252,-0.4109696557590037,1.4470317871126797,0.267999058024306,0.3429421468460943,0.3890587951295997,0.14802602706252724,-0.3501409840447113,1.1077604322737766,0.32510317032489433,0.30354780312674734,0.37134902654835833,0.17158794422304363,-0.3573094447306217,0.9094771595593929,0.08691080446655097,0.02369916340162755,0.002036132610683956,0.003002303350541375,1.474512678981588
sparse_full_noisy,29,0.13066047914175338,0.6897814582022633,1.1615772548819119,0.3297317499383382,0.38567192645622295,0.28459632360543885,0.2144375097693287,-0.5914896896321784,1.244591170743251,0.1608108467557733,0.46643537348497127,0.37275377975925544,0.16483156558611445,0.549603765682672,1.3856461319542908,0.1522257259942841,0.11261393545504328,0.009524637201714743,0.007856491861922586,0.8248599600736669
sparse_full_noisy,30,0.09449516707910507,0.00815084127638408,0.7852835849052755,0.18144566593329503,0.2295901105173543,0.5889642235493506,0.12003314216207628,-0.1829399486563481,0.6227394101566989,0.3977820849159971,0.26798901037919054,0.33422890470481237,0.16070180470554096,-0.021412405529694655,0.969696278045545,0.031518093371048335,0.16982354589635884,0.0025930305980040036,0.004147490184165918,1.5994759905102802
sparse_full_noisy,31,0.161495250292211,0.5816801097180606,1.1974700492296868,0.2901689986949825,0.1902498661712577,0.5195811351337598,0.16705331963546702,0.4402835828066992,1.3897293562251798,0.40187042291897146,0.11201705312486451,0.486112523956164,0.2094724842694532,0.39953779135809575,0.7030489754884327,0.02350543505514796,0.07446761614932597,0.013203555585214006,0.013273000045651599,1.00525952725305
sparse_full_noisy,32,0.10198774351186612,0.32271849006833847,0.7479059889184985,0.4789268810323734,0.24932804264017105,0.2717450763274555,0.18773572734019653,-0.5597517189792399,1.1480110517572009,0.4168424242355598,0.18679229400441266,0.3963652817600276,0.13710943547647145,-0.628192924587362,1.0171189408024142,0.16934344583823635,0.08308013695504805,0.005988195772510598,0.008876657002566785,1.482359184600469
sparse_full_noisy,33,0.14311554093001674,-0.1936527069982083,1.0312843037292183,0.3372721456784138,0.28927811410850734,0.37344974021307886,0.18082014005203775,-0.10108971510181075,0.569091949718401,0.3620290413815478,0.3401044230639101,0.2978665355545421,0.19243197187297004,0.048929678766815726,0.7636412205735307,0.02735711748305696,0.05038880310569116,0.0030890077425589366,0.008066338960194895,2.611304222084187
sparse_full_noisy,34,0.19999995544374724,-0.384741041880348,1.3100257366590509,0.37102357758135096,0.29030851302419663,0.3386679093944524,0.18773572734019653,-0.5597517189792399,1.1480110517572009,0.4168424242355598,0.18679229400441266,0.3963652817600276,0.13710943547647145,-0.628192924587362,1.0171189408024142,0.03360746593876494,0.069010812679856,0.0032045686185131683,0.0018369301328720394,0.5732222809210197
sparse_full_noisy,35,0.10277719255122028,0.5649187089891194,0.6188886681859732,0.7110724404598957,0.015760865242053584,0.27316669429805074,0.11889311424485574,0.4385680122631987,1.2814937970780713,0.7855407962204997,0.088626066823987,0.12583313695551335,0.1019893232211992,-0.6249004815355238,1.4368459196769838,0.058972796558169754,0.0982223715616916,0.0017674121646861613,0.010761880295321885,6.089060893859394
sparse_full_noisy,36,0.1346469124841296,0.5805647887945776,1.0218491498608073,0.2775727991265409,0.2840799346010928,0.4383472662723663,0.20478291175562072,0.10767314547827235,1.0879185145986592,0.40080659343818015,0.163781474551567,0.43541193201025286,0.2094724842694532,0.39953779135809575,0.7030489754884327,0.11473528370045198,0.07781777255805823,0.012741954498037084,0.007636535458832106,0.5993221416705361
sparse_full_noisy,37,0.06296885878139134,-0.1279702075953071,1.0750698780810817,0.1689423457537552,0.33391242888403166,0.4971452253622131,0.11668450121617292,0.06057372476598461,0.9853202953507104,0.2618729706188635,0.3660026206979103,0.3721244086832262,0.16070180470554096,-0.021412405529694655,0.969696278045545,0.08330517181632217,0.0833472111193246,0.004874899527354884,0.005454286225245057,1.118851002905602
sparse_full_noisy,38,0.1562112289982014,-0.6174577144074619,0.7411490406822934,0.3403796998851787,0.11259040911261385,0.5470298910022074,0.11409569068563417,-0.27869687405575566,1.1507813663700044,0.3903145353395113,0.16277796797664104,0.44690749668384766,0.1815195763291672,0.14527731324234816,0.6798063313666718,0.06351772026679682,0.06674826287890655,0.00888422903219947,0.009622204480821071,1.0830657838678999
sparse_full_noisy,39,0.1801683362063336,-0.17698668211057791,1.1604507502333383,0.7907420997543878,0.08666051629888784,0.12259738394672436,0.1883527155622091,0.05467076537473052,0.7423224908012966,0.7709330366225354,0.10577797974132164,0.12328898363614293,0.13710943547647145,-0.628192924587362,1.0171189408024142,0.033723071464717584,0.013206042087901585,0.006195847579266202,0.015558762642412549,2.5111596828944642
sparse_partial_high_noise,0,0.16271470183491993,-0.016011418379980078,0.7792670235834093,0.41491905604489854,0.06451224106592984,0.5205687028891717,0.13295628945828664,0.33424867936882385,0.5578974132839185,0.37271898828915634,0.5601529441174833,0.06712806759336032,0.21472018130540177,0.6431500059987969,0.574662504364543,0.05477809779143892,0.3022937568638742,0.029274974581688623,0.01165292491524817,0.3980507270034327
sparse_partial_high_noise,1,0.13085192150324873,-0.21657190933066628,0.9087902622889298,0.17831946067222681,0.2012197670130918,0.6204607723146813,0.195773183490977,-0.5014197971832997,0.7239033203117929,0.3348323576483635,0.24712083618396521,0.4180468061676713,0.19206235481473535,-0.377016723843952,0.6427866062601602,0.09084563030967525,0.13494264409800671,0.01643065939207788,0.012483117411187239,0.759745370730893
sparse_partial_high_noise,2,0.09023858683710786,0.13169804929624615,0.6240007687113223,0.6433221524731533,0.061887455241448196,0.29479039228539855,0.1320163455179307,0.5820026451318441,1.1163206161146932,0.6201939181275055,0.22154162879434333,0.1582644530781512,0.13876488094254377,-0.6617454695106213,0.6116003847625688,0.0944749717476287,0.10643611570193008,0.0181255778442125,0.016562439831828316,0.9137606521668332
sparse_partial_high_noise,3,0.11125529918834448,-0.5069202050002563,0.7521553174233546,0.22830506925467872,0.40886941161765267,0.3628255191276686,0.12682011583633945,-0.42909328086868376,0.6141618987575717,0.21459042915928025,0.24528966706969815,0.5401199037710216,0.11308892629963278,-0.2001619957070446,0.5817678004877604,0.015767015985056382,0.11819625642890201,0.004439913042526128,0.009773256714847293,2.201227055853939
sparse_partial_high_noise,4,0.20719183150786397,-0.4742254999482098,0.6225257900095883,0.48249254806063824,0.11598669500690448,0.40152075693245726,0.20550655199037196,-0.6702972229030179,1.2662790416913237,0.6274061370551505,0.24043979712801403,0.1321540658168355,0.13876488094254377,-0.6617454695106213,0.6116003847625688,0.06754343713597595,0.17957779407708116,0.009629672107516717,0.028308973324577217,2.939765031301516
sparse_partial_high_noise,5,0.13055829915351325,-0.5717879668162273,0.6547409593754264,0.09879076546965687,0.4048254602540205,0.4963837742763226,0.12905655634725544,-0.32080485890921834,0.9692841422196233,0.04168867380402713,0.3950734363629585,0.5632378898330144,0.13876488094254377,-0.6617454695106213,0.6116003847625688,0.021492573290885303,0.04456941037112785,0.00651984962722424,0.010184126125906239,1.562018559965167
sparse_partial_high_noise,6,0.09916490472181276,-0.12417437596823716,1.2616432629511454,0.5155909784919049,0.27802706012954087,0.2063819613785542,0.13257264002789484,-0.30502816527117477,1.075702135801694,0.6028887286742064,0.25558422812087184,0.14152704320492177,0.1019893232211992,-0.6249004815355238,1.4368459196769838,0.04697806986399466,0.058198500121534304,0.0035475888974173,0.020048387819221292,5.6512714406725175
sparse_partial_high_noise,7,0.21460315141961123,-0.4489190687580331,0.6869754597358584,0.5233799840067105,0.415681106172295,0.060938909820994536,0.1690003711601193,-0.1776204310548846,1.2375574129161833,0.4924615098241307,0.4693056672468797,0.03823282292898955,0.16337978491479585,-0.5055141005678832,0.5789180465155999,0.06957901106539778,0.035749707383056495,0.008561749403166147,0.052326470325551266,6.1116563755300835
sparse_partial_high_noise,8,0.17139461749286017,-0.055687740037061915,1.4237728119245283,0.5491280244828576,0.09155057708596857,0.35932139843117383,0.19593788957624064,-0.5792229078020638,1.2642340064032616,0.532606209088604,0.12643806665474933,0.34095572425664666,0.1019893232211992,-0.6249004815355238,1.4368459196769838,0.05780508661240805,0.023258326379187164,0.005006589383449809,0.03959975739322268,7.9095276964647585
sparse_partial_high_noise,9,0.11522575660698237,0.24951356951821263,1.4021175816659925,0.294645287817377,0.055604971997664954,0.6497497401849581,0.14229205828469657,0.5465182120164213,0.5982317432204434,0.24189150681681856,0.18344107960747086,0.5746674135757106,0.20448013198469242,0.43737503466125816,1.0237455766254115,0.050035658143140906,0.08522407173987061,0.00759420502003421,0.008240711294721004,1.0851315276557916
sparse_partial_high_noise,10,0.12992554735856132,-0.33806090159235724,0.6790634551384448,0.38793951029253626,0.31837544259837747,0.2936850471090863,0.12517095461729277,0.04035800158880595,0.6692223659179779,0.2606013936431153,0.24573435229751844,0.49366425405936626,0.12153128073335752,0.10577083023285894,0.6200383679786622,0.024286418958829974,0.13331947130018665,0.01206515611714285,0.0136069517282272,1.1277891140499774
sparse_partial_high_noise,11,0.2035436756939964,0.46017773975676296,0.6518229329756434,0.022482419499074206,0.2885698945208034,0.6889476859801223,0.1001017420314312,-0.31635580288501575,0.9595438249680798,0.0978765713379939,0.3391443812883864,0.5629790473736197,0.13876488094254377,-0.6617454695106213,0.6116003847625688,0.14120970502805863,0.08397909240433514,0.004580129217398841,0.011201219354529088,2.445612082728643
sparse_partial_high_noise,12,0.18581576008864759,-0.27867555478763284,1.3000569953495418,0.536562243626294,0.2864347977278157,0.17700295864589027,0.13043386788111924,-0.4177018245704486,1.3860331200325466,0.5127661077220819,0.08880944567551334,0.3984244466024048,0.1019893232211992,-0.6249004815355238,1.4368459196769838,0.09038796338319648,0.147614325304343,0.029598419331178814,0.04128173367588179,1.3947276445399852
sparse_partial_high_noise,13,0.10111782292559308,0.15617943532629242,1.3170116375707832,0.3723524850490889,0.06727920031197179,0.5603683146389393,0.14229205828469657,0.5465182120164213,0.5982317432204434,0.24189150681681856,0.18344107960747086,0.5746674135757106,0.20448013198469242,0.43737503466125816,1.0237455766254115,0.06414440378393982,0.08697398548818024,0.008203610922331173,0.00879500525178597,1.0720895146117857
sparse_partial_high_noise,14,0.13353147897280557,-0.38554623796004606,1.3534285460189404,0.16143199944585587,0.4334982947893306,0.40506970576481355,0.1517466884548377,-0.004367813997286673,1.3786628838684734,0.09246867496649386,0.7979786353287575,0.10955268970474874,0.0750664121537911,0.6656096834173434,1.294648533236646,0.032070860991065514,0.2429868936929512,0.02439039458224459,0.012191980291855033,0.49986810384487984
sparse_partial_high_noise,15,0.09810654164508989,-0.2809032218677818,0.7718330552776896,0.22149563856720944,0.40222086410143804,0.3762834973313525,0.07345612533571522,-0.21357127562142242,1.2709979122817672,0.4697298977601751,0.1808071545630409,0.349462947676784,0.1019893232211992,-0.6249004815355238,1.4368459196769838,0.03727340477245388,0.04500602243915805,0.02449062071403498,0.011930976432461025,0.4871651303481937
sparse_partial_high_noise,16,0.09738936101431464,0.22526829538269155,0.6215167122526216,0.2972548004644478,0.06479985327000523,0.637945346265547,0.07243673994644748,0.16827404434170323,0.6186637315027095,0.30248075864106216,0.31050053103383873,0.3870187103250991,0.0945998025343647,-0.018273913419943777,0.939241713936536,0.03653009196766761,0.16728442396029855,0.008617984332151805,0.011206649951850079,1.300379476212382
sparse_partial_high_noise,17,0.0644081565156148,0.047752520285103725,0.7297771608991679,0.4817685870679614,0.3299163992282113,0.18831501370382736,0.10454728926529226,0.21327168385427356,1.2788119745532003,0.11953103858150615,0.3986744142623374,0.48179454715615644,0.1975695410674559,-0.21613481076791255,0.7738571950940594,0.08734349978723659,0.19565302230155276,0.026501610536207077,0.023007742164680354,0.8681639228395828
sparse_partial_high_noise,18,0.12425286407250004,-0.006105972716489538,1.3396001366316004,0.16947104542432612,0.18699529149228575,0.6435336630833881,0.21924331174640313,0.6570904943396355,1.2144175545371911,0.08132833750976604,0.2971365904830044,0.6215350720072297,0.2158442860710749,0.004964491459897191,0.5544650690711633,0.16721456202937487,0.07342753266047905,0.015166494837891205,0.009013408881402655,0.594297428492443
sparse_partial_high_noise,19,0.08351370317428725,0.08613422497089368,1.25394126932135,0.4789455321225714,0.20387473070829612,0.3171797371691325,0.21017152162508887,0.11270693831847191,1.3147707956594787,0.5282633601397817,0.1628795884458769,0.3088570514143414,0.13710943547647145,-0.628192924587362,1.0171189408024142,0.22685365959619466,0.03287855201147354,0.03391193406293688,0.01962095830634742,0.5785856468679446
sparse_partial_high_noise,20,0.19913443249970197,-0.5626900948064146,0.6952599202979315,0.5013188352229058,0.25025507912554285,0.2484260856515514,0.17794679184240159,-0.11211254840041686,1.3411946632155978,0.5512174419792588,0.093102413626676,0.3556801443940652,0.1019893232211992,-0.6249004815355238,1.4368459196769838,0.06519804811329202,0.10476844366591125,0.021911906153530412,0.03723909423088762,1.699491316271803
sparse_partial_high_noise,21,0.1984494523043864,-0.6738386488882845,1.1490898137411927,0.55402179270253,0.2162850198527165,0.22969318744475345,0.20622085590966704,-0.039833394653993465,0.6105313278473714,0.6976298923376348,0.27368265611674075,0.02868745154562441,0.13876488094254377,-0.6617454695106213,0.6116003847625688,0.05739660943670727,0.1340038239327527,0.01883457541965455,0.033294337415954105,1.7677243406936733
sparse_partial_high_noise,22,0.20909364282812964,0.5211869939129026,0.6478917034682162,0.6404707363424049,0.13632412408341707,0.223205139574178,0.1744896635379765,-0.4425732091902054,1.3752141958799964,0.4992429274814376,0.32763675888889215,0.17312031362967023,0.1019893232211992,-0.6249004815355238,1.4368459196769838,0.11177254974990225,0.1275417565369834,0.00523781837590773,0.03927096946947993,7.497581369013038
sparse_partial_high_noise,23,0.19693490321124732,0.0763483327670668,0.9757814645950308,0.33146310809709145,0.3141336936102636,0.35440319829264494,0.18082014005203775,-0.10108971510181075,0.569091949718401,0.3620290413815478,0.3401044230639101,0.2978665355545421,0.2078505466510599,-0.03968767188126356,0.9403185986104475,0.05548234853311301,0.03769110849206855,0.0071211618313864545,0.005261487864951961,0.7388524498575503
sparse_partial_high_noise,24,0.15679977388281036,-0.46487733192499053,1.3838972361578348,0.5898662846436111,0.106266696262769,0.3038670190936199,0.15609788830599355,-0.36123986660362933,1.2746592998549415,0.5451615226398633,0.07421656231259618,0.3806219150475405,0.1019893232211992,-0.6249004815355238,1.4368459196769838,0.012126819065312535,0.05116993063594708,0.00362434320881395,0.026993891970086625,7.447940334248934
sparse_partial_high_noise,25,0.16604099633297026,0.5788617460075093,0.9803970769751321,0.38219007672064603,0.08396284621878161,0.5338470770605723,0.17580279604404145,0.22812869895112844,0.6024002767122572,0.4263164099076426,0.15035394390255608,0.4233296461898013,0.21472018130540177,0.6431500059987969,0.574662504364543,0.030887950837293843,0.07367828724718069,0.009855674039491176,0.011853095612304266,1.2026671706886332
sparse_partial_high_noise,26,0.21369278514126946,0.08444293423435967,1.2248190336190954,0.06313938540081383,0.06601256795976577,0.8708480466394204,0.182057591151242,0.34522974132462186,1.0753688855586507,0.3833568004612117,0.40672124584410135,0.20992195369468697,0.16483156558611445,0.549603765682672,1.3856461319542908,0.06562343481819354,0.4406173952964889,0.02011897320155429,0.015136815723525956,0.7523652212209598
sparse_partial_high_noise,27,0.18628971083925286,-0.13186862425331963,0.7191698415340159,0.30037585132031347,0.46019753917102746,0.23942660950865913,0.13043386788111924,-0.4177018245704486,1.3860331200325466,0.5127661077220819,0.08880944567551334,0.3984244466024048,0.06823114673748548,0.522729240506221,1.4338981849649084,0.07134529536651979,0.14104427042986672,0.03976446924615027,0.005581106554519286,0.14035410657617695
sparse_partial_high_noise,28,0.07061668903133089,0.33752138159673917,1.0450093836876366,0.18738318413418498,0.2902330901783221,0.5223837256874929,0.13606262076040118,-0.0800133212955421,0.75043809263188,0.21222134945633883,0.6360644991695535,0.1517141513741076,0.2087532626839395,0.5957829503434754,1.2295946261161328,0.08804523861595291,0.24711304954225688,0.0324138341714935,0.01867723434697385,0.5762118189461101
sparse_partial_high_noise,29,0.2091922385713905,-0.3030211738855241,1.1133021103869432,0.596794343356936,0.3331512962583976,0.07005436038466634,0.20622085590966704,-0.039833394653993465,0.6105313278473714,0.6976298923376348,0.27368265611674075,0.02868745154562441,0.13876488094254377,-0.6617454695106213,0.6116003847625688,0.05197564504066402,0.06722369932046586,0.012157182031609145,0.038213639536690415,3.143297471184808
sparse_partial_high_noise,30,0.21683627382093779,-0.6519095402437548,1.440859280713952,0.33883946233456985,0.38704344978512667,0.2741170878803035,0.1233224502069799,0.24309515713387714,1.1921560120834886,0.4396098941440175,0.30400103283528795,0.2563890730206945,0.1019893232211992,-0.6249004815355238,1.4368459196769838,0.19906597388430092,0.035044296239260565,0.011428631936217041,0.009381903742697015,0.8209122312326818
sparse_partial_high_noise,31,0.2190538539689233,0.008591183081257324,1.2731100108525197,0.3565104625558122,0.3808709484160676,0.2626185890281202,0.08713099565932678,0.4337030762408699,0.7982662772245109,0.048623087299825084,0.7858792492552338,0.1654976634449411,0.06823114673748548,0.522729240506221,1.4338981849649084,0.24828149842693525,0.2700055338927774,0.008736055055868039,0.004634061733245142,0.5304524414749912
sparse_partial_high_noise,32,0.15281709896049453,0.47811890329441514,1.1324347863139193,0.7114417446031553,0.23213237889746222,0.05642587649938244,0.08180611357674185,-0.4748659579339945,0.9201762486369613,0.34816921013767904,0.4160880776429656,0.2357427122193554,0.07620779101478183,-0.5506417569844945,1.245263537114628,0.12941410235625642,0.1969024446401265,0.024543487620088213,0.024308241101180735,0.9904151144878475
sparse_partial_high_noise,33,0.09603736205397016,0.11641341769296075,1.2534956008893563,0.45625954730168783,0.22249590226578478,0.3212445504325274,0.06722779265399008,-0.09314590027647741,1.3020531059711495,0.5681861088846735,0.11562728935876511,0.31618660175656144,0.1019893232211992,-0.6249004815355238,1.4368459196769838,0.04838128500239599,0.07461770772199043,0.005693117575861409,0.005563027193372918,0.9771495352493563
sparse_partial_high_noise,34,0.06613193774501322,0.04733223634217858,0.7632687691293134,0.5461652734742816,0.04890261707759485,0.4049321094481236,0.1883527155622091,0.05467076537473052,0.7423224908012966,0.7709330366225354,0.10577797974132164,0.12328898363614293,0.1019893232211992,-0.6249004815355238,1.4368459196769838,0.18244079289669093,0.18776208387465376,0.010818257252384382,0.008666184976014228,0.8010703363616326
sparse_partial_high_noise,35,0.21025550852082275,-0.4248578000128125,0.7963336085061324,0.2765706937407597,0.24641319256726715,0.47701611369197316,0.21748096028007483,-0.12831049609627868,1.4162317291368718,0.09879322311181736,0.34106132224234065,0.560145454645842,0.1821681748931911,-0.47563235311113544,0.6694547540123024,0.07339640909339581,0.09841331297029986,0.020112088023063784,0.014429208440196975,0.717439602673283
sparse_partial_high_noise,36,0.21927266190234945,0.20681087982923002,0.6582988292153263,0.46357070969257813,0.14018118527015727,0.39624810503726465,0.06944828286864277,0.6497306619705598,1.340640094523205,0.39185614727634427,0.3700025918766104,0.2381412608470454,0.0750664121537911,0.6656096834173434,1.294648533236646,0.194412871001549,0.15321427107096874,0.025065786568433394,0.023448818323239133,0.9354910231610051
sparse_partial_high_noise,37,0.0774528640778175,-0.5740854788124516,1.1599478265245344,0.16881118518002955,0.1376232457857087,0.6935655690342617,0.16020530170351874,-0.2144652931093033,1.0102788627217798,0.12191930022863598,0.3067103508536152,0.5713703489177488,0.19206235481473535,-0.377016723843952,0.6427866062601602,0.1254861836578942,0.09193277711572374,0.0190274232165807,0.016752714006235254,0.8804510109196899
sparse_partial_high_noise,38,0.0629734418770966,0.49311682536511103,1.4239035896992291,0.3549798709257875,0.24927963155672583,0.39574049751748674,0.0976054587511204,-0.4017094395015255,1.07628661730037,0.2464425855407557,0.4502255915128647,0.3033318229463796,0.06823114673748548,0.522729240506221,1.4338981849649084,0.0456134190258033,0.06349714705805148,0.00495149480368396,0.004373051408008699,0.8831780263113891
sparse_partial_high_noise,39,0.12815709385139126,0.2959310662559952,1.2459913402686043,0.15903145900401713,0.5354793749059333,0.3054891660900495,0.07082517657832385,-0.22662936507916429,1.1133796001507017,0.04923369648229867,0.49568951620063945,0.45507678731706186,0.2087532626839395,0.5957829503434754,1.2295946261161328,0.105044207346863,0.09972508081800824,0.009025480167566763,0.024179426674861216,2.6790183154742784
